side,location,form,form_arabic,LEM,ROOT,POS,NUMBER,PGN,basis
dunya,2:61:27,>adonaY`,أَدْنَىٰ,>adonaY`,dnw,N,S,MS,root
dunya,2:85:38,d~unoyaA,دُّنْيَا,d~unoyaA,dnw,ADJ,S,FS,lemma+root
dunya,2:86:5,d~unoyaA,دُّنْيَا,d~unoyaA,dnw,ADJ,S,FS,lemma+root
dunya,2:114:24,d~unoyaA,دُّنْيَا,d~unoyaA,dnw,N,S,FS,lemma+root
dunya,2:130:13,d~unoyaA,دُّنْيَا,d~unoyaA,dnw,N,S,FS,lemma+root
dunya,2:200:18,d~unoyaA,دُّنْيَا,d~unoyaA,dnw,N,S,FS,lemma+root
dunya,2:201:7,d~unoyaA,دُّنْيَا,d~unoyaA,dnw,N,S,FS,lemma+root
dunya,2:204:8,d~unoyaA,دُّنْيَا,d~unoyaA,dnw,ADJ,S,FS,lemma+root
dunya,2:212:5,d~unoyaA,دُّنْيَا,d~unoyaA,dnw,ADJ,S,FS,lemma+root
dunya,2:217:50,d~unoyaA,دُّنْيَا,d~unoyaA,dnw,N,S,FS,lemma+root
dunya,2:220:2,d~unoyaA,دُّنْيَا,d~unoyaA,dnw,N,S,FS,lemma+root
dunya,2:282:93,>adonaY`^,أَدْنَىٰٓ,>adonaY`,dnw,N,S,MS,root
dunya,3:14:20,d~unoyaA,دُّنْيَا,d~unoyaA,dnw,ADJ,S,FS,lemma+root
dunya,3:22:6,d~unoyaA,دُّنْيَا,d~unoyaA,dnw,N,S,FS,lemma+root
dunya,3:45:17,d~unoyaA,دُّنْيَا,d~unoyaA,dnw,N,S,FS,lemma+root
dunya,3:56:8,d~unoyaA,دُّنْيَا,d~unoyaA,dnw,N,S,FS,lemma+root
dunya,3:117:7,d~unoyaA,دُّنْيَا,d~unoyaA,dnw,ADJ,S,FS,lemma+root
dunya,3:145:14,d~unoyaA,دُّنْيَا,d~unoyaA,dnw,N,S,FS,lemma+root
dunya,3:148:4,d~unoyaA,دُّنْيَا,d~unoyaA,dnw,N,S,FS,lemma+root
dunya,3:152:24,d~unoyaA,دُّنْيَا,d~unoyaA,dnw,N,S,FS,lemma+root
dunya,3:185:20,d~unoyaA^,دُّنْيَآ,d~unoyaA,dnw,ADJ,S,FS,lemma+root
dunya,4:3:26,>adonaY`^,أَدْنَىٰٓ,>adonaY`,dnw,N,S,MS,root
dunya,4:74:8,d~unoyaA,دُّنْيَا,d~unoyaA,dnw,ADJ,S,FS,lemma+root
dunya,4:77:40,d~unoyaA,دُّنْيَا,d~unoyaA,dnw,N,S,FS,lemma+root
dunya,4:94:21,d~unoyaA,دُّنْيَا,d~unoyaA,dnw,ADJ,S,FS,lemma+root
dunya,4:109:7,d~unoyaA,دُّنْيَا,d~unoyaA,dnw,ADJ,S,FS,lemma+root
dunya,4:134:5,d~unoyaA,دُّنْيَا,d~unoyaA,dnw,N,S,FS,lemma+root
dunya,4:134:9,d~unoyaA,دُّنْيَا,d~unoyaA,dnw,N,S,FS,lemma+root
dunya,5:33:29,d~unoyaA,دُّنْيَا,d~unoyaA,dnw,N,S,FS,lemma+root
dunya,5:41:61,d~unoyaA,دُّنْيَا,d~unoyaA,dnw,N,S,FS,lemma+root
dunya,5:108:2,>adonaY`^,أَدْنَىٰٓ,>adonaY`,dnw,N,S,MS,root
dunya,6:29:6,d~unoyaA,دُّنْيَا,d~unoyaA,dnw,ADJ,S,FS,lemma+root
dunya,6:32:3,d~unoyaA^,دُّنْيَآ,d~unoyaA,dnw,ADJ,S,FS,lemma+root
dunya,6:70:9,d~unoyaA,دُّنْيَا,d~unoyaA,dnw,ADJ,S,FS,lemma+root
dunya,6:99:24,daAniyapN,دَانِيَةٌ,daAniyap,dnw,ADJ,,,root
dunya,6:130:21,d~unoyaA,دُّنْيَا,d~unoyaA,dnw,ADJ,S,FS,lemma+root
dunya,7:32:18,d~unoyaA,دُّنْيَا,d~unoyaA,dnw,ADJ,S,FS,lemma+root
dunya,7:51:8,d~unoyaA,دُّنْيَا,d~unoyaA,dnw,ADJ,S,FS,lemma+root
dunya,7:152:12,d~unoyaA,دُّنْيَا,d~unoyaA,dnw,ADJ,S,FS,lemma+root
dunya,7:156:5,d~unoyaA,دُّنْيَا,d~unoyaA,dnw,N,S,FS,lemma+root
dunya,7:169:10,>adonaY`,أَدْنَىٰ,>adonaY`,dnw,N,S,MS,root
dunya,8:42:4,d~unoyaA,دُّنْيَا,d~unoyaA,dnw,ADJ,S,FS,lemma+root
dunya,8:67:14,d~unoyaA,دُّنْيَا,d~unoyaA,dnw,ADJ,S,FS,lemma+root
dunya,9:38:18,d~unoyaA,دُّنْيَا,d~unoyaA,dnw,ADJ,S,FS,lemma+root
dunya,9:38:24,d~unoyaA,دُّنْيَا,d~unoyaA,dnw,ADJ,S,FS,lemma+root
dunya,9:55:13,d~unoyaA,دُّنْيَا,d~unoyaA,dnw,ADJ,S,FS,lemma+root
dunya,9:69:28,d~unoyaA,دُّنْيَا,d~unoyaA,dnw,N,S,FS,lemma+root
dunya,9:74:37,d~unoyaA,دُّنْيَا,d~unoyaA,dnw,N,S,FS,lemma+root
dunya,9:85:12,d~unoyaA,دُّنْيَا,d~unoyaA,dnw,N,S,FS,lemma+root
dunya,10:7:8,d~unoyaA,دُّنْيَا,d~unoyaA,dnw,ADJ,S,FS,lemma+root
dunya,10:23:18,d~unoyaA,دُّنْيَا,d~unoyaA,dnw,ADJ,S,FS,lemma+root
dunya,10:24:4,d~unoyaA,دُّنْيَا,d~unoyaA,dnw,ADJ,S,FS,lemma+root
dunya,10:64:5,d~unoyaA,دُّنْيَا,d~unoyaA,dnw,ADJ,S,FS,lemma+root
dunya,10:70:3,d~unoyaA,دُّنْيَا,d~unoyaA,dnw,N,S,FS,lemma+root
dunya,10:88:12,d~unoyaA,دُّنْيَا,d~unoyaA,dnw,ADJ,S,FS,lemma+root
dunya,10:98:18,d~unoyaA,دُّنْيَا,d~unoyaA,dnw,ADJ,S,FS,lemma+root
dunya,11:15:5,d~unoyaA,دُّنْيَا,d~unoyaA,dnw,ADJ,S,FS,lemma+root
dunya,11:60:4,d~unoyaA,دُّنْيَا,d~unoyaA,dnw,N,S,FS,lemma+root
dunya,12:101:16,d~unoyaA,دُّنْيَا,d~unoyaA,dnw,N,S,FS,lemma+root
dunya,13:26:9,d~unoyaA,دُّنْيَا,d~unoyaA,dnw,ADJ,S,FS,lemma+root
dunya,13:26:12,d~unoyaA,دُّنْيَا,d~unoyaA,dnw,ADJ,S,FS,lemma+root
dunya,13:34:5,d~unoyaA,دُّنْيَا,d~unoyaA,dnw,ADJ,S,FS,lemma+root
dunya,14:3:4,d~unoyaA,دُّنْيَا,d~unoyaA,dnw,ADJ,S,FS,lemma+root
dunya,14:27:9,d~unoyaA,دُّنْيَا,d~unoyaA,dnw,ADJ,S,FS,lemma+root
dunya,16:30:13,d~unoyaA,دُّنْيَا,d~unoyaA,dnw,N,S,FS,lemma+root
dunya,16:41:11,d~unoyaA,دُّنْيَا,d~unoyaA,dnw,N,S,FS,lemma+root
dunya,16:107:5,d~unoyaA,دُّنْيَا,d~unoyaA,dnw,ADJ,S,FS,lemma+root
dunya,16:122:3,d~unoyaA,دُّنْيَا,d~unoyaA,dnw,N,S,FS,lemma+root
dunya,18:28:18,d~unoyaA,دُّنْيَا,d~unoyaA,dnw,ADJ,S,FS,lemma+root
dunya,18:45:5,d~unoyaA,دُّنْيَا,d~unoyaA,dnw,ADJ,S,FS,lemma+root
dunya,18:46:5,d~unoyaA,دُّنْيَا,d~unoyaA,dnw,ADJ,S,FS,lemma+root
dunya,18:104:6,d~unoyaA,دُّنْيَا,d~unoyaA,dnw,ADJ,S,FS,lemma+root
dunya,20:72:19,d~unoyaA^,دُّنْيَآ,d~unoyaA,dnw,ADJ,S,FS,lemma+root
dunya,20:131:12,d~unoyaA,دُّنْيَا,d~unoyaA,dnw,ADJ,S,FS,lemma+root
dunya,22:9:9,d~unoyaA,دُّنْيَا,d~unoyaA,dnw,N,S,FS,lemma+root
dunya,22:11:20,d~unoyaA,دُّنْيَا,d~unoyaA,dnw,N,S,FS,lemma+root
dunya,22:15:9,d~unoyaA,دُّنْيَا,d~unoyaA,dnw,N,S,FS,lemma+root
dunya,23:33:13,d~unoyaA,دُّنْيَا,d~unoyaA,dnw,ADJ,S,FS,lemma+root
dunya,23:37:5,d~unoyaA,دُّنْيَا,d~unoyaA,dnw,ADJ,S,FS,lemma+root
dunya,24:14:7,d~unoyaA,دُّنْيَا,d~unoyaA,dnw,N,S,FS,lemma+root
dunya,24:19:14,d~unoyaA,دُّنْيَا,d~unoyaA,dnw,N,S,FS,lemma+root
dunya,24:23:9,d~unoyaA,دُّنْيَا,d~unoyaA,dnw,N,S,FS,lemma+root
dunya,24:33:39,d~unoyaA,دُّنْيَا,d~unoyaA,dnw,ADJ,S,FS,lemma+root
dunya,28:42:4,d~unoyaA,دُّنْيَا,d~unoyaA,dnw,N,S,FS,lemma+root
dunya,28:60:7,d~unoyaA,دُّنْيَا,d~unoyaA,dnw,ADJ,S,FS,lemma+root
dunya,28:61:11,d~unoyaA,دُّنْيَا,d~unoyaA,dnw,ADJ,S,FS,lemma+root
dunya,28:77:11,d~unoyaA,دُّنْيَا,d~unoyaA,dnw,N,S,FS,lemma+root
dunya,28:79:10,d~unoyaA,دُّنْيَا,d~unoyaA,dnw,ADJ,S,FS,lemma+root
dunya,29:25:12,d~unoyaA,دُّنْيَا,d~unoyaA,dnw,ADJ,S,FS,lemma+root
dunya,29:27:13,d~unoyaA,دُّنْيَا,d~unoyaA,dnw,N,S,FS,lemma+root
dunya,29:64:4,d~unoyaA^,دُّنْيَآ,d~unoyaA,dnw,ADJ,S,FS,lemma+root
dunya,30:3:2,>adonaY,أَدْنَى,>adonaY`,dnw,N,S,MS,root
dunya,30:7:5,d~unoyaA,دُّنْيَا,d~unoyaA,dnw,ADJ,S,FS,lemma+root
dunya,31:15:16,d~unoyaA,دُّنْيَا,d~unoyaA,dnw,N,S,FS,lemma+root
dunya,31:33:26,d~unoyaA,دُّنْيَا,d~unoyaA,dnw,ADJ,S,FS,lemma+root
dunya,32:21:4,>adonaY`,أَدْنَىٰ,>adonaY`,dnw,ADJ,S,MS,root
dunya,33:28:9,d~unoyaA,دُّنْيَا,d~unoyaA,dnw,ADJ,S,FS,lemma+root
dunya,33:51:17,>adonaY`^,أَدْنَىٰٓ,>adonaY`,dnw,N,S,MS,root
dunya,33:57:9,d~unoyaA,دُّنْيَا,d~unoyaA,dnw,N,S,FS,lemma+root
dunya,33:59:8,yudoniy,يُدْنِي,danaA,dnw,V,P,3FP,root
dunya,33:59:13,>adonaY`^,أَدْنَىٰٓ,>adonaY`,dnw,N,S,MS,root
dunya,35:5:10,d~unoyaA,دُّنْيَا,d~unoyaA,dnw,ADJ,S,FS,lemma+root
dunya,37:6:4,d~unoyaA,دُّنْيَا,d~unoyaA,dnw,ADJ,S,FS,lemma+root
dunya,39:10:11,d~unoyaA,دُّنْيَا,d~unoyaA,dnw,N,S,FS,lemma+root
dunya,39:26:6,d~unoyaA,دُّنْيَا,d~unoyaA,dnw,ADJ,S,FS,lemma+root
dunya,40:39:5,d~unoyaA,دُّنْيَا,d~unoyaA,dnw,ADJ,S,FS,lemma+root
dunya,40:43:10,d~unoyaA,دُّنْيَا,d~unoyaA,dnw,N,S,FS,lemma+root
dunya,40:51:8,d~unoyaA,دُّنْيَا,d~unoyaA,dnw,ADJ,S,FS,lemma+root
dunya,41:12:13,d~unoyaA,دُّنْيَا,d~unoyaA,dnw,ADJ,S,FS,lemma+root
dunya,41:16:13,d~unoyaA,دُّنْيَا,d~unoyaA,dnw,ADJ,S,FS,lemma+root
dunya,41:31:5,d~unoyaA,دُّنْيَا,d~unoyaA,dnw,ADJ,S,FS,lemma+root
dunya,42:20:14,d~unoyaA,دُّنْيَا,d~unoyaA,dnw,ADJ,S,FS,lemma+root
dunya,42:36:7,d~unoyaA,دُّنْيَا,d~unoyaA,dnw,ADJ,S,FS,lemma+root
dunya,43:32:11,d~unoyaA,دُّنْيَا,d~unoyaA,dnw,ADJ,S,FS,lemma+root
dunya,43:35:8,d~unoyaA,دُّنْيَا,d~unoyaA,dnw,ADJ,S,FS,lemma+root
dunya,45:24:6,d~unoyaA,دُّنْيَا,d~unoyaA,dnw,ADJ,S,FS,lemma+root
dunya,45:35:9,d~unoyaA,دُّنْيَا,d~unoyaA,dnw,ADJ,S,FS,lemma+root
dunya,46:20:11,d~unoyaA,دُّنْيَا,d~unoyaA,dnw,ADJ,S,FS,lemma+root
dunya,47:36:3,d~unoyaA,دُّنْيَا,d~unoyaA,dnw,ADJ,S,FS,lemma+root
dunya,53:8:2,danaA,دَنَا,danaA,dnw,V,S,3MS,root
dunya,53:9:5,>adonaY`,أَدْنَىٰ,>adonaY`,dnw,N,S,MS,root
dunya,53:29:11,d~unoyaA,دُّنْيَا,d~unoyaA,dnw,ADJ,S,FS,lemma+root
dunya,55:54:9,daAnK,دَانٍ,daAn,dnw,N,,,root
dunya,57:20:4,d~unoyaA,دُّنْيَا,d~unoyaA,dnw,ADJ,S,FS,lemma+root
dunya,57:20:36,d~unoyaA^,دُّنْيَآ,d~unoyaA,dnw,ADJ,S,FS,lemma+root
dunya,58:7:26,>adonaY`,أَدْنَىٰ,>adonaY`,dnw,N,S,MS,root
dunya,59:3:9,d~unoyaA,دُّنْيَا,d~unoyaA,dnw,N,S,FS,lemma+root
dunya,67:5:4,d~unoyaA,دُّنْيَا,d~unoyaA,dnw,ADJ,S,FS,lemma+root
dunya,69:23:2,daAniyapN,دَانِيَةٌ,daAniyap,dnw,N,,,root
dunya,73:20:6,>adonaY`,أَدْنَىٰ,>adonaY`,dnw,T,S,MS,root
dunya,76:14:1,daAniyapF,دَانِيَةً,daAniyap,dnw,N,,,root
dunya,79:38:3,d~unoyaA,دُّنْيَا,d~unoyaA,dnw,ADJ,S,FS,lemma+root
dunya,87:16:4,d~unoyaA,دُّنْيَا,d~unoyaA,dnw,ADJ,S,FS,lemma+root
akhira,2:4:10,'aAxirapi,ءَاخِرَةِ,A^xir,Axr,N,S,FS,lemma+root
akhira,2:8:8,'aAxiri,ءَاخِرِ,A^xir,Axr,ADJ,S,MS,root
akhira,2:62:12,'aAxiri,ءَاخِرِ,A^xir,Axr,ADJ,S,MS,root
akhira,2:86:6,'aAxirapi,ءَاخِرَةِ,A^xir,Axr,N,S,FS,lemma+root
akhira,2:94:6,'aAxirapu,ءَاخِرَةُ,A^xir,Axr,ADJ,S,FS,lemma+root
akhira,2:102:64,'aAxirapi,ءَاخِرَةِ,A^xir,Axr,N,S,FS,lemma+root
akhira,2:114:28,'aAxirapi,ءَاخِرَةِ,A^xir,Axr,N,S,FS,lemma+root
akhira,2:126:18,'aAxiri,ءَاخِرِ,A^xir,Axr,ADJ,S,MS,root
akhira,2:130:16,'aAxirapi,ءَاخِرَةِ,A^xir,Axr,N,S,FS,lemma+root
akhira,2:177:15,'aAxiri,ءَاخِرِ,A^xir,Axr,ADJ,S,MS,root
akhira,2:184:13,>uxara,أُخَرَ,A^xar,Axr,ADJ,P,FP,root
akhira,2:185:27,>uxara,أُخَرَ,A^xar,Axr,ADJ,P,FP,root
akhira,2:200:22,'aAxirapi,ءَاخِرَةِ,A^xir,Axr,N,S,FS,lemma+root
akhira,2:201:10,'aAxirapi,ءَاخِرَةِ,A^xir,Axr,N,S,FS,lemma+root
akhira,2:203:14,ta>ax~ara,تَأَخَّرَ,ta>ax~ara,Axr,V,S,3MS,root
akhira,2:217:51,'aAxirapi,ءَاخِرَةِ,A^xir,Axr,N,S,FS,lemma+root
akhira,2:220:3,'aAxirapi,ءَاخِرَةِ,A^xir,Axr,N,S,FS,lemma+root
akhira,2:228:21,'aAxiri,ءَاخِرِ,A^xir,Axr,ADJ,S,MS,root
akhira,2:232:24,'aAxiri,ءَاخِرِ,A^xir,Axr,ADJ,S,MS,root
akhira,2:264:18,'aAxiri,ءَاخِرِ,A^xir,Axr,ADJ,S,MS,root
akhira,2:282:71,>uxoraY`,أُخْرَىٰ,A^xar,Axr,N,S,FS,root
akhira,3:7:12,>uxaru,أُخَرُ,A^xar,Axr,N,P,FP,root
akhira,3:13:13,>uxoraY`,أُخْرَىٰ,A^xar,Axr,N,S,FS,root
akhira,3:22:7,'aAxirapi,ءَاخِرَةِ,A^xir,Axr,N,S,FS,lemma+root
akhira,3:45:18,'aAxirapi,ءَاخِرَةِ,A^xir,Axr,N,S,FS,lemma+root
akhira,3:56:9,'aAxirapi,ءَاخِرَةِ,A^xir,Axr,N,S,FS,lemma+root
akhira,3:72:15,'aAxira,ءَاخِرَ,A^xir,Axr,T,S,MS,root
akhira,3:77:14,'aAxirapi,ءَاخِرَةِ,A^xir,Axr,N,S,FS,lemma+root
akhira,3:85:11,'aAxirapi,ءَاخِرَةِ,A^xir,Axr,N,S,FS,lemma+root
akhira,3:114:4,'aAxiri,ءَاخِرِ,A^xir,Axr,ADJ,S,MS,root
akhira,3:145:20,'aAxirapi,ءَاخِرَةِ,A^xir,Axr,N,S,FS,lemma+root
akhira,3:148:7,'aAxirapi,ءَاخِرَةِ,A^xir,Axr,N,S,FS,lemma+root
akhira,3:152:28,'aAxirapa,ءَاخِرَةَ,A^xir,Axr,N,S,FS,lemma+root
akhira,3:153:10,>uxoraY`,أُخْرَىٰ,A^xar,Axr,N,S,FS,root
akhira,3:176:19,'aAxirapi,ءَاخِرَةِ,A^xir,Axr,N,S,FS,lemma+root
akhira,4:38:11,'aAxiri,ءَاخِرِ,A^xir,Axr,ADJ,S,MS,root
akhira,4:39:7,'aAxiri,ءَاخِرِ,A^xir,Axr,ADJ,S,MS,root
akhira,4:59:24,'aAxiri,ءَاخِرِ,A^xir,Axr,ADJ,S,MS,root
akhira,4:74:9,'aAxirapi,ءَاخِرَةِ,A^xir,Axr,N,S,FS,lemma+root
akhira,4:77:34,>ax~aro,أَخَّرْ,>ax~ara,Axr,V,S,2MS,root
akhira,4:77:42,'aAxirapu,ءَاخِرَةُ,A^xir,Axr,N,S,FS,lemma+root
akhira,4:91:2,'aAxariyna,ءَاخَرِينَ,A^xar,Axr,N,P,MP,root
akhira,4:102:20,>uxoraY`,أُخْرَىٰ,A^xar,Axr,ADJ,S,FS,root
akhira,4:133:7,_#aAxariyna,ـَٔاخَرِينَ,A^xar,Axr,N,P,MP,root
akhira,4:134:10,'aAxirapi,ءَاخِرَةِ,A^xir,Axr,N,S,FS,lemma+root
akhira,4:136:24,'aAxiri,ءَاخِرِ,A^xir,Axr,ADJ,S,MS,root
akhira,4:162:22,'aAxiri,ءَاخِرِ,A^xir,Axr,ADJ,S,MS,root
akhira,5:5:41,'aAxirapi,ءَاخِرَةِ,A^xir,Axr,N,S,FS,lemma+root
akhira,5:27:16,'aAxari,ءَاخَرِ,A^xar,Axr,N,S,MS,root
akhira,5:33:32,'aAxirapi,ءَاخِرَةِ,A^xir,Axr,N,S,FS,lemma+root
akhira,5:41:24,'aAxariyna,ءَاخَرِينَ,A^xar,Axr,ADJ,P,MP,root
akhira,5:41:65,'aAxirapi,ءَاخِرَةِ,A^xir,Axr,N,S,FS,lemma+root
akhira,5:69:12,'aAxiri,ءَاخِرِ,A^xir,Axr,ADJ,S,MS,root
akhira,5:106:17,'aAxaraAni,ءَاخَرَانِ,A^xar,Axr,N,D,MD,root
akhira,5:107:7,_#aAxaraAni,ـَٔاخَرَانِ,A^xar,Axr,N,D,MD,root
akhira,5:114:16,'aAxiri,ءَاخِرِ,A^xir,Axr,N,S,MS,root
akhira,6:6:31,'aAxariyna,ءَاخَرِينَ,A^xar,Axr,ADJ,P,MP,root
akhira,6:19:25,>uxoraY`,أُخْرَىٰ,A^xar,Axr,ADJ,S,FS,root
akhira,6:32:8,'aAxirapu,ءَاخِرَةُ,A^xir,Axr,ADJ,S,FS,lemma+root
akhira,6:92:16,'aAxirapi,ءَاخِرَةِ,A^xir,Axr,N,S,FS,lemma+root
akhira,6:113:7,'aAxirapi,ءَاخِرَةِ,A^xir,Axr,N,S,FS,lemma+root
akhira,6:133:18,'aAxariyna,ءَاخَرِينَ,A^xar,Axr,ADJ,P,MP,root
akhira,6:150:24,'aAxirapi,ءَاخِرَةِ,A^xir,Axr,N,S,FS,lemma+root
akhira,6:164:20,>uxoraY`,أُخْرَىٰ,A^xar,Axr,N,S,FS,root
akhira,7:34:8,yasota>oxiru,يَسْتَأْخِرُ,yasota>oxiru,Axr,V,P,3MP,root
akhira,7:38:25,>uxoraY`,أُخْرَىٰ,A^xar,Axr,N,S,FS,root
akhira,7:39:3,>uxoraY`,أُخْرَىٰ,A^xar,Axr,N,S,FS,root
akhira,7:45:9,'aAxirapi,ءَاخِرَةِ,A^xir,Axr,N,S,FS,lemma+root
akhira,7:147:5,'aAxirapi,ءَاخِرَةِ,A^xir,Axr,N,S,FS,lemma+root
akhira,7:156:8,'aAxirapi,ءَاخِرَةِ,A^xir,Axr,N,S,FS,lemma+root
akhira,7:169:35,'aAxirapu,ءَاخِرَةُ,A^xir,Axr,ADJ,S,FS,lemma+root
akhira,8:60:15,'aAxariyna,ءَاخَرِينَ,A^xar,Axr,N,P,MP,root
akhira,8:67:17,'aAxirapa,ءَاخِرَةَ,A^xir,Axr,N,S,FS,lemma+root
akhira,9:18:9,'aAxiri,ءَاخِرِ,A^xir,Axr,N,S,MS,root
akhira,9:19:11,'aAxiri,ءَاخِرِ,A^xir,Axr,N,S,MS,root
akhira,9:29:8,'aAxiri,ءَاخِرِ,A^xir,Axr,N,S,MS,root
akhira,9:38:20,'aAxirapi,ءَاخِرَةِ,A^xir,Axr,N,S,FS,lemma+root
akhira,9:38:26,'aAxirapi,ءَاخِرَةِ,A^xir,Axr,N,S,FS,lemma+root
akhira,9:44:7,'aAxiri,ءَاخِرِ,A^xir,Axr,N,S,MS,root
akhira,9:45:8,'aAxiri,ءَاخِرِ,A^xir,Axr,N,S,MS,root
akhira,9:69:29,'aAxirapi,ءَاخِرَةِ,A^xir,Axr,N,S,FS,lemma+root
akhira,9:74:38,'aAxirapi,ءَاخِرَةِ,A^xir,Axr,N,S,FS,lemma+root
akhira,9:99:7,'aAxiri,ءَاخِرِ,A^xir,Axr,N,S,MS,root
akhira,9:102:1,'aAxaruwna,ءَاخَرُونَ,A^xar,Axr,N,P,MP,root
akhira,9:102:7,'aAxara,ءَاخَرَ,A^xar,Axr,N,S,MS,root
akhira,9:106:1,'aAxaruwna,ءَاخَرُونَ,A^xar,Axr,N,P,MP,root
akhira,10:10:8,'aAxiru,ءَاخِرُ,A^xir,Axr,N,S,MS,root
akhira,10:49:19,yasota_#oxiru,يَسْتَـْٔخِرُ,yasota>oxiru,Axr,V,P,3MP,root
akhira,10:64:7,'aAxirapi,ءَاخِرَةِ,A^xir,Axr,N,S,FS,lemma+root
akhira,11:8:2,>ax~aro,أَخَّرْ,>ax~ara,Axr,V,P,1P,root
akhira,11:16:6,'aAxirapi,ءَاخِرَةِ,A^xir,Axr,N,S,FS,lemma+root
akhira,11:19:9,'aAxirapi,ءَاخِرَةِ,A^xir,Axr,N,S,FS,lemma+root
akhira,11:22:5,'aAxirapi,ءَاخِرَةِ,A^xir,Axr,N,S,FS,lemma+root
akhira,11:103:8,'aAxirapi,ءَاخِرَةِ,A^xir,Axr,N,S,FS,lemma+root
akhira,11:104:2,nu&ax~iru,نُؤَخِّرُ,>ax~ara,Axr,V,P,1P,root
akhira,12:36:12,'aAxaru,ءَاخَرُ,A^xar,Axr,N,S,MS,root
akhira,12:37:24,'aAxirapi,ءَاخِرَةِ,A^xir,Axr,N,S,FS,lemma+root
akhira,12:41:9,'aAxaru,ءَاخَرُ,A^xar,Axr,N,S,MS,root
akhira,12:43:14,>uxara,أُخَرَ,A^xar,Axr,N,P,FP,root
akhira,12:46:15,>uxara,أُخَرَ,A^xar,Axr,N,P,FP,root
akhira,12:57:2,'aAxirapi,ءَاخِرَةِ,A^xir,Axr,N,S,FS,lemma+root
akhira,12:101:17,'aAxirapi,ءَاخِرَةِ,A^xir,Axr,N,S,FS,lemma+root
akhira,12:109:24,'aAxirapi,ءَاخِرَةِ,A^xir,Axr,N,S,FS,lemma+root
akhira,13:26:14,'aAxirapi,ءَاخِرَةِ,A^xir,Axr,N,S,FS,lemma+root
akhira,13:34:7,'aAxirapi,ءَاخِرَةِ,A^xir,Axr,N,S,FS,lemma+root
akhira,14:3:6,'aAxirapi,ءَاخِرَةِ,A^xir,Axr,N,S,FS,lemma+root
akhira,14:10:14,yu&ax~ira,يُؤَخِّرَ,>ax~ara,Axr,V,S,3MS,root
akhira,14:27:11,'aAxirapi,ءَاخِرَةِ,A^xir,Axr,N,S,FS,lemma+root
akhira,14:42:9,yu&ax~iru,يُؤَخِّرُ,>ax~ara,Axr,V,S,3MS,root
akhira,14:44:10,>ax~iro,أَخِّرْ,>ax~ara,Axr,V,S,2MS,root
akhira,15:5:7,yasota_#oxiru,يَسْتَـْٔخِرُ,yasota>oxiru,Axr,V,P,3MP,root
akhira,15:24:7,musota_#oxiriyna,مُسْتَـْٔخِرِينَ,musota_#oxiriyn,Axr,N,P,MP,root
akhira,15:96:6,'aAxara,ءَاخَرَ,A^xar,Axr,ADJ,S,MS,root
akhira,16:22:7,'aAxirapi,ءَاخِرَةِ,A^xir,Axr,N,S,FS,lemma+root
akhira,16:30:16,'aAxirapi,ءَاخِرَةِ,A^xir,Axr,N,S,FS,lemma+root
akhira,16:41:14,'aAxirapi,ءَاخِرَةِ,A^xir,Axr,N,S,FS,lemma+root
akhira,16:60:4,'aAxirapi,ءَاخِرَةِ,A^xir,Axr,N,S,FS,lemma+root
akhira,16:61:12,yu&ax~iru,يُؤَخِّرُ,>ax~ara,Axr,V,S,3MS,root
akhira,16:61:20,yasota_#oxiru,يَسْتَـْٔخِرُ,yasota>oxiru,Axr,V,P,3MP,root
akhira,16:107:7,'aAxirapi,ءَاخِرَةِ,A^xir,Axr,N,S,FS,lemma+root
akhira,16:109:5,'aAxirapi,ءَاخِرَةِ,A^xir,Axr,N,S,FS,lemma+root
akhira,16:122:7,'aAxirapi,ءَاخِرَةِ,A^xir,Axr,N,S,FS,lemma+root
akhira,17:7:11,'aAxirapi,ءَاخِرَةِ,A^xir,Axr,N,S,FS,lemma+root
akhira,17:10:5,'aAxirapi,ءَاخِرَةِ,A^xir,Axr,N,S,FS,lemma+root
akhira,17:15:15,>uxoraY`,أُخْرَىٰ,A^xar,Axr,N,S,FS,root
akhira,17:19:3,'aAxirapa,ءَاخِرَةَ,A^xir,Axr,N,S,FS,lemma+root
akhira,17:21:7,'aAxirapu,ءَاخِرَةُ,A^xir,Axr,N,S,FS,lemma+root
akhira,17:22:6,'aAxara,ءَاخَرَ,A^xar,Axr,ADJ,S,MS,root
akhira,17:39:13,'aAxara,ءَاخَرَ,A^xar,Axr,ADJ,S,MS,root
akhira,17:45:10,'aAxirapi,ءَاخِرَةِ,A^xir,Axr,N,S,FS,lemma+root
akhira,17:62:8,>ax~aro,أَخَّرْ,>ax~ara,Axr,V,S,2MS,root
akhira,17:69:7,>uxoraY`,أُخْرَىٰ,A^xar,Axr,N,S,FS,root
akhira,17:72:8,'aAxirapi,ءَاخِرَةِ,A^xir,Axr,N,S,FS,lemma+root
akhira,17:104:11,'aAxirapi,ءَاخِرَةِ,A^xir,Axr,N,S,FS,lemma+root
akhira,20:18:13,>uxoraY`,أُخْرَىٰ,A^xar,Axr,ADJ,S,FS,root
akhira,20:22:11,>uxoraY`,أُخْرَىٰ,A^xar,Axr,ADJ,S,FS,root
akhira,20:37:5,>uxoraY`^,أُخْرَىٰٓ,A^xar,Axr,ADJ,S,FS,root
akhira,20:55:8,>uxoraY`,أُخْرَىٰ,A^xar,Axr,ADJ,S,FS,root
akhira,20:127:10,'aAxirapi,ءَاخِرَةِ,A^xir,Axr,N,S,FS,lemma+root
akhira,21:11:10,'aAxariyna,ءَاخَرِينَ,A^xar,Axr,ADJ,P,MP,root
akhira,22:11:21,'aAxirapa,ءَاخِرَةَ,A^xir,Axr,N,S,FS,lemma+root
akhira,22:15:10,'aAxirapi,ءَاخِرَةِ,A^xir,Axr,N,S,FS,lemma+root
akhira,23:14:17,'aAxara,ءَاخَرَ,A^xar,Axr,ADJ,S,MS,root
akhira,23:31:6,'aAxariyna,ءَاخَرِينَ,A^xar,Axr,ADJ,P,MP,root
akhira,23:33:9,'aAxirapi,ءَاخِرَةِ,A^xir,Axr,N,S,FS,lemma+root
akhira,23:42:6,'aAxariyna,ءَاخَرِينَ,A^xar,Axr,ADJ,P,MP,root
akhira,23:43:7,yasota_#oxiru,يَسْتَـْٔخِرُ,yasota>oxiru,Axr,V,P,3MP,root
akhira,23:74:5,'aAxirapi,ءَاخِرَةِ,A^xir,Axr,N,S,FS,lemma+root
akhira,23:117:6,'aAxara,ءَاخَرَ,A^xar,Axr,ADJ,S,MS,root
akhira,24:2:21,'aAxiri,ءَاخِرِ,A^xir,Axr,ADJ,S,MS,root
akhira,24:14:8,'aAxirapi,ءَاخِرَةِ,A^xir,Axr,N,S,FS,lemma+root
akhira,24:19:15,'aAxirapi,ءَاخِرَةِ,A^xir,Axr,N,S,FS,lemma+root
akhira,24:23:10,'aAxirapi,ءَاخِرَةِ,A^xir,Axr,N,S,FS,lemma+root
akhira,25:4:12,'aAxaruwna,ءَاخَرُونَ,A^xar,Axr,ADJ,P,MP,root
akhira,25:68:7,'aAxara,ءَاخَرَ,A^xar,Axr,ADJ,S,MS,root
akhira,26:64:3,'aAxariyna,ءَاخَرِينَ,A^xar,Axr,N,P,MP,root
akhira,26:66:3,'aAxariyna,ءَاخَرِينَ,A^xar,Axr,N,P,MP,root
akhira,26:84:6,'aAxiriyna,ءَاخِرِينَ,A^xir,Axr,N,P,MP,root
akhira,26:172:3,'aAxariyna,ءَاخَرِينَ,A^xar,Axr,N,P,MP,root
akhira,26:213:6,'aAxara,ءَاخَرَ,A^xar,Axr,ADJ,S,MS,root
akhira,27:3:7,'aAxirapi,ءَاخِرَةِ,A^xir,Axr,N,S,FS,lemma+root
akhira,27:4:5,'aAxirapi,ءَاخِرَةِ,A^xir,Axr,N,S,FS,lemma+root
akhira,27:5:8,'aAxirapi,ءَاخِرَةِ,A^xir,Axr,N,S,FS,lemma+root
akhira,27:66:5,'aAxirapi,ءَاخِرَةِ,A^xir,Axr,N,S,FS,lemma+root
akhira,28:70:11,'aAxirapi,ءَاخِرَةِ,A^xir,Axr,N,S,FS,lemma+root
akhira,28:77:6,'aAxirapa,ءَاخِرَةَ,A^xir,Axr,ADJ,S,FS,lemma+root
akhira,28:83:3,'aAxirapu,ءَاخِرَةُ,A^xir,Axr,N,S,FS,lemma+root
akhira,28:88:6,'aAxara,ءَاخَرَ,A^xar,Axr,ADJ,S,MS,root
akhira,29:20:13,'aAxirapa,ءَاخِرَةَ,A^xir,Axr,N,S,FS,lemma+root
akhira,29:27:16,'aAxirapi,ءَاخِرَةِ,A^xir,Axr,N,S,FS,lemma+root
akhira,29:36:11,'aAxira,ءَاخِرَ,A^xir,Axr,N,S,MS,root
akhira,29:64:10,'aAxirapa,ءَاخِرَةَ,A^xir,Axr,N,S,FS,lemma+root
akhira,30:7:8,'aAxirapi,ءَاخِرَةِ,A^xir,Axr,N,S,FS,lemma+root
akhira,30:16:7,'aAxirapi,ءَاخِرَةِ,A^xir,Axr,N,S,FS,lemma+root
akhira,31:4:7,'aAxirapi,ءَاخِرَةِ,A^xir,Axr,N,S,FS,lemma+root
akhira,33:21:14,'aAxira,ءَاخِرَ,A^xir,Axr,N,S,MS,root
akhira,33:29:7,'aAxirapa,ءَاخِرَةَ,A^xir,Axr,N,S,FS,lemma+root
akhira,33:57:10,'aAxirapi,ءَاخِرَةِ,A^xir,Axr,N,S,FS,lemma+root
akhira,34:1:14,'aAxirapi,ءَاخِرَةِ,A^xir,Axr,N,S,FS,lemma+root
akhira,34:8:12,'aAxirapi,ءَاخِرَةِ,A^xir,Axr,N,S,FS,lemma+root
akhira,34:21:11,'aAxirapi,ءَاخِرَةِ,A^xir,Axr,N,S,FS,lemma+root
akhira,34:30:6,tasota_#oxiru,تَسْتَـْٔخِرُ,yasota>oxiru,Axr,V,P,2MP,root
akhira,35:18:5,>uxoraY`,أُخْرَىٰ,A^xar,Axr,N,S,FS,root
akhira,35:45:14,yu&ax~iru,يُؤَخِّرُ,>ax~ara,Axr,V,S,3MS,root
akhira,37:78:4,'aAxiriyna,ءَاخِرِينَ,A^xir,Axr,N,P,MP,root
akhira,37:82:3,'aAxariyna,ءَاخَرِينَ,A^xar,Axr,N,P,MP,root
akhira,37:108:4,'aAxiriyna,ءَاخِرِينَ,A^xir,Axr,N,P,MP,root
akhira,37:119:4,'aAxiriyna,ءَاخِرِينَ,A^xir,Axr,N,P,MP,root
akhira,37:129:4,'aAxiriyna,ءَاخِرِينَ,A^xir,Axr,N,P,MP,root
akhira,37:136:3,'aAxariyna,ءَاخَرِينَ,A^xar,Axr,N,P,MP,root
akhira,38:7:6,'aAxirapi,ءَاخِرَةِ,A^xir,Axr,N,S,FS,lemma+root
akhira,38:38:1,'aAxariyna,ءَاخَرِينَ,A^xar,Axr,N,P,MP,root
akhira,38:58:1,'aAxaru,ءَاخَرُ,A^xar,Axr,N,S,MS,root
akhira,39:7:19,>uxoraY`,أُخْرَىٰ,A^xar,Axr,N,S,FS,root
akhira,39:9:9,'aAxirapa,ءَاخِرَةَ,A^xir,Axr,N,S,FS,lemma+root
akhira,39:26:8,'aAxirapi,ءَاخِرَةِ,A^xir,Axr,N,S,FS,lemma+root
akhira,39:42:17,>uxoraY`^,أُخْرَىٰٓ,A^xar,Axr,N,S,FS,root
akhira,39:45:10,'aAxirapi,ءَاخِرَةِ,A^xir,Axr,N,S,FS,lemma+root
akhira,39:68:18,>uxoraY`,أُخْرَىٰ,A^xar,Axr,N,S,FS,root
akhira,40:39:8,'aAxirapa,ءَاخِرَةَ,A^xir,Axr,N,S,FS,lemma+root
akhira,40:43:13,'aAxirapi,ءَاخِرَةِ,A^xir,Axr,N,S,FS,lemma+root
akhira,41:7:6,'aAxirapi,ءَاخِرَةِ,A^xir,Axr,N,S,FS,lemma+root
akhira,41:16:15,'aAxirapi,ءَاخِرَةِ,A^xir,Axr,N,S,FS,lemma+root
akhira,41:31:7,'aAxirapi,ءَاخِرَةِ,A^xir,Axr,N,S,FS,lemma+root
akhira,42:20:5,'aAxirapi,ءَاخِرَةِ,A^xir,Axr,N,S,FS,lemma+root
akhira,42:20:20,'aAxirapi,ءَاخِرَةِ,A^xir,Axr,N,S,FS,lemma+root
akhira,43:35:9,'aAxirapu,ءَاخِرَةُ,A^xir,Axr,N,S,FS,lemma+root
akhira,43:56:4,'aAxiriyna,ءَاخِرِينَ,A^xir,Axr,N,P,MP,root
akhira,44:28:4,'aAxariyna,ءَاخَرِينَ,A^xar,Axr,ADJ,P,MP,root
akhira,48:2:9,ta>ax~ara,تَأَخَّرَ,ta>ax~ara,Axr,V,S,3MS,root
akhira,48:21:1,>uxoraY`,أُخْرَىٰ,A^xar,Axr,N,S,FS,root
akhira,49:9:12,>uxoraY`,أُخْرَىٰ,A^xar,Axr,N,S,FS,root
akhira,50:26:6,'aAxara,ءَاخَرَ,A^xar,Axr,ADJ,S,MS,root
akhira,51:51:6,'aAxara,ءَاخَرَ,A^xar,Axr,ADJ,S,MS,root
akhira,53:13:4,>uxoraY`,أُخْرَىٰ,A^xar,Axr,N,S,FS,root
akhira,53:20:3,>uxoraY`^,أُخْرَىٰٓ,A^xar,Axr,N,S,FS,root
akhira,53:25:2,'aAxirapu,ءَاخِرَةُ,A^xir,Axr,N,S,FS,lemma+root
akhira,53:27:5,'aAxirapi,ءَاخِرَةِ,A^xir,Axr,N,S,FS,lemma+root
akhira,53:38:5,>uxoraY`,أُخْرَىٰ,A^xar,Axr,N,S,FS,root
akhira,53:47:4,>uxoraY`,أُخْرَىٰ,A^xar,Axr,N,S,FS,root
akhira,56:14:3,'aAxiriyna,ءَاخِرِينَ,A^xir,Axr,N,P,MP,root
akhira,56:40:3,'aAxiriyna,ءَاخِرِينَ,A^xir,Axr,N,P,MP,root
akhira,56:49:4,'aAxiriyna,ءَاخِرِينَ,A^xir,Axr,N,P,MP,root
akhira,57:3:3,'aAxiru,ءَاخِرُ,A^xir,Axr,N,S,MS,root
akhira,57:20:27,'aAxirapi,ءَاخِرَةِ,A^xir,Axr,N,S,FS,lemma+root
akhira,58:22:7,'aAxiri,ءَاخِرِ,A^xir,Axr,N,S,MS,root
akhira,59:3:12,'aAxirapi,ءَاخِرَةِ,A^xir,Axr,N,S,FS,lemma+root
akhira,60:6:12,'aAxira,ءَاخِرَ,A^xir,Axr,ADJ,S,MS,root
akhira,60:13:13,'aAxirapi,ءَاخِرَةِ,A^xir,Axr,N,S,FS,lemma+root
akhira,61:13:1,>uxoraY`,أُخْرَىٰ,A^xar,Axr,N,S,FS,root
akhira,62:3:1,'aAxariyna,ءَاخَرِينَ,A^xar,Axr,N,P,MP,root
akhira,63:10:14,>ax~aro,أَخَّرْ,>ax~ara,Axr,V,S,2MS,root
akhira,63:11:2,yu&ax~ira,يُؤَخِّرَ,>ax~ara,Axr,V,S,3MS,root
akhira,65:2:24,'aAxiri,ءَاخِرِ,A^xir,Axr,ADJ,S,MS,root
akhira,65:6:32,>uxoraY`,أُخْرَىٰ,A^xar,Axr,N,S,FS,root
akhira,68:33:4,'aAxirapi,ءَاخِرَةِ,A^xir,Axr,N,S,FS,lemma+root
akhira,71:4:5,yu&ax~iro,يُؤَخِّرْ,>ax~ara,Axr,V,S,3MS,root
akhira,71:4:15,yu&ax~aru,يُؤَخَّرُ,>ax~ara,Axr,V,S,3MS,root
akhira,73:20:36,'aAxaruwna,ءَاخَرُونَ,A^xar,Axr,N,P,MP,root
akhira,73:20:44,'aAxaruwna,ءَاخَرُونَ,A^xar,Axr,N,P,MP,root
akhira,74:37:7,yata>ax~ara,يَتَأَخَّرَ,ta>ax~ara,Axr,V,S,3MS,root
akhira,74:53:5,'aAxirapa,ءَاخِرَةَ,A^xir,Axr,N,S,FS,lemma+root
akhira,75:13:6,>ax~ara,أَخَّرَ,>ax~ara,Axr,V,S,3MS,root
akhira,75:21:2,'aAxirapa,ءَاخِرَةَ,A^xir,Axr,N,S,FS,lemma+root
akhira,77:17:3,'aAxiriyna,ءَاخِرِينَ,A^xir,Axr,N,P,MP,root
akhira,79:25:4,'aAxirapi,ءَاخِرَةِ,A^xir,Axr,N,S,FS,lemma+root
akhira,82:5:5,>ax~arato,أَخَّرَتْ,>ax~ara,Axr,V,S,3FS,root
akhira,87:17:1,'aAxirapu,ءَاخِرَةُ,A^xir,Axr,N,S,FS,lemma+root
akhira,92:13:3,'aAxirapa,ءَاخِرَةَ,A^xir,Axr,N,S,FS,lemma+root
akhira,93:4:1,'aAxirapu,ءَاخِرَةُ,A^xir,Axr,N,S,FS,lemma+root
malak,1:4:1,ma`liki,مَٰلِكِ,ma`lik,mlk,N,,,root
malak,2:30:4,mala`^}ikapi,مَلَٰٓئِكَةِ,malak,mlk,N,P,MP,lemma+root
malak,2:31:8,mala`^}ikapi,مَلَٰٓئِكَةِ,malak,mlk,N,P,MP,lemma+root
malak,2:34:3,mala`^}ikapi,مَلَٰٓئِكَةِ,malak,mlk,N,P,MP,lemma+root
malak,2:98:5,mala`^}ikati,مَلَٰٓئِكَتِ,malak,mlk,N,P,MP,lemma+root
malak,2:102:6,muloki,مُلْكِ,mulok,mlk,N,,,root
malak,2:102:20,malakayoni,مَلَكَيْنِ,malak,mlk,N,D,MD,lemma+root
malak,2:107:6,muloku,مُلْكُ,mulok,mlk,N,,,root
malak,2:161:11,mala`^}ikapi,مَلَٰٓئِكَةِ,malak,mlk,N,P,MP,lemma+root
malak,2:177:16,mala`^}ikapi,مَلَٰٓئِكَةِ,malak,mlk,N,P,MP,lemma+root
malak,2:210:11,mala`^}ikapu,مَلَٰٓئِكَةُ,malak,mlk,N,P,MP,lemma+root
malak,2:246:17,malikFA,مَلِكًا,malik,mlk,N,S,MS,root
malak,2:247:10,malikFA,مَلِكًا,malik,mlk,N,S,MS,root
malak,2:247:15,muloku,مُلْكُ,mulok,mlk,N,,,root
malak,2:247:19,muloki,مُلْكِ,mulok,mlk,N,,,root
malak,2:247:38,muloka,مُلْكَ,mulok,mlk,N,,,root
malak,2:248:6,muloki,مُلْكِ,mulok,mlk,N,,,root
malak,2:248:22,mala`^}ikapu,مَلَٰٓئِكَةُ,malak,mlk,N,P,MP,lemma+root
malak,2:251:9,muloka,مُلْكَ,mulok,mlk,N,,,root
malak,2:258:12,muloka,مُلْكَ,mulok,mlk,N,,,root
malak,2:285:12,mala`^}ikati,مَلَٰٓئِكَتِ,malak,mlk,N,P,MP,lemma+root
malak,3:18:8,mala`^}ikapu,مَلَٰٓئِكَةُ,malak,mlk,N,P,MP,lemma+root
malak,3:26:3,ma`lika,مَٰلِكَ,ma`lik,mlk,N,,,root
malak,3:26:4,muloki,مُلْكِ,mulok,mlk,N,,,root
malak,3:26:6,muloka,مُلْكَ,mulok,mlk,N,,,root
malak,3:26:10,muloka,مُلْكَ,mulok,mlk,N,,,root
malak,3:39:2,mala`^}ikapu,مَلَٰٓئِكَةُ,malak,mlk,N,P,MP,lemma+root
malak,3:42:3,mala`^}ikapu,مَلَٰٓئِكَةُ,malak,mlk,N,P,MP,lemma+root
malak,3:45:3,mala`^}ikapu,مَلَٰٓئِكَةُ,malak,mlk,N,P,MP,lemma+root
malak,3:80:5,mala`^}ikapa,مَلَٰٓئِكَةَ,malak,mlk,N,P,MP,lemma+root
malak,3:87:7,mala`^}ikapi,مَلَٰٓئِكَةِ,malak,mlk,N,P,MP,lemma+root
malak,3:124:12,mala`^}ikapi,مَلَٰٓئِكَةِ,malak,mlk,N,P,MP,lemma+root
malak,3:125:14,mala`^}ikapi,مَلَٰٓئِكَةِ,malak,mlk,N,P,MP,lemma+root
malak,3:189:2,muloku,مُلْكُ,mulok,mlk,N,,,root
malak,4:3:23,malakato,مَلَكَتْ,malakato,mlk,V,S,3FS,root
malak,4:24:6,malakato,مَلَكَتْ,malakato,mlk,V,S,3FS,root
malak,4:25:12,malakato,مَلَكَتْ,malakato,mlk,V,S,3FS,root
malak,4:36:23,malakato,مَلَكَتْ,malakato,mlk,V,S,3FS,root
malak,4:53:5,muloki,مُلْكِ,mulok,mlk,N,,,root
malak,4:54:17,m~ulokFA,مُّلْكًا,mulok,mlk,N,,,root
malak,4:97:4,mala`^}ikapu,مَلَٰٓئِكَةُ,malak,mlk,N,P,MP,lemma+root
malak,4:136:20,mala`^}ikati,مَلَٰٓئِكَتِ,malak,mlk,N,P,MP,lemma+root
malak,4:166:9,mala`^}ikapu,مَلَٰٓئِكَةُ,malak,mlk,N,P,MP,lemma+root
malak,4:172:9,mala`^}ikapu,مَلَٰٓئِكَةُ,malak,mlk,N,P,MP,lemma+root
malak,5:17:13,yamoliku,يَمْلِكُ,malakato,mlk,V,S,3MS,root
malak,5:17:30,muloku,مُلْكُ,mulok,mlk,N,,,root
malak,5:18:24,muloku,مُلْكُ,mulok,mlk,N,,,root
malak,5:20:15,m~uluwkFA,مُّلُوكًا,malik,mlk,N,P,MP,root
malak,5:25:5,>amoliku,أَمْلِكُ,malakato,mlk,V,S,1S,root
malak,5:40:6,muloku,مُلْكُ,mulok,mlk,N,,,root
malak,5:41:46,tamolika,تَمْلِكَ,malakato,mlk,V,S,2MS,root
malak,5:76:8,yamoliku,يَمْلِكُ,malakato,mlk,V,S,3MS,root
malak,5:120:2,muloku,مُلْكُ,mulok,mlk,N,,,root
malak,6:8:5,malakN,مَلَكٌ,malak,mlk,N,,,lemma+root
malak,6:8:8,malakFA,مَلَكًا,malak,mlk,N,,,lemma+root
malak,6:9:3,malakFA,مَلَكًا,malak,mlk,N,,,lemma+root
malak,6:50:15,malakN,مَلَكٌ,malak,mlk,N,,,lemma+root
malak,6:73:14,muloku,مُلْكُ,mulok,mlk,N,,,root
malak,6:75:4,malakuwta,مَلَكُوتَ,malakuwt,mlk,N,,,root
malak,6:93:30,mala`^}ikapu,مَلَٰٓئِكَةُ,malak,mlk,N,P,MP,lemma+root
malak,6:111:5,mala`^}ikapa,مَلَٰٓئِكَةَ,malak,mlk,N,P,MP,lemma+root
malak,6:158:6,mala`^}ikapu,مَلَٰٓئِكَةُ,malak,mlk,N,P,MP,lemma+root
malak,7:11:7,mala`^}ikapi,مَلَٰٓئِكَةِ,malak,mlk,N,P,MP,lemma+root
malak,7:20:21,malakayoni,مَلَكَيْنِ,malak,mlk,N,D,MD,lemma+root
malak,7:158:11,muloku,مُلْكُ,mulok,mlk,N,,,root
malak,7:185:4,malakuwti,مَلَكُوتِ,malakuwt,mlk,N,,,root
malak,7:188:3,>amoliku,أَمْلِكُ,malakato,mlk,V,S,1S,root
malak,8:9:10,mala`^}ikapi,مَلَٰٓئِكَةِ,malak,mlk,N,P,MP,lemma+root
malak,8:12:5,mala`^}ikapi,مَلَٰٓئِكَةِ,malak,mlk,N,P,MP,lemma+root
malak,8:50:7,mala`^}ikapu,مَلَٰٓئِكَةُ,malak,mlk,N,P,MP,lemma+root
malak,9:116:4,muloku,مُلْكُ,mulok,mlk,N,,,root
malak,10:31:8,yamoliku,يَمْلِكُ,malakato,mlk,V,S,3MS,root
malak,10:49:3,>amoliku,أَمْلِكُ,malakato,mlk,V,S,1S,root
malak,11:12:19,malakN,مَلَكٌ,malak,mlk,N,,,lemma+root
malak,11:31:13,malakN,مَلَكٌ,malak,mlk,N,,,lemma+root
malak,12:31:31,malakN,مَلَكٌ,malak,mlk,N,,,lemma+root
malak,12:43:2,maliku,مَلِكُ,malik,mlk,N,S,MS,root
malak,12:50:2,maliku,مَلِكُ,malik,mlk,N,S,MS,root
malak,12:54:2,maliku,مَلِكُ,malik,mlk,N,S,MS,root
malak,12:72:4,maliki,مَلِكِ,malik,mlk,N,S,MS,root
malak,12:76:20,maliki,مَلِكِ,malik,mlk,N,S,MS,root
malak,12:101:5,muloki,مُلْكِ,mulok,mlk,N,,,root
malak,13:13:4,mala`^}ikapu,مَلَٰٓئِكَةُ,malak,mlk,N,P,MP,lemma+root
malak,13:16:14,yamoliku,يَمْلِكُ,malakato,mlk,V,P,3MP,root
malak,13:23:10,mala`^}ikapu,مَلَٰٓئِكَةُ,malak,mlk,N,P,MP,lemma+root
malak,15:7:4,mala`^}ikapi,مَلَٰٓئِكَةِ,malak,mlk,N,P,MP,lemma+root
malak,15:8:3,mala`^}ikapa,مَلَٰٓئِكَةَ,malak,mlk,N,P,MP,lemma+root
malak,15:28:4,mala`^}ikapi,مَلَٰٓئِكَةِ,malak,mlk,N,P,MP,lemma+root
malak,15:30:2,mala`^}ikapu,مَلَٰٓئِكَةُ,malak,mlk,N,P,MP,lemma+root
malak,16:2:2,mala`^}ikapa,مَلَٰٓئِكَةَ,malak,mlk,N,P,MP,lemma+root
malak,16:28:3,mala`^}ikapu,مَلَٰٓئِكَةُ,malak,mlk,N,P,MP,lemma+root
malak,16:32:3,mala`^}ikapu,مَلَٰٓئِكَةُ,malak,mlk,N,P,MP,lemma+root
malak,16:33:6,mala`^}ikapu,مَلَٰٓئِكَةُ,malak,mlk,N,P,MP,lemma+root
malak,16:49:11,mala`^}ikapu,مَلَٰٓئِكَةُ,malak,mlk,N,P,MP,lemma+root
malak,16:71:15,malakato,مَلَكَتْ,malakato,mlk,V,S,3FS,root
malak,16:73:7,yamoliku,يَمْلِكُ,malakato,mlk,V,S,3MS,root
malak,16:75:5,m~amoluwkFA,مَّمْلُوكًا,m~amoluwk,mlk,N,,,root
malak,17:40:6,mala`^}ikapi,مَلَٰٓئِكَةِ,malak,mlk,N,P,MP,lemma+root
malak,17:56:8,yamoliku,يَمْلِكُ,malakato,mlk,V,P,3MP,root
malak,17:61:3,mala`^}ikapi,مَلَٰٓئِكَةِ,malak,mlk,N,P,MP,lemma+root
malak,17:92:11,mala`^}ikapi,مَلَٰٓئِكَةِ,malak,mlk,N,P,MP,lemma+root
malak,17:95:6,mala`^}ikapN,مَلَٰٓئِكَةٌ,malak,mlk,N,P,MP,lemma+root
malak,17:95:13,malakFA,مَلَكًا,malak,mlk,N,,,lemma+root
malak,17:100:4,tamoliku,تَمْلِكُ,malakato,mlk,V,P,2MP,root
malak,17:111:13,muloki,مُلْكِ,mulok,mlk,N,,,root
malak,18:50:3,mala`^}ikapi,مَلَٰٓئِكَةِ,malak,mlk,N,P,MP,lemma+root
malak,18:79:13,m~alikN,مَّلِكٌ,malik,mlk,N,S,MS,root
malak,19:87:2,yamoliku,يَمْلِكُ,malakato,mlk,V,P,3MP,root
malak,20:87:5,maloki,مَلْكِ,malok,mlk,N,,,root
malak,20:89:8,yamoliku,يَمْلِكُ,malakato,mlk,V,S,3MS,root
malak,20:114:3,maliku,مَلِكُ,malik,mlk,N,S,MS,root
malak,20:116:3,mala`^}ikapi,مَلَٰٓئِكَةِ,malak,mlk,N,P,MP,lemma+root
malak,20:120:11,mulokK,مُلْكٍ,mulok,mlk,N,,,root
malak,21:103:6,mala`^}ikapu,مَلَٰٓئِكَةُ,malak,mlk,N,P,MP,lemma+root
malak,22:56:1,muloku,مُلْكُ,mulok,mlk,N,,,root
malak,22:75:4,mala`^}ikapi,مَلَٰٓئِكَةِ,malak,mlk,N,P,MP,lemma+root
malak,23:6:6,malakato,مَلَكَتْ,malakato,mlk,V,S,3FS,root
malak,23:24:20,mala`^}ikapF,مَلَٰٓئِكَةً,malak,mlk,N,P,MP,lemma+root
malak,23:88:4,malakuwtu,مَلَكُوتُ,malakuwt,mlk,N,,,root
malak,23:116:3,maliku,مَلِكُ,malik,mlk,N,S,MS,root
malak,24:31:46,malakato,مَلَكَتْ,malakato,mlk,V,S,3FS,root
malak,24:33:15,malakato,مَلَكَتْ,malakato,mlk,V,S,3FS,root
malak,24:42:2,muloku,مُلْكُ,mulok,mlk,N,,,root
malak,24:58:6,malakato,مَلَكَتْ,malakato,mlk,V,S,3FS,root
malak,24:61:46,malako,مَلَكْ,malakato,mlk,V,P,2MP,root
malak,25:2:3,muloku,مُلْكُ,mulok,mlk,N,,,root
malak,25:2:14,muloki,مُلْكِ,mulok,mlk,N,,,root
malak,25:3:11,yamoliku,يَمْلِكُ,malakato,mlk,V,P,3MP,root
malak,25:3:17,yamoliku,يَمْلِكُ,malakato,mlk,V,P,3MP,root
malak,25:7:13,malakN,مَلَكٌ,malak,mlk,N,,,lemma+root
malak,25:21:9,mala`^}ikapu,مَلَٰٓئِكَةُ,malak,mlk,N,P,MP,lemma+root
malak,25:22:3,mala`^}ikapa,مَلَٰٓئِكَةَ,malak,mlk,N,P,MP,lemma+root
malak,25:25:6,mala`^}ikapu,مَلَٰٓئِكَةُ,malak,mlk,N,P,MP,lemma+root
malak,25:26:1,muloku,مُلْكُ,mulok,mlk,N,,,root
malak,27:23:4,tamoliku,تَمْلِكُ,malakato,mlk,V,S,3FS,root
malak,27:34:3,muluwka,مُلُوكَ,malik,mlk,N,P,MP,root
malak,29:17:16,yamoliku,يَمْلِكُ,malakato,mlk,V,P,3MP,root
malak,30:28:10,malakato,مَلَكَتْ,malakato,mlk,V,S,3FS,root
malak,32:11:3,m~alaku,مَّلَكُ,malak,mlk,N,,,lemma+root
malak,33:43:5,mala`^}ikatu,مَلَٰٓئِكَتُ,malak,mlk,N,P,MP,lemma+root
malak,33:50:11,malakato,مَلَكَتْ,malakato,mlk,V,S,3FS,root
malak,33:50:52,malakato,مَلَكَتْ,malakato,mlk,V,S,3FS,root
malak,33:52:18,malakato,مَلَكَتْ,malakato,mlk,V,S,3FS,root
malak,33:55:20,malakato,مَلَكَتْ,malakato,mlk,V,S,3FS,root
malak,33:56:3,mala`^}ikata,مَلَٰٓئِكَتَ,malak,mlk,N,P,MP,lemma+root
malak,34:22:9,yamoliku,يَمْلِكُ,malakato,mlk,V,P,3MP,root
malak,34:40:6,mala`^}ikapi,مَلَٰٓئِكَةِ,malak,mlk,N,P,MP,lemma+root
malak,34:42:3,yamoliku,يَمْلِكُ,malakato,mlk,V,S,3MS,root
malak,35:1:7,mala`^}ikapi,مَلَٰٓئِكَةِ,malak,mlk,N,P,MP,lemma+root
malak,35:13:20,muloku,مُلْكُ,mulok,mlk,N,,,root
malak,35:13:26,yamoliku,يَمْلِكُ,malakato,mlk,V,P,3MP,root
malak,36:71:12,ma`likuwna,مَٰلِكُونَ,ma`lik,mlk,N,P,MP,root
malak,36:83:4,malakuwtu,مَلَكُوتُ,malakuwt,mlk,N,,,root
malak,37:150:3,mala`^}ikapa,مَلَٰٓئِكَةَ,malak,mlk,N,P,MP,lemma+root
malak,38:10:3,m~uloku,مُّلْكُ,mulok,mlk,N,,,root
malak,38:20:2,muloka,مُلْكَ,mulok,mlk,N,,,root
malak,38:35:7,mulokFA,مُلْكًا,mulok,mlk,N,,,root
malak,38:71:4,mala`^}ikapi,مَلَٰٓئِكَةِ,malak,mlk,N,P,MP,lemma+root
malak,38:73:2,mala`^}ikapu,مَلَٰٓئِكَةُ,malak,mlk,N,P,MP,lemma+root
malak,39:6:30,muloku,مُلْكُ,mulok,mlk,N,,,root
malak,39:43:11,yamoliku,يَمْلِكُ,malakato,mlk,V,P,3MP,root
malak,39:44:6,muloku,مُلْكُ,mulok,mlk,N,,,root
malak,39:75:2,mala`^}ikapa,مَلَٰٓئِكَةَ,malak,mlk,N,P,MP,lemma+root
malak,40:16:11,muloku,مُلْكُ,mulok,mlk,N,,,root
malak,40:29:3,muloku,مُلْكُ,mulok,mlk,N,,,root
malak,41:14:18,mala`^}ikapF,مَلَٰٓئِكَةً,malak,mlk,N,P,MP,lemma+root
malak,41:30:10,mala`^}ikapu,مَلَٰٓئِكَةُ,malak,mlk,N,P,MP,lemma+root
malak,42:5:6,mala`^}ikapu,مَلَٰٓئِكَةُ,malak,mlk,N,P,MP,lemma+root
malak,42:49:2,muloku,مُلْكُ,mulok,mlk,N,,,root
malak,43:19:2,mala`^}ikapa,مَلَٰٓئِكَةَ,malak,mlk,N,P,MP,lemma+root
malak,43:51:9,muloku,مُلْكُ,mulok,mlk,N,,,root
malak,43:53:10,mala`^}ikapu,مَلَٰٓئِكَةُ,malak,mlk,N,P,MP,lemma+root
malak,43:60:5,m~ala`^}ikapF,مَّلَٰٓئِكَةً,malak,mlk,N,P,MP,lemma+root
malak,43:77:2,ma`liku,مَٰلِكُ,ma`lik2,mlk,PN,,,root
malak,43:85:4,muloku,مُلْكُ,mulok,mlk,N,,,root
malak,43:86:2,yamoliku,يَمْلِكُ,malakato,mlk,V,S,3MS,root
malak,45:27:2,muloku,مُلْكُ,mulok,mlk,N,,,root
malak,46:8:8,tamoliku,تَمْلِكُ,malakato,mlk,V,P,2MP,root
malak,47:27:4,mala`^}ikapu,مَلَٰٓئِكَةُ,malak,mlk,N,P,MP,lemma+root
malak,48:11:19,yamoliku,يَمْلِكُ,malakato,mlk,V,S,3MS,root
malak,48:14:2,muloku,مُلْكُ,mulok,mlk,N,,,root
malak,53:26:3,m~alakK,مَّلَكٍ,malak,mlk,N,,,lemma+root
malak,53:27:7,mala`^}ikapa,مَلَٰٓئِكَةَ,malak,mlk,N,P,MP,lemma+root
malak,54:55:5,maliykK,مَلِيكٍ,maliyk,mlk,N,,,root
malak,57:2:2,muloku,مُلْكُ,mulok,mlk,N,,,root
malak,57:5:2,muloku,مُلْكُ,mulok,mlk,N,,,root
malak,59:23:8,maliku,مَلِكُ,malik,mlk,ADJ,S,MS,root
malak,60:4:40,>amoliku,أَمْلِكُ,malakato,mlk,V,S,1S,root
malak,62:1:9,maliki,مَلِكِ,malik,mlk,ADJ,S,MS,root
malak,64:1:10,muloku,مُلْكُ,mulok,mlk,N,,,root
malak,66:4:18,mala`^}ikapu,مَلَٰٓئِكَةُ,malak,mlk,N,P,MP,lemma+root
malak,66:6:12,mala`^}ikapN,مَلَٰٓئِكَةٌ,malak,mlk,N,P,MP,lemma+root
malak,67:1:4,muloku,مُلْكُ,mulok,mlk,N,,,root
malak,69:17:1,malaku,مَلَكُ,malak,mlk,N,,,lemma+root
malak,70:4:2,mala`^}ikapu,مَلَٰٓئِكَةُ,malak,mlk,N,P,MP,lemma+root
malak,70:30:6,malakato,مَلَكَتْ,malakato,mlk,V,S,3FS,root
malak,72:21:4,>amoliku,أَمْلِكُ,malakato,mlk,V,S,1S,root
malak,74:31:6,mala`^}ikapF,مَلَٰٓئِكَةً,malak,mlk,N,P,MP,lemma+root
malak,76:20:6,mulokFA,مُلْكًا,mulok,mlk,N,,,root
malak,78:37:8,yamoliku,يَمْلِكُ,malakato,mlk,V,P,3MP,root
malak,78:38:4,mala`^}ikapu,مَلَٰٓئِكَةُ,malak,mlk,N,P,MP,lemma+root
malak,82:19:3,tamoliku,تَمْلِكُ,malakato,mlk,V,S,3FS,root
malak,85:9:3,muloku,مُلْكُ,mulok,mlk,N,,,root
malak,89:22:3,malaku,مَلَكُ,malak,mlk,N,,,lemma+root
malak,97:4:2,mala`^}ikapu,مَلَٰٓئِكَةُ,malak,mlk,N,P,MP,lemma+root
malak,114:2:1,maliki,مَلِكِ,malik,mlk,N,S,MS,root
shaytan,2:14:10,$aya`Tiyni,شَيَٰطِينِ,$ayoTa`n,$Tn,N,P,MP,lemma+root
shaytan,2:36:2,$~ayoTa`nu,شَّيْطَٰنُ,$ayoTa`n,$Tn,PN,,,lemma+root
shaytan,2:102:4,$~aya`Tiynu,شَّيَٰطِينُ,$ayoTa`n,$Tn,PN,P,MP,lemma+root
shaytan,2:102:12,$~aya`Tiyna,شَّيَٰطِينَ,$ayoTa`n,$Tn,PN,P,MP,lemma+root
shaytan,2:168:12,$~ayoTa`ni,شَّيْطَٰنِ,$ayoTa`n,$Tn,PN,,,lemma+root
shaytan,2:208:11,$~ayoTa`ni,شَّيْطَٰنِ,$ayoTa`n,$Tn,PN,,,lemma+root
shaytan,2:268:1,$~ayoTa`nu,شَّيْطَٰنُ,$ayoTa`n,$Tn,PN,,,lemma+root
shaytan,2:275:11,$~ayoTa`nu,شَّيْطَٰنُ,$ayoTa`n,$Tn,PN,,,lemma+root
shaytan,3:36:23,$~ayoTa`ni,شَّيْطَٰنِ,$ayoTa`n,$Tn,PN,,,lemma+root
shaytan,3:155:10,$~ayoTa`nu,شَّيْطَٰنُ,$ayoTa`n,$Tn,PN,,,lemma+root
shaytan,3:175:3,$~ayoTa`nu,شَّيْطَٰنُ,$ayoTa`n,$Tn,PN,,,lemma+root
shaytan,4:38:14,$~ayoTa`nu,شَّيْطَٰنُ,$ayoTa`n,$Tn,PN,,,lemma+root
shaytan,4:60:26,$~ayoTa`nu,شَّيْطَٰنُ,$ayoTa`n,$Tn,PN,,,lemma+root
shaytan,4:76:15,$~ayoTa`ni,شَّيْطَٰنِ,$ayoTa`n,$Tn,PN,,,lemma+root
shaytan,4:76:18,$~ayoTa`ni,شَّيْطَٰنِ,$ayoTa`n,$Tn,PN,,,lemma+root
shaytan,4:83:28,$~ayoTa`na,شَّيْطَٰنَ,$ayoTa`n,$Tn,PN,,,lemma+root
shaytan,4:117:10,$ayoTa`nFA,شَيْطَٰنًا,$ayoTa`n,$Tn,N,,,lemma+root
shaytan,4:119:13,$~ayoTa`na,شَّيْطَٰنَ,$ayoTa`n,$Tn,PN,,,lemma+root
shaytan,4:120:5,$~ayoTa`nu,شَّيْطَٰنُ,$ayoTa`n,$Tn,PN,,,lemma+root
shaytan,5:90:12,$~ayoTa`ni,شَّيْطَٰنِ,$ayoTa`n,$Tn,PN,,,lemma+root
shaytan,5:91:3,$~ayoTa`nu,شَّيْطَٰنُ,$ayoTa`n,$Tn,PN,,,lemma+root
shaytan,6:43:11,$~ayoTa`nu,شَّيْطَٰنُ,$ayoTa`n,$Tn,PN,,,lemma+root
shaytan,6:68:16,$~ayoTa`nu,شَّيْطَٰنُ,$ayoTa`n,$Tn,PN,,,lemma+root
shaytan,6:71:20,$~aya`Tiynu,شَّيَٰطِينُ,$ayoTa`n,$Tn,PN,P,MP,lemma+root
shaytan,6:112:6,$aya`Tiyna,شَيَٰطِينَ,$ayoTa`n,$Tn,N,P,MP,lemma+root
shaytan,6:121:12,$~aya`Tiyna,شَّيَٰطِينَ,$ayoTa`n,$Tn,PN,P,MP,lemma+root
shaytan,6:142:12,$~ayoTa`ni,شَّيْطَٰنِ,$ayoTa`n,$Tn,PN,,,lemma+root
shaytan,7:20:3,$~ayoTa`nu,شَّيْطَٰنُ,$ayoTa`n,$Tn,PN,,,lemma+root
shaytan,7:22:25,$~ayoTa`na,شَّيْطَٰنَ,$ayoTa`n,$Tn,PN,,,lemma+root
shaytan,7:27:5,$~ayoTa`nu,شَّيْطَٰنُ,$ayoTa`n,$Tn,PN,,,lemma+root
shaytan,7:27:26,$~aya`Tiyna,شَّيَٰطِينَ,$ayoTa`n,$Tn,PN,P,MP,lemma+root
shaytan,7:30:9,$~aya`Tiyna,شَّيَٰطِينَ,$ayoTa`n,$Tn,PN,P,MP,lemma+root
shaytan,7:175:10,$~ayoTa`nu,شَّيْطَٰنُ,$ayoTa`n,$Tn,PN,,,lemma+root
shaytan,7:200:4,$~ayoTa`ni,شَّيْطَٰنِ,$ayoTa`n,$Tn,PN,,,lemma+root
shaytan,7:201:8,$~ayoTa`ni,شَّيْطَٰنِ,$ayoTa`n,$Tn,PN,,,lemma+root
shaytan,8:11:16,$~ayoTa`ni,شَّيْطَٰنِ,$ayoTa`n,$Tn,PN,,,lemma+root
shaytan,8:48:4,$~ayoTa`nu,شَّيْطَٰنُ,$ayoTa`n,$Tn,PN,,,lemma+root
shaytan,12:5:12,$~ayoTa`na,شَّيْطَٰنَ,$ayoTa`n,$Tn,PN,,,lemma+root
shaytan,12:42:11,$~ayoTa`nu,شَّيْطَٰنُ,$ayoTa`n,$Tn,PN,,,lemma+root
shaytan,12:100:34,$~ayoTa`nu,شَّيْطَٰنُ,$ayoTa`n,$Tn,PN,,,lemma+root
shaytan,14:22:2,$~ayoTa`nu,شَّيْطَٰنُ,$ayoTa`n,$Tn,PN,,,lemma+root
shaytan,15:17:4,$ayoTa`nK,شَيْطَٰنٍ,$ayoTa`n,$Tn,N,,,lemma+root
shaytan,16:63:10,$~ayoTa`nu,شَّيْطَٰنُ,$ayoTa`n,$Tn,PN,,,lemma+root
shaytan,16:98:7,$~ayoTa`ni,شَّيْطَٰنِ,$ayoTa`n,$Tn,PN,,,lemma+root
shaytan,17:27:5,$~aya`Tiyni,شَّيَٰطِينِ,$ayoTa`n,$Tn,PN,P,MP,lemma+root
shaytan,17:27:7,$~ayoTa`nu,شَّيْطَٰنُ,$ayoTa`n,$Tn,PN,,,lemma+root
shaytan,17:53:8,$~ayoTa`na,شَّيْطَٰنَ,$ayoTa`n,$Tn,PN,,,lemma+root
shaytan,17:53:12,$~ayoTa`na,شَّيْطَٰنَ,$ayoTa`n,$Tn,PN,,,lemma+root
shaytan,17:64:17,$~ayoTa`nu,شَّيْطَٰنُ,$ayoTa`n,$Tn,PN,,,lemma+root
shaytan,18:63:13,$~ayoTa`nu,شَّيْطَٰنُ,$ayoTa`n,$Tn,PN,,,lemma+root
shaytan,19:44:4,$~ayoTa`na,شَّيْطَٰنَ,$ayoTa`n,$Tn,PN,,,lemma+root
shaytan,19:44:6,$~ayoTa`na,شَّيْطَٰنَ,$ayoTa`n,$Tn,PN,,,lemma+root
shaytan,19:45:10,$~ayoTa`ni,شَّيْطَٰنِ,$ayoTa`n,$Tn,PN,,,lemma+root
shaytan,19:68:3,$~aya`Tiyna,شَّيَٰطِينَ,$ayoTa`n,$Tn,PN,P,MP,lemma+root
shaytan,19:83:5,$~aya`Tiyna,شَّيَٰطِينَ,$ayoTa`n,$Tn,PN,P,MP,lemma+root
shaytan,20:120:3,$~ayoTa`nu,شَّيْطَٰنُ,$ayoTa`n,$Tn,PN,,,lemma+root
shaytan,21:82:2,$~aya`Tiyni,شَّيَٰطِينِ,$ayoTa`n,$Tn,PN,P,MP,lemma+root
shaytan,22:3:11,$ayoTa`nK,شَيْطَٰنٍ,$ayoTa`n,$Tn,N,,,lemma+root
shaytan,22:52:13,$~ayoTa`nu,شَّيْطَٰنُ,$ayoTa`n,$Tn,PN,,,lemma+root
shaytan,22:52:20,$~ayoTa`nu,شَّيْطَٰنُ,$ayoTa`n,$Tn,PN,,,lemma+root
shaytan,22:53:4,$~ayoTa`nu,شَّيْطَٰنُ,$ayoTa`n,$Tn,PN,,,lemma+root
shaytan,23:97:7,$~aya`Tiyni,شَّيَٰطِينِ,$ayoTa`n,$Tn,PN,P,MP,lemma+root
shaytan,24:21:7,$~ayoTa`ni,شَّيْطَٰنِ,$ayoTa`n,$Tn,PN,,,lemma+root
shaytan,24:21:11,$~ayoTa`ni,شَّيْطَٰنِ,$ayoTa`n,$Tn,PN,,,lemma+root
shaytan,25:29:9,$~ayoTa`nu,شَّيْطَٰنُ,$ayoTa`n,$Tn,PN,,,lemma+root
shaytan,26:210:4,$~aya`Tiynu,شَّيَٰطِينُ,$ayoTa`n,$Tn,PN,P,MP,lemma+root
shaytan,26:221:6,$~aya`Tiynu,شَّيَٰطِينُ,$ayoTa`n,$Tn,PN,P,MP,lemma+root
shaytan,27:24:10,$~ayoTa`nu,شَّيْطَٰنُ,$ayoTa`n,$Tn,PN,,,lemma+root
shaytan,28:15:34,$~ayoTa`ni,شَّيْطَٰنِ,$ayoTa`n,$Tn,PN,,,lemma+root
shaytan,29:38:10,$~ayoTa`nu,شَّيْطَٰنُ,$ayoTa`n,$Tn,PN,,,lemma+root
shaytan,31:21:17,$~ayoTa`nu,شَّيْطَٰنُ,$ayoTa`n,$Tn,PN,,,lemma+root
shaytan,35:6:2,$~ayoTa`na,شَّيْطَٰنَ,$ayoTa`n,$Tn,PN,,,lemma+root
shaytan,36:60:9,$~ayoTa`na,شَّيْطَٰنَ,$ayoTa`n,$Tn,PN,,,lemma+root
shaytan,37:7:4,$ayoTa`nK,شَيْطَٰنٍ,$ayoTa`n,$Tn,N,,,lemma+root
shaytan,37:65:4,$~aya`Tiyni,شَّيَٰطِينِ,$ayoTa`n,$Tn,PN,P,MP,lemma+root
shaytan,38:37:1,$~aya`Tiyna,شَّيَٰطِينَ,$ayoTa`n,$Tn,PN,P,MP,lemma+root
shaytan,38:41:9,$~ayoTa`nu,شَّيْطَٰنُ,$ayoTa`n,$Tn,PN,,,lemma+root
shaytan,41:36:4,$~ayoTa`ni,شَّيْطَٰنِ,$ayoTa`n,$Tn,PN,,,lemma+root
shaytan,43:36:8,$ayoTa`nFA,شَيْطَٰنًا,$ayoTa`n,$Tn,N,,,lemma+root
shaytan,43:62:3,$~ayoTa`nu,شَّيْطَٰنُ,$ayoTa`n,$Tn,PN,,,lemma+root
shaytan,47:25:12,$~ayoTa`nu,شَّيْطَٰنُ,$ayoTa`n,$Tn,PN,,,lemma+root
shaytan,58:10:4,$~ayoTa`ni,شَّيْطَٰنِ,$ayoTa`n,$Tn,PN,,,lemma+root
shaytan,58:19:3,$~ayoTa`nu,شَّيْطَٰنُ,$ayoTa`n,$Tn,PN,,,lemma+root
shaytan,58:19:9,$~ayoTa`ni,شَّيْطَٰنِ,$ayoTa`n,$Tn,PN,,,lemma+root
shaytan,58:19:13,$~ayoTa`ni,شَّيْطَٰنِ,$ayoTa`n,$Tn,PN,,,lemma+root
shaytan,59:16:2,$~ayoTa`ni,شَّيْطَٰنِ,$ayoTa`n,$Tn,PN,,,lemma+root
shaytan,67:5:8,$~aya`Tiyni,شَّيَٰطِينِ,$ayoTa`n,$Tn,PN,P,MP,lemma+root
shaytan,81:25:4,$ayoTa`nK,شَيْطَٰنٍ,$ayoTa`n,$Tn,N,,,lemma+root
hayat,2:26:4,yasotaHoYi.^,يَسْتَحْىِۦٓ,yasotaHoYi.^,Hyy,V,S,3MS,root
hayat,2:28:6,>aHoya`,أَحْيَٰ,>aHoyaA,Hyy,V,S,3MS,root
hayat,2:28:10,yuHoyiy,يُحْيِي,>aHoyaA,Hyy,V,S,3MS,root
hayat,2:49:11,yasotaHoyu,يَسْتَحْيُ,yasotaHoYi.^,Hyy,V,P,3MP,root
hayat,2:73:5,yuHoYi,يُحْىِ,>aHoyaA,Hyy,V,S,3MS,root
hayat,2:85:37,Hayaw`pi,حَيَوٰةِ,Hayaw`p,Hyy,N,,,lemma+root
hayat,2:86:4,Hayaw`pa,حَيَوٰةَ,Hayaw`p,Hyy,N,,,lemma+root
hayat,2:96:5,Hayaw`pK,حَيَوٰةٍ,Hayaw`p,Hyy,N,,,lemma+root
hayat,2:154:10,>aHoyaA^'N,أَحْيَآءٌ,Hay~,Hyy,N,P,MP,root
hayat,2:164:24,>aHoyaA,أَحْيَا,>aHoyaA,Hyy,V,S,3MS,root
hayat,2:179:4,Hayaw`pN,حَيَوٰةٌ,Hayaw`p,Hyy,N,,,lemma+root
hayat,2:204:7,Hayaw`pi,حَيَوٰةِ,Hayaw`p,Hyy,N,,,lemma+root
hayat,2:212:4,Hayaw`pu,حَيَوٰةُ,Hayaw`p,Hyy,N,,,lemma+root
hayat,2:243:17,>aHoya`,أَحْيَٰ,>aHoyaA,Hyy,V,S,3MS,root
hayat,2:255:6,HaY~u,حَىُّ,Hay~,Hyy,N,S,MS,root
hayat,2:258:18,yuHoYi.,يُحْىِۦ,>aHoyaA,Hyy,V,S,3MS,root
hayat,2:258:22,>uHoYi.,أُحْىِۦ,>aHoyaA,Hyy,V,S,1S,root
hayat,2:259:12,yuHoYi.,يُحْىِۦ,>aHoyaA,Hyy,V,S,3MS,root
hayat,2:260:7,tuHoYi,تُحْىِ,>aHoyaA,Hyy,V,S,2MS,root
hayat,3:2:6,HaY~u,حَىُّ,Hay~,Hyy,N,S,MS,root
hayat,3:14:19,Hayaw`pi,حَيَوٰةِ,Hayaw`p,Hyy,N,,,lemma+root
hayat,3:27:10,HaY~a,حَىَّ,Hay~,Hyy,N,S,MS,root
hayat,3:27:16,HaY~i,حَىِّ,Hay~,Hyy,N,S,MS,root
hayat,3:49:27,>uHoYi,أُحْىِ,>aHoyaA,Hyy,V,S,1S,root
hayat,3:117:6,Hayaw`pi,حَيَوٰةِ,Hayaw`p,Hyy,N,,,lemma+root
hayat,3:156:31,yuHoYi.,يُحْىِۦ,>aHoyaA,Hyy,V,S,3MS,root
hayat,3:169:10,>aHoyaA^'N,أَحْيَآءٌ,Hay~,Hyy,N,P,MP,root
hayat,3:185:19,Hayaw`pu,حَيَوٰةُ,Hayaw`p,Hyy,N,,,lemma+root
hayat,4:74:7,Hayaw`pa,حَيَوٰةَ,Hayaw`p,Hyy,N,,,lemma+root
hayat,4:86:2,Huy~iy,حُيِّي,Hay~a,Hyy,V,P,2MP,root
hayat,4:86:3,taHiy~apK,تَحِيَّةٍ,taHiy~ap,Hyy,N,,,root
hayat,4:86:4,Hay~u,حَيُّ,Hay~a,Hyy,V,P,2MP,root
hayat,4:94:20,Hayaw`pi,حَيَوٰةِ,Hayaw`p,Hyy,N,,,lemma+root
hayat,4:109:6,Hayaw`pi,حَيَوٰةِ,Hayaw`p,Hyy,N,,,lemma+root
hayat,5:32:23,>aHoyaA,أَحْيَا,>aHoyaA,Hyy,V,S,3MS,root
hayat,5:32:25,>aHoyaA,أَحْيَا,>aHoyaA,Hyy,V,S,3MS,root
hayat,6:29:5,HayaAtu,حَيَاتُ,Hayaw`p,Hyy,N,,,lemma+root
hayat,6:32:2,Hayaw`pu,حَيَوٰةُ,Hayaw`p,Hyy,N,,,lemma+root
hayat,6:70:8,Hayaw`pu,حَيَوٰةُ,Hayaw`p,Hyy,N,,,lemma+root
hayat,6:95:7,HaY~a,حَىَّ,Hay~,Hyy,N,S,MS,root
hayat,6:95:13,HaY~i,حَىِّ,Hay~,Hyy,N,S,MS,root
hayat,6:122:4,>aHoyayo,أَحْيَيْ,>aHoyaA,Hyy,V,P,1P,root
hayat,6:130:20,Hayaw`pu,حَيَوٰةُ,Hayaw`p,Hyy,N,,,lemma+root
hayat,6:162:5,maHoyaA,مَحْيَا,m~aHoyaA,Hyy,N,,,variant+root
hayat,7:25:3,taHoya,تَحْيَ,HaY~a,Hyy,V,P,2MP,root
hayat,7:32:17,Hayaw`pi,حَيَوٰةِ,Hayaw`p,Hyy,N,,,lemma+root
hayat,7:51:7,Hayaw`pu,حَيَوٰةُ,Hayaw`p,Hyy,N,,,lemma+root
hayat,7:127:17,nasotaHoYi.,نَسْتَحْىِۦ,yasotaHoYi.^,Hyy,V,P,1P,root
hayat,7:141:11,yasotaHoyu,يَسْتَحْيُ,yasotaHoYi.^,Hyy,V,P,3MP,root
hayat,7:152:11,Hayaw`pi,حَيَوٰةِ,Hayaw`p,Hyy,N,,,lemma+root
hayat,7:158:18,yuHoYi.,يُحْىِۦ,>aHoyaA,Hyy,V,S,3MS,root
hayat,8:24:10,yuHoyiy,يُحْيِي,>aHoyaA,Hyy,V,S,3MS,root
hayat,8:42:27,yaHoyaY`,يَحْيَىٰ,HaY~a,Hyy,V,S,3MS,root
hayat,8:42:29,HaY~a,حَىَّ,HaY~a,Hyy,V,S,3MS,root
hayat,9:38:17,Hayaw`pi,حَيَوٰةِ,Hayaw`p,Hyy,N,,,lemma+root
hayat,9:38:23,Hayaw`pi,حَيَوٰةِ,Hayaw`p,Hyy,N,,,lemma+root
hayat,9:55:12,Hayaw`pi,حَيَوٰةِ,Hayaw`p,Hyy,N,,,lemma+root
hayat,9:116:7,yuHoYi.,يُحْىِۦ,>aHoyaA,Hyy,V,S,3MS,root
hayat,10:7:7,Hayaw`pi,حَيَوٰةِ,Hayaw`p,Hyy,N,,,lemma+root
hayat,10:10:5,taHiy~atu,تَحِيَّتُ,taHiy~ap,Hyy,N,,,root
hayat,10:23:17,Hayaw`pi,حَيَوٰةِ,Hayaw`p,Hyy,N,,,lemma+root
hayat,10:24:3,Hayaw`pi,حَيَوٰةِ,Hayaw`p,Hyy,N,,,lemma+root
hayat,10:31:13,HaY~a,حَىَّ,Hay~,Hyy,N,S,MS,root
hayat,10:31:19,HaY~i,حَىِّ,Hay~,Hyy,N,S,MS,root
hayat,10:56:2,yuHoYi.,يُحْىِۦ,>aHoyaA,Hyy,V,S,3MS,root
hayat,10:64:4,Hayaw`pi,حَيَوٰةِ,Hayaw`p,Hyy,N,,,lemma+root
hayat,10:88:11,Hayaw`pi,حَيَوٰةِ,Hayaw`p,Hyy,N,,,lemma+root
hayat,10:98:17,Hayaw`pi,حَيَوٰةِ,Hayaw`p,Hyy,N,,,lemma+root
hayat,11:15:4,Hayaw`pa,حَيَوٰةَ,Hayaw`p,Hyy,N,,,lemma+root
hayat,13:26:8,Hayaw`pi,حَيَوٰةِ,Hayaw`p,Hyy,N,,,lemma+root
hayat,13:26:11,Hayaw`pu,حَيَوٰةُ,Hayaw`p,Hyy,N,,,lemma+root
hayat,13:34:4,Hayaw`pi,حَيَوٰةِ,Hayaw`p,Hyy,N,,,lemma+root
hayat,14:3:3,Hayaw`pa,حَيَوٰةَ,Hayaw`p,Hyy,N,,,lemma+root
hayat,14:6:19,yasotaHoyu,يَسْتَحْيُ,yasotaHoYi.^,Hyy,V,P,3MP,root
hayat,14:23:15,taHiy~atu,تَحِيَّتُ,taHiy~ap,Hyy,N,,,root
hayat,14:27:8,Hayaw`pi,حَيَوٰةِ,Hayaw`p,Hyy,N,,,lemma+root
hayat,15:23:3,nuHoYi.,نُحْىِۦ,>aHoyaA,Hyy,V,P,1P,root
hayat,16:21:3,>aHoyaA^'K,أَحْيَآءٍ,Hay~,Hyy,N,P,MP,root
hayat,16:65:6,>aHoyaA,أَحْيَا,>aHoyaA,Hyy,V,S,3MS,root
hayat,16:97:10,nuHoyiya,نُحْيِيَ,>aHoyaA,Hyy,V,P,1P,root
hayat,16:97:11,Hayaw`pF,حَيَوٰةً,Hayaw`p,Hyy,N,,,lemma+root
hayat,16:107:4,Hayaw`pa,حَيَوٰةَ,Hayaw`p,Hyy,N,,,lemma+root
hayat,17:75:4,Hayaw`pi,حَيَوٰةِ,Hayaw`p,Hyy,N,,,lemma+root
hayat,18:28:17,Hayaw`pi,حَيَوٰةِ,Hayaw`p,Hyy,N,,,lemma+root
hayat,18:45:4,Hayaw`pi,حَيَوٰةِ,Hayaw`p,Hyy,N,,,lemma+root
hayat,18:46:4,Hayaw`pi,حَيَوٰةِ,Hayaw`p,Hyy,N,,,lemma+root
hayat,18:104:5,Hayaw`pi,حَيَوٰةِ,Hayaw`p,Hyy,N,,,lemma+root
hayat,19:15:9,Hay~FA,حَيًّا,Hay~,Hyy,N,S,MS,root
hayat,19:31:11,Hay~FA,حَيًّا,Hay~,Hyy,N,S,MS,root
hayat,19:33:9,Hay~FA,حَيًّا,Hay~,Hyy,N,S,MS,root
hayat,19:66:8,Hay~FA,حَيًّا,Hay~,Hyy,N,S,MS,root
hayat,20:20:4,Hay~apN,حَيَّةٌ,Hay~ap,Hyy,N,,,root
hayat,20:72:18,Hayaw`pa,حَيَوٰةَ,Hayaw`p,Hyy,N,,,lemma+root
hayat,20:74:13,yaHoyaY`,يَحْيَىٰ,HaY~a,Hyy,V,S,3MS,root
hayat,20:97:6,Hayaw`pi,حَيَوٰةِ,Hayaw`p,Hyy,N,,,lemma+root
hayat,20:111:3,HaY~i,حَىِّ,Hay~,Hyy,N,S,MS,root
hayat,20:131:11,Hayaw`pi,حَيَوٰةِ,Hayaw`p,Hyy,N,,,lemma+root
hayat,21:30:16,HaY~K,حَىٍّ,Hay~,Hyy,ADJ,S,MS,root
hayat,22:6:7,yuHoYi,يُحْىِ,>aHoyaA,Hyy,V,S,3MS,root
hayat,22:66:3,>aHoyaA,أَحْيَا,>aHoyaA,Hyy,V,S,3MS,root
hayat,22:66:7,yuHoyiy,يُحْيِي,>aHoyaA,Hyy,V,S,3MS,root
hayat,23:33:12,Hayaw`pi,حَيَوٰةِ,Hayaw`p,Hyy,N,,,lemma+root
hayat,23:37:4,HayaAtu,حَيَاتُ,Hayaw`p,Hyy,N,,,lemma+root
hayat,23:37:7,naHoyaA,نَحْيَا,HaY~a,Hyy,V,P,1P,root
hayat,23:80:3,yuHoYi.,يُحْىِۦ,>aHoyaA,Hyy,V,S,3MS,root
hayat,24:33:38,Hayaw`pi,حَيَوٰةِ,Hayaw`p,Hyy,N,,,lemma+root
hayat,24:61:64,taHiy~apF,تَحِيَّةً,taHiy~ap,Hyy,N,,,root
hayat,25:3:20,Hayaw`pF,حَيَوٰةً,Hayaw`p,Hyy,N,,,lemma+root
hayat,25:49:1,nuHo.iYa,نُحْۦِىَ,>aHoyaA,Hyy,V,P,1P,root
hayat,25:58:3,HaY~i,حَىِّ,Hay~,Hyy,N,S,MS,root
hayat,25:75:8,taHiy~apF,تَحِيَّةً,taHiy~ap,Hyy,N,,,root
hayat,26:81:4,yuHoyiy,يُحْيِي,>aHoyaA,Hyy,V,S,3MS,root
hayat,28:4:14,yasotaHoYi.,يَسْتَحْىِۦ,yasotaHoYi.^,Hyy,V,S,3MS,root
hayat,28:25:5,{sotiHoyaA^'K,ٱسْتِحْيَآءٍ,{sotiHoyaA^',Hyy,N,,,root
hayat,28:60:6,Hayaw`pi,حَيَوٰةِ,Hayaw`p,Hyy,N,,,lemma+root
hayat,28:61:10,Hayaw`pi,حَيَوٰةِ,Hayaw`p,Hyy,N,,,lemma+root
hayat,28:79:9,Hayaw`pa,حَيَوٰةَ,Hayaw`p,Hyy,N,,,lemma+root
hayat,29:25:11,Hayaw`pi,حَيَوٰةِ,Hayaw`p,Hyy,N,,,lemma+root
hayat,29:63:8,>aHoyaA,أَحْيَا,>aHoyaA,Hyy,V,S,3MS,root
hayat,29:64:3,Hayaw`pu,حَيَوٰةُ,Hayaw`p,Hyy,N,,,lemma+root
hayat,29:64:12,HayawaAnu,حَيَوَانُ,HayawaAn,Hyy,N,,,variant+root
hayat,30:7:4,Hayaw`pi,حَيَوٰةِ,Hayaw`p,Hyy,N,,,lemma+root
hayat,30:19:2,HaY~a,حَىَّ,Hay~,Hyy,N,S,MS,root
hayat,30:19:8,HaY~i,حَىِّ,Hay~,Hyy,N,S,MS,root
hayat,30:19:9,yuHoYi,يُحْىِ,>aHoyaA,Hyy,V,S,3MS,root
hayat,30:24:11,yuHoYi.,يُحْىِۦ,>aHoyaA,Hyy,V,S,3MS,root
hayat,30:40:9,yuHoyiy,يُحْيِي,>aHoyaA,Hyy,V,S,3MS,root
hayat,30:50:7,yuHoYi,يُحْىِ,>aHoyaA,Hyy,V,S,3MS,root
hayat,30:50:13,muHoYi,مُحْىِ,muHoY,Hyy,N,,,root
hayat,31:33:25,Hayaw`pu,حَيَوٰةُ,Hayaw`p,Hyy,N,,,lemma+root
hayat,33:28:8,Hayaw`pa,حَيَوٰةَ,Hayaw`p,Hyy,N,,,lemma+root
hayat,33:44:1,taHiy~atu,تَحِيَّتُ,taHiy~ap,Hyy,N,,,root
hayat,33:53:32,yasotaHoYi.,يَسْتَحْىِۦ,yasotaHoYi.^,Hyy,V,S,3MS,root
hayat,33:53:36,yasotaHoYi.,يَسْتَحْىِۦ,yasotaHoYi.^,Hyy,V,S,3MS,root
hayat,35:5:9,Hayaw`pu,حَيَوٰةُ,Hayaw`p,Hyy,N,,,lemma+root
hayat,35:9:11,>aHoyayo,أَحْيَيْ,>aHoyaA,Hyy,V,P,1P,root
hayat,35:22:3,>aHoyaA^'u,أَحْيَآءُ,Hay~,Hyy,N,P,MP,root
hayat,36:12:3,nuHoYi,نُحْىِ,>aHoyaA,Hyy,V,P,1P,root
hayat,36:33:5,>aHoyayo,أَحْيَيْ,>aHoyaA,Hyy,V,P,1P,root
hayat,36:70:4,Hay~FA,حَيًّا,Hay~,Hyy,N,S,MS,root
hayat,36:78:8,yuHoYi,يُحْىِ,>aHoyaA,Hyy,V,S,3MS,root
hayat,36:79:2,yuHoyiy,يُحْيِي,>aHoyaA,Hyy,V,S,3MS,root
hayat,39:26:5,Hayaw`pi,حَيَوٰةِ,Hayaw`p,Hyy,N,,,lemma+root
hayat,40:11:5,>aHoyayo,أَحْيَيْ,>aHoyaA,Hyy,V,S,2MS,root
hayat,40:25:12,{sotaHoyu,ٱسْتَحْيُ,yasotaHoYi.^,Hyy,V,P,2MP,root
hayat,40:39:4,Hayaw`pu,حَيَوٰةُ,Hayaw`p,Hyy,N,,,lemma+root
hayat,40:51:7,Hayaw`pi,حَيَوٰةِ,Hayaw`p,Hyy,N,,,lemma+root
hayat,40:65:2,HaY~u,حَىُّ,Hay~,Hyy,N,S,MS,root
hayat,40:68:3,yuHoYi.,يُحْىِۦ,>aHoyaA,Hyy,V,S,3MS,root
hayat,41:16:12,Hayaw`pi,حَيَوٰةِ,Hayaw`p,Hyy,N,,,lemma+root
hayat,41:31:4,Hayaw`pi,حَيَوٰةِ,Hayaw`p,Hyy,N,,,lemma+root
hayat,41:39:15,>aHoyaA,أَحْيَا,>aHoyaA,Hyy,V,S,3MS,root
hayat,41:39:16,muHoYi,مُحْىِ,muHoY,Hyy,N,,,root
hayat,42:9:10,yuHoYi,يُحْىِ,>aHoyaA,Hyy,V,S,3MS,root
hayat,42:36:6,Hayaw`pi,حَيَوٰةِ,Hayaw`p,Hyy,N,,,lemma+root
hayat,43:32:10,Hayaw`pi,حَيَوٰةِ,Hayaw`p,Hyy,N,,,lemma+root
hayat,43:35:7,Hayaw`pi,حَيَوٰةِ,Hayaw`p,Hyy,N,,,lemma+root
hayat,44:8:5,yuHoYi.,يُحْىِۦ,>aHoyaA,Hyy,V,S,3MS,root
hayat,45:5:11,>aHoyaA,أَحْيَا,>aHoyaA,Hyy,V,S,3MS,root
hayat,45:21:13,m~aHoyaA,مَّحْيَا,m~aHoyaA,Hyy,N,,,variant+root
hayat,45:24:5,HayaAtu,حَيَاتُ,Hayaw`p,Hyy,N,,,lemma+root
hayat,45:24:8,naHoyaA,نَحْيَا,HaY~a,Hyy,V,P,1P,root
hayat,45:26:3,yuHoyiy,يُحْيِي,>aHoyaA,Hyy,V,S,3MS,root
hayat,45:35:8,Hayaw`pu,حَيَوٰةُ,Hayaw`p,Hyy,N,,,lemma+root
hayat,46:20:10,HayaAti,حَيَاتِ,Hayaw`p,Hyy,N,,,lemma+root
hayat,46:33:15,yuHo.iYa,يُحْۦِىَ,>aHoyaA,Hyy,V,S,3MS,root
hayat,47:36:2,Hayaw`pu,حَيَوٰةُ,Hayaw`p,Hyy,N,,,lemma+root
hayat,50:11:3,>aHoyayo,أَحْيَيْ,>aHoyaA,Hyy,V,P,1P,root
hayat,50:43:3,nuHoYi.,نُحْىِۦ,>aHoyaA,Hyy,V,P,1P,root
hayat,53:29:10,Hayaw`pa,حَيَوٰةَ,Hayaw`p,Hyy,N,,,lemma+root
hayat,53:44:4,>aHoyaA,أَحْيَا,>aHoyaA,Hyy,V,S,3MS,root
hayat,57:2:5,yuHoYi.,يُحْىِۦ,>aHoyaA,Hyy,V,S,3MS,root
hayat,57:17:4,yuHoYi,يُحْىِ,>aHoyaA,Hyy,V,S,3MS,root
hayat,57:20:3,Hayaw`pu,حَيَوٰةُ,Hayaw`p,Hyy,N,,,lemma+root
hayat,57:20:35,Hayaw`pu,حَيَوٰةُ,Hayaw`p,Hyy,N,,,lemma+root
hayat,58:8:20,Hay~a,حَيَّ,Hay~a,Hyy,V,P,3MP,root
hayat,58:8:23,yuHay~i,يُحَيِّ,Hay~a,Hyy,V,S,3MS,root
hayat,67:2:4,Hayaw`pa,حَيَوٰةَ,Hayaw`p,Hyy,N,,,lemma+root
hayat,75:40:6,yuHo.iYa,يُحْۦِىَ,>aHoyaA,Hyy,V,S,3MS,root
hayat,77:26:1,>aHoyaA^'F,أَحْيَآءً,Hay~,Hyy,N,P,MP,root
hayat,79:38:2,Hayaw`pa,حَيَوٰةَ,Hayaw`p,Hyy,N,,,lemma+root
hayat,87:13:6,yaHoyaY`,يَحْيَىٰ,HaY~a,Hyy,V,S,3MS,root
hayat,87:16:3,Hayaw`pa,حَيَوٰةَ,Hayaw`p,Hyy,N,,,lemma+root
hayat,89:24:4,HayaAti,حَيَاتِ,Hayaw`p,Hyy,N,,,lemma+root
mawt,2:19:16,mawoti,مَوْتِ,mawot,mwt,N,,,lemma+root
mawt,2:28:5,>amowa`tFA,أَمْوَٰتًا,m~ay~it,mwt,N,P,MP,root
mawt,2:28:8,yumiytu,يُمِيتُ,>amaAta,mwt,V,S,3MS,root
mawt,2:56:5,mawoti,مَوْتِ,mawot,mwt,N,,,lemma+root
mawt,2:73:7,mawotaY`,مَوْتَىٰ,m~ay~it,mwt,N,P,P,root
mawt,2:94:14,mawota,مَوْتَ,mawot,mwt,N,,,lemma+root
mawt,2:132:13,tamuwtu,تَمُوتُ,m~aAta,mwt,V,P,2MP,root
mawt,2:133:7,mawotu,مَوْتُ,mawot,mwt,N,,,lemma+root
mawt,2:154:8,>amowa`tN[,أَمْوَٰتٌۢ,m~ay~it,mwt,N,P,MP,root
mawt,2:161:4,maAtu,مَاتُ,m~aAta,mwt,V,P,3MP,root
mawt,2:164:28,mawoti,مَوْتِ,mawot,mwt,N,,,lemma+root
mawt,2:173:4,mayotapa,مَيْتَةَ,mayotap,mwt,N,S,FS,root
mawt,2:180:6,mawotu,مَوْتُ,mawot,mwt,N,,,lemma+root
mawt,2:217:43,yamuto,يَمُتْ,m~aAta,mwt,V,S,3MS,root
mawt,2:243:11,mawoti,مَوْتِ,mawot,mwt,N,,,lemma+root
mawt,2:243:15,muwtu,مُوتُ,m~aAta,mwt,V,P,2MP,root
mawt,2:258:19,yumiytu,يُمِيتُ,>amaAta,mwt,V,S,3MS,root
mawt,2:258:23,>umiytu,أُمِيتُ,>amaAta,mwt,V,S,1S,root
mawt,2:259:16,mawoti,مَوْتِ,mawot,mwt,N,,,lemma+root
mawt,2:259:17,>amaAta,أَمَاتَ,>amaAta,mwt,V,S,3MS,root
mawt,2:260:8,mawotaY`,مَوْتَىٰ,m~ay~it,mwt,N,P,P,root
mawt,3:27:12,may~iti,مَيِّتِ,m~ay~it,mwt,N,S,MS,root
mawt,3:27:14,may~ita,مَيِّتَ,m~ay~it,mwt,N,S,MS,root
mawt,3:49:28,mawotaY`,مَوْتَىٰ,m~ay~it,mwt,N,P,P,root
mawt,3:91:4,maAtu,مَاتُ,m~aAta,mwt,V,P,3MP,root
mawt,3:102:9,tamuwtu,تَمُوتُ,m~aAta,mwt,V,P,2MP,root
mawt,3:119:21,muwtu,مُوتُ,m~aAta,mwt,V,P,2MP,root
mawt,3:143:4,mawota,مَوْتَ,mawot,mwt,N,,,lemma+root
mawt,3:144:11,m~aAta,مَّاتَ,m~aAta,mwt,V,S,3MS,root
mawt,3:145:5,tamuwta,تَمُوتَ,m~aAta,mwt,V,S,3FS,root
mawt,3:156:21,maAtu,مَاتُ,m~aAta,mwt,V,P,3MP,root
mawt,3:156:32,yumiytu,يُمِيتُ,>amaAta,mwt,V,S,3MS,root
mawt,3:157:7,mu,مُ,m~aAta,mwt,V,P,2MP,root
mawt,3:158:2,m~u,مُّ,m~aAta,mwt,V,P,2MP,root
mawt,3:168:13,mawota,مَوْتَ,mawot,mwt,N,,,lemma+root
mawt,3:169:8,>amowa`tF[A,أَمْوَٰتًۢا,m~ay~it,mwt,N,P,MP,root
mawt,3:185:4,mawoti,مَوْتِ,mawot,mwt,N,,,lemma+root
mawt,4:15:17,mawotu,مَوْتُ,mawot,mwt,N,,,lemma+root
mawt,4:18:10,mawotu,مَوْتُ,mawot,mwt,N,,,lemma+root
mawt,4:18:17,yamuwtu,يَمُوتُ,m~aAta,mwt,V,P,3MP,root
mawt,4:78:4,mawotu,مَوْتُ,mawot,mwt,N,,,lemma+root
mawt,4:100:22,mawotu,مَوْتُ,mawot,mwt,N,,,lemma+root
mawt,4:159:9,mawoti,مَوْتِ,mawot,mwt,N,,,lemma+root
mawt,5:3:3,mayotapu,مَيْتَةُ,mayotap,mwt,N,S,FS,root
mawt,5:106:9,mawotu,مَوْتُ,mawot,mwt,N,,,lemma+root
mawt,5:106:27,mawoti,مَوْتِ,mawot,mwt,N,,,lemma+root
mawt,5:110:45,mawotaY`,مَوْتَىٰ,m~ay~it,mwt,N,P,P,root
mawt,6:36:5,mawotaY`,مَوْتَىٰ,m~ay~it,mwt,N,P,P,root
mawt,6:61:12,mawotu,مَوْتُ,mawot,mwt,N,,,lemma+root
mawt,6:93:29,mawoti,مَوْتِ,mawot,mwt,N,,,lemma+root
mawt,6:95:9,may~iti,مَيِّتِ,m~ay~it,mwt,N,S,MS,root
mawt,6:95:11,may~iti,مَيِّتِ,m~ay~it,mwt,N,S,MS,root
mawt,6:111:7,mawotaY`,مَوْتَىٰ,m~ay~it,mwt,N,P,P,root
mawt,6:122:3,mayotFA,مَيْتًا,m~ayot,mwt,N,S,MS,root
mawt,6:139:14,m~ayotapF,مَّيْتَةً,mayotap,mwt,N,S,FS,root
mawt,6:145:15,mayotapF,مَيْتَةً,mayotap,mwt,N,S,FS,root
mawt,6:162:6,mamaAti,مَمَاتِ,mamaAt,mwt,N,,,variant+root
mawt,7:25:5,tamuwtu,تَمُوتُ,m~aAta,mwt,V,P,2MP,root
mawt,7:57:16,m~ay~itK,مَّيِّتٍ,m~ay~it,mwt,ADJ,S,MS,root
mawt,7:57:27,mawotaY`,مَوْتَىٰ,m~ay~it,mwt,N,P,P,root
mawt,7:158:19,yumiytu,يُمِيتُ,>amaAta,mwt,V,S,3MS,root
mawt,8:6:9,mawoti,مَوْتِ,mawot,mwt,N,,,lemma+root
mawt,9:84:6,m~aAta,مَّاتَ,m~aAta,mwt,V,S,3MS,root
mawt,9:84:16,maAtu,مَاتُ,m~aAta,mwt,V,P,3MP,root
mawt,9:116:8,yumiytu,يُمِيتُ,>amaAta,mwt,V,S,3MS,root
mawt,9:125:10,maAtu,مَاتُ,m~aAta,mwt,V,P,3MP,root
mawt,10:31:15,may~iti,مَيِّتِ,m~ay~it,mwt,N,S,MS,root
mawt,10:31:17,may~ita,مَيِّتَ,m~ay~it,mwt,N,S,MS,root
mawt,10:56:3,yumiytu,يُمِيتُ,>amaAta,mwt,V,S,3MS,root
mawt,11:7:23,mawoti,مَوْتِ,mawot,mwt,N,,,lemma+root
mawt,13:31:14,mawotaY`,مَوْتَىٰ,m~ay~it,mwt,N,P,P,root
mawt,14:17:6,mawotu,مَوْتُ,mawot,mwt,N,,,lemma+root
mawt,14:17:12,may~itK,مَيِّتٍ,m~ay~it,mwt,N,S,MS,root
mawt,15:23:4,numiytu,نُمِيتُ,>amaAta,mwt,V,P,1P,root
mawt,16:21:1,>amowa`tN,أَمْوَٰتٌ,m~ay~it,mwt,N,P,MP,root
mawt,16:38:9,yamuwtu,يَمُوتُ,m~aAta,mwt,V,S,3MS,root
mawt,16:65:10,mawoti,مَوْتِ,mawot,mwt,N,,,lemma+root
mawt,16:115:4,mayotapa,مَيْتَةَ,mayotap,mwt,N,S,FS,root
mawt,17:75:6,mamaAti,مَمَاتِ,mamaAt,mwt,N,,,variant+root
mawt,19:15:6,yamuwtu,يَمُوتُ,m~aAta,mwt,V,S,3MS,root
mawt,19:23:8,mi,مِ,m~aAta,mwt,V,S,1S,root
mawt,19:33:6,>amuwtu,أَمُوتُ,m~aAta,mwt,V,S,1S,root
mawt,19:66:5,mi,مِ,m~aAta,mwt,V,S,1S,root
mawt,20:74:10,yamuwtu,يَمُوتُ,m~aAta,mwt,V,S,3MS,root
mawt,21:34:8,m~i,مِّ,m~aAta,mwt,V,S,2MS,root
mawt,21:35:4,mawoti,مَوْتِ,mawot,mwt,N,,,lemma+root
mawt,22:6:8,mawotaY`,مَوْتَىٰ,m~ay~it,mwt,N,P,P,root
mawt,22:58:9,maAtu,مَاتُ,m~aAta,mwt,V,P,3MP,root
mawt,22:66:5,yumiytu,يُمِيتُ,>amaAta,mwt,V,S,3MS,root
mawt,23:15:5,may~ituwna,مَيِّتُونَ,m~ay~it,mwt,N,P,MP,root
mawt,23:35:4,mi,مِ,m~aAta,mwt,V,P,2MP,root
mawt,23:37:6,namuwtu,نَمُوتُ,m~aAta,mwt,V,P,1P,root
mawt,23:80:4,yumiytu,يُمِيتُ,>amaAta,mwt,V,S,3MS,root
mawt,23:82:3,mito,مِتْ,m~aAta,mwt,V,P,1P,root
mawt,23:99:5,mawotu,مَوْتُ,mawot,mwt,N,,,lemma+root
mawt,25:3:18,mawotFA,مَوْتًا,mawot,mwt,N,,,lemma+root
mawt,25:49:4,m~ayotFA,مَّيْتًا,m~ayot,mwt,ADJ,S,MS,root
mawt,25:58:6,yamuwtu,يَمُوتُ,m~aAta,mwt,V,S,3MS,root
mawt,26:81:2,yumiytu,يُمِيتُ,>amaAta,mwt,V,S,3MS,root
mawt,27:80:4,mawotaY`,مَوْتَىٰ,m~ay~it,mwt,N,P,P,root
mawt,29:57:4,mawoti,مَوْتِ,mawot,mwt,N,,,lemma+root
mawt,29:63:13,mawoti,مَوْتِ,mawot,mwt,N,,,lemma+root
mawt,30:19:4,may~iti,مَيِّتِ,m~ay~it,mwt,N,S,MS,root
mawt,30:19:6,may~ita,مَيِّتَ,m~ay~it,mwt,N,S,MS,root
mawt,30:19:12,mawoti,مَوْتِ,mawot,mwt,N,,,lemma+root
mawt,30:24:15,mawoti,مَوْتِ,mawot,mwt,N,,,lemma+root
mawt,30:40:7,yumiytu,يُمِيتُ,>amaAta,mwt,V,S,3MS,root
mawt,30:50:10,mawoti,مَوْتِ,mawot,mwt,N,,,lemma+root
mawt,30:50:14,mawotaY`,مَوْتَىٰ,m~ay~it,mwt,ADJ,P,P,root
mawt,30:52:4,mawotaY`,مَوْتَىٰ,m~ay~it,mwt,N,P,P,root
mawt,31:34:23,tamuwtu,تَمُوتُ,m~aAta,mwt,V,S,3FS,root
mawt,32:11:4,mawoti,مَوْتِ,mawot,mwt,N,,,lemma+root
mawt,33:16:8,mawoti,مَوْتِ,mawot,mwt,N,,,lemma+root
mawt,33:19:15,mawoti,مَوْتِ,mawot,mwt,N,,,lemma+root
mawt,34:14:4,mawota,مَوْتَ,mawot,mwt,N,,,lemma+root
mawt,34:14:8,mawoti,مَوْتِ,mawot,mwt,N,,,lemma+root
mawt,35:9:10,m~ay~itK,مَّيِّتٍ,m~ay~it,mwt,ADJ,S,MS,root
mawt,35:9:15,mawoti,مَوْتِ,mawot,mwt,N,,,lemma+root
mawt,35:22:5,>amowa`tu,أَمْوَٰتُ,m~ay~it,mwt,N,P,MP,root
mawt,35:36:9,yamuwtu,يَمُوتُ,m~aAta,mwt,V,P,3MP,root
mawt,36:12:4,mawotaY`,مَوْتَىٰ,m~ay~it,mwt,N,P,P,root
mawt,36:33:4,mayotapu,مَيْتَةُ,mayotap,mwt,ADJ,S,FS,root
mawt,37:16:2,mito,مِتْ,m~aAta,mwt,V,P,1P,root
mawt,37:53:2,mito,مِتْ,m~aAta,mwt,V,P,1P,root
mawt,37:58:3,may~itiyna,مَيِّتِينَ,m~ay~it,mwt,N,P,MP,root
mawt,37:59:2,mawotata,مَوْتَتَ,mawotat,mwt,N,,,variant+root
mawt,39:30:2,may~itN,مَيِّتٌ,m~ay~it,mwt,N,S,MS,root
mawt,39:30:4,m~ay~ituwna,مَّيِّتُونَ,m~ay~it,mwt,N,P,MP,root
mawt,39:42:5,mawoti,مَوْتِ,mawot,mwt,N,,,lemma+root
mawt,39:42:8,tamuto,تَمُتْ,m~aAta,mwt,V,S,3FS,root
mawt,39:42:15,mawota,مَوْتَ,mawot,mwt,N,,,lemma+root
mawt,40:11:3,>ama,أَمَ,>amaAta,mwt,V,S,2MS,root
mawt,40:68:4,yumiytu,يُمِيتُ,>amaAta,mwt,V,S,3MS,root
mawt,41:39:17,mawotaY`^,مَوْتَىٰٓ,m~ay~it,mwt,ADJ,P,P,root
mawt,42:9:11,mawotaY`,مَوْتَىٰ,m~ay~it,mwt,N,P,P,root
mawt,43:11:10,m~ayotFA,مَّيْتًا,m~ayot,mwt,ADJ,S,MS,root
mawt,44:8:6,yumiytu,يُمِيتُ,>amaAta,mwt,V,S,3MS,root
mawt,44:35:4,mawotatu,مَوْتَتُ,mawotat,mwt,N,,,variant+root
mawt,44:56:4,mawota,مَوْتَ,mawot,mwt,N,,,lemma+root
mawt,44:56:6,mawotapa,مَوْتَةَ,mawotat,mwt,N,,,variant+root
mawt,45:5:15,mawoti,مَوْتِ,mawot,mwt,N,,,lemma+root
mawt,45:21:14,mamaAtu,مَمَاتُ,mamaAt,mwt,N,,,variant+root
mawt,45:24:7,namuwtu,نَمُوتُ,m~aAta,mwt,V,P,1P,root
mawt,45:26:5,yumiytu,يُمِيتُ,>amaAta,mwt,V,S,3MS,root
mawt,46:33:16,mawotaY`,مَوْتَىٰ,m~ay~it,mwt,N,P,P,root
mawt,47:20:25,mawoti,مَوْتِ,mawot,mwt,N,,,lemma+root
mawt,47:34:9,maAtu,مَاتُ,m~aAta,mwt,V,P,3MP,root
mawt,49:12:24,mayotFA,مَيْتًا,m~ayot,mwt,ADJ,S,MS,root
mawt,50:3:2,mito,مِتْ,m~aAta,mwt,V,P,1P,root
mawt,50:11:6,m~ayotFA,مَّيْتًا,m~ayot,mwt,ADJ,S,MS,root
mawt,50:19:3,mawoti,مَوْتِ,mawot,mwt,N,,,lemma+root
mawt,50:43:4,numiytu,نُمِيتُ,>amaAta,mwt,V,P,1P,root
mawt,53:44:3,>amaAta,أَمَاتَ,>amaAta,mwt,V,S,3MS,root
mawt,56:47:4,mito,مِتْ,m~aAta,mwt,V,P,1P,root
mawt,56:60:4,mawota,مَوْتَ,mawot,mwt,N,,,lemma+root
mawt,57:2:6,yumiytu,يُمِيتُ,>amaAta,mwt,V,S,3MS,root
mawt,57:17:7,mawoti,مَوْتِ,mawot,mwt,N,,,lemma+root
mawt,62:6:14,mawota,مَوْتَ,mawot,mwt,N,,,lemma+root
mawt,62:8:3,mawota,مَوْتَ,mawot,mwt,N,,,lemma+root
mawt,63:10:10,mawotu,مَوْتُ,mawot,mwt,N,,,lemma+root
mawt,67:2:3,mawota,مَوْتَ,mawot,mwt,N,,,lemma+root
mawt,75:40:7,mawotaY`,مَوْتَىٰ,m~ay~it,mwt,N,P,P,root
mawt,77:26:2,>amowa`tFA,أَمْوَٰتًا,m~ay~it,mwt,N,P,MP,root
mawt,80:21:2,>amaAta,أَمَاتَ,>amaAta,mwt,V,S,3MS,root
mawt,87:13:3,yamuwtu,يَمُوتُ,m~aAta,mwt,V,S,3MS,root
rajul,2:228:35,r~ijaAli,رِّجَالِ,rijaAl,rjl,N,P,MP,variant+root
rajul,2:239:3,rijaAlFA,رِجَالًا,rijaAl,rjl,N,P,MP,variant+root
rajul,2:282:55,r~ijaAli,رِّجَالِ,rijaAl,rjl,N,P,MP,variant+root
rajul,2:282:59,rajulayoni,رَجُلَيْنِ,rajul,rjl,N,D,MD,lemma+root
rajul,2:282:60,rajulN,رَجُلٌ,rajul,rjl,N,,,lemma+root
rajul,4:1:15,rijaAlFA,رِجَالًا,rijaAl,rjl,N,P,MP,variant+root
rajul,4:7:1,r~ijaAli,رِّجَالِ,rijaAl,rjl,N,P,MP,variant+root
rajul,4:12:52,rajulN,رَجُلٌ,rajul,rjl,N,,,lemma+root
rajul,4:32:10,r~ijaAli,رِّجَالِ,rijaAl,rjl,N,P,MP,variant+root
rajul,4:34:1,r~ijaAlu,رِّجَالُ,rijaAl,rjl,N,P,MP,variant+root
rajul,4:75:10,r~ijaAli,رِّجَالِ,rijaAl,rjl,N,P,MP,variant+root
rajul,4:98:4,r~ijaAli,رِّجَالِ,rijaAl,rjl,N,P,MP,variant+root
rajul,4:176:36,r~ijaAlFA,رِّجَالًا,rijaAl,rjl,N,P,MP,variant+root
rajul,5:6:15,>arojula,أَرْجُلَ,rijol,rjl,N,P,FP,root
rajul,5:23:2,rajulaAni,رَجُلَانِ,rajul,rjl,N,D,MD,lemma+root
rajul,5:33:18,>arojulu,أَرْجُلُ,rijol,rjl,N,P,FP,root
rajul,5:66:16,>arojuli,أَرْجُلِ,rijol,rjl,N,P,FP,root
rajul,6:9:5,rajulFA,رَجُلًا,rajul,rjl,N,,,lemma+root
rajul,6:65:14,>arojuli,أَرْجُلِ,rijol,rjl,N,P,FP,root
rajul,7:46:5,rijaAlN,رِجَالٌ,rijaAl,rjl,N,P,MP,variant+root
rajul,7:48:4,rijaAlFA,رِجَالًا,rijaAl,rjl,N,P,MP,variant+root
rajul,7:63:8,rajulK,رَجُلٍ,rajul,rjl,N,,,lemma+root
rajul,7:69:8,rajulK,رَجُلٍ,rajul,rjl,N,,,lemma+root
rajul,7:81:3,r~ijaAla,رِّجَالَ,rijaAl,rjl,N,P,MP,variant+root
rajul,7:124:3,>arojula,أَرْجُلَ,rijol,rjl,N,P,FP,root
rajul,7:155:5,rajulFA,رَجُلًا,rajul,rjl,N,,,lemma+root
rajul,7:195:2,>arojulN,أَرْجُلٌ,rijol,rjl,N,P,FP,root
rajul,9:108:17,rijaAlN,رِجَالٌ,rijaAl,rjl,N,P,MP,variant+root
rajul,10:2:7,rajulK,رَجُلٍ,rajul,rjl,N,,,lemma+root
rajul,11:78:25,rajulN,رَجُلٌ,rajul,rjl,N,,,lemma+root
rajul,12:109:6,rijaAlFA,رِجَالًا,rijaAl,rjl,N,P,MP,variant+root
rajul,16:43:6,rijaAlFA,رِجَالًا,rijaAl,rjl,N,P,MP,variant+root
rajul,16:76:4,r~ajulayoni,رَّجُلَيْنِ,rajul,rjl,N,D,MD,lemma+root
rajul,17:47:18,rajulFA,رَجُلًا,rajul,rjl,N,,,lemma+root
rajul,17:64:9,rajili,رَجِلِ,rajil,rjl,N,,,root
rajul,18:32:4,r~ajulayoni,رَّجُلَيْنِ,rajul,rjl,N,D,MD,lemma+root
rajul,18:37:16,rajulFA,رَجُلًا,rajul,rjl,N,,,lemma+root
rajul,20:71:15,>arojula,أَرْجُلَ,rijol,rjl,N,P,FP,root
rajul,21:7:5,rijaAlFA,رِجَالًا,rijaAl,rjl,N,P,MP,variant+root
rajul,22:27:6,rijaAlFA,رِجَالًا,rijaAl,rjl,N,P,MP,variant+root
rajul,23:25:4,rajulN[,رَجُلٌۢ,rajul,rjl,N,,,lemma+root
rajul,23:38:4,rajulN,رَجُلٌ,rajul,rjl,N,,,lemma+root
rajul,24:24:6,>arojulu,أَرْجُلُ,rijol,rjl,N,P,FP,root
rajul,24:31:54,r~ijaAli,رِّجَالِ,rijaAl,rjl,N,P,MP,variant+root
rajul,24:31:65,>arojuli,أَرْجُلِ,rijol,rjl,N,P,FP,root
rajul,24:37:1,rijaAlN,رِجَالٌ,rijaAl,rjl,N,P,MP,variant+root
rajul,24:45:16,rijolayoni,رِجْلَيْنِ,rijol,rjl,N,D,MD,root
rajul,25:8:16,rajulFA,رَجُلًا,rajul,rjl,N,,,lemma+root
rajul,26:49:17,>arojula,أَرْجُلَ,rijol,rjl,N,P,FP,root
rajul,27:55:3,r~ijaAla,رِّجَالَ,rijaAl,rjl,N,P,MP,variant+root
rajul,28:15:10,rajulayoni,رَجُلَيْنِ,rajul,rjl,N,D,MD,lemma+root
rajul,28:20:2,rajulN,رَجُلٌ,rajul,rjl,N,,,lemma+root
rajul,29:29:3,r~ijaAla,رِّجَالَ,rijaAl,rjl,N,P,MP,variant+root
rajul,29:55:8,>arojuli,أَرْجُلِ,rijol,rjl,N,P,FP,root
rajul,33:4:4,rajulK,رَجُلٍ,rajul,rjl,N,,,lemma+root
rajul,33:23:3,rijaAlN,رِجَالٌ,rijaAl,rjl,N,P,MP,variant+root
rajul,33:40:7,r~ijaAli,رِّجَالِ,rijaAl,rjl,N,P,MP,variant+root
rajul,34:7:7,rajulK,رَجُلٍ,rajul,rjl,N,,,lemma+root
rajul,34:43:10,rajulN,رَجُلٌ,rajul,rjl,N,,,lemma+root
rajul,36:20:5,rajulN,رَجُلٌ,rajul,rjl,N,,,lemma+root
rajul,36:65:8,>arojulu,أَرْجُلُ,rijol,rjl,N,P,FP,root
rajul,38:42:2,rijoli,رِجْلِ,rijol,rjl,N,,,root
rajul,38:62:6,rijaAlFA,رِجَالًا,rijaAl,rjl,N,P,MP,variant+root
rajul,39:29:4,r~ajulFA,رَّجُلًا,rajul,rjl,N,,,lemma+root
rajul,39:29:8,rajulFA,رَجُلًا,rajul,rjl,N,,,lemma+root
rajul,39:29:10,rajulK,رَجُلٍ,rajul,rjl,N,,,lemma+root
rajul,40:28:2,rajulN,رَجُلٌ,rajul,rjl,N,,,lemma+root
rajul,40:28:10,rajulFA,رَجُلًا,rajul,rjl,N,,,lemma+root
rajul,43:31:7,rajulK,رَجُلٍ,rajul,rjl,N,,,lemma+root
rajul,48:25:14,rijaAlN,رِجَالٌ,rijaAl,rjl,N,P,MP,variant+root
rajul,60:12:26,>arojuli,أَرْجُلِ,rijol,rjl,N,P,FP,root
rajul,72:6:3,rijaAlN,رِجَالٌ,rijaAl,rjl,N,P,MP,variant+root
rajul,72:6:7,rijaAlK,رِجَالٍ,rijaAl,rjl,N,P,MP,variant+root
imraa,2:49:12,nisaA^'a,نِسَآءَ,nisaA^',nsw,N,P,FP,variant
imraa,2:102:41,maro'i,مَرْءِ,maro',mrA,N,,,root
imraa,2:187:7,nisaA^}i,نِسَآئِ,nisaA^',nsw,N,P,FP,variant
imraa,2:222:8,n~isaA^'a,نِّسَآءَ,nisaA^',nsw,N,P,FP,variant
imraa,2:223:1,nisaA^&u,نِسَآؤُ,nisaA^',nsw,N,P,FP,variant
imraa,2:226:4,n~isaA^}i,نِّسَآئِ,nisaA^',nsw,N,P,FP,variant
imraa,2:231:3,n~isaA^'a,نِّسَآءَ,nisaA^',nsw,N,P,FP,variant
imraa,2:232:3,n~isaA^'a,نِّسَآءَ,nisaA^',nsw,N,P,FP,variant
imraa,2:235:9,n~isaA^'i,نِّسَآءِ,nisaA^',nsw,N,P,FP,variant
imraa,2:236:6,n~isaA^'a,نِّسَآءَ,nisaA^',nsw,N,P,FP,variant
imraa,2:282:61,{mora>ataAni,ٱمْرَأَتَانِ,{mora>at,mrA,N,D,FD,lemma+root
imraa,3:14:6,n~isaA^'i,نِّسَآءِ,nisaA^',nsw,N,P,FP,variant
imraa,3:35:3,{mora>atu,ٱمْرَأَتُ,{mora>at,mrA,N,,,lemma+root
imraa,3:40:10,{mora>ati,ٱمْرَأَتِ,{mora>at,mrA,N,,,lemma+root
imraa,3:42:11,nisaA^'i,نِسَآءِ,nisaA^',nsw,N,P,FP,variant
imraa,3:61:15,nisaA^'a,نِسَآءَ,nisaA^',nsw,N,P,FP,variant
imraa,3:61:16,nisaA^'a,نِسَآءَ,nisaA^',nsw,N,P,FP,variant
imraa,4:1:17,nisaA^'F,نِسَآءً,nisaA^',nsw,N,P,FP,variant
imraa,4:3:12,n~isaA^'i,نِّسَآءِ,nisaA^',nsw,N,P,FP,variant
imraa,4:4:2,n~isaA^'a,نِّسَآءَ,nisaA^',nsw,N,P,FP,variant
imraa,4:4:14,m~ariy^_#FA,مَّرِيٓـًٔا,m~ariy^_#,mrA,ADJ,S,MS,root
imraa,4:7:7,n~isaA^'i,نِّسَآءِ,nisaA^',nsw,N,P,FP,variant
imraa,4:11:11,nisaA^'F,نِسَآءً,nisaA^',nsw,N,P,FP,variant
imraa,4:12:56,{mora>apN,ٱمْرَأَةٌ,{mora>at,mrA,N,,,lemma+root
imraa,4:15:5,n~isaA^}i,نِّسَآئِ,nisaA^',nsw,N,P,FP,variant
imraa,4:19:9,n~isaA^'a,نِّسَآءَ,nisaA^',nsw,N,P,FP,variant
imraa,4:22:7,n~isaA^'i,نِّسَآءِ,nisaA^',nsw,N,P,FP,variant
imraa,4:23:19,nisaA^}i,نِسَآئِ,nisaA^',nsw,N,P,FP,variant
imraa,4:23:25,n~isaA^}i,نِّسَآئِ,nisaA^',nsw,N,P,FP,variant
imraa,4:24:3,n~isaA^'i,نِّسَآءِ,nisaA^',nsw,N,P,FP,variant
imraa,4:32:14,n~isaA^'i,نِّسَآءِ,nisaA^',nsw,N,P,FP,variant
imraa,4:34:4,n~isaA^'i,نِّسَآءِ,nisaA^',nsw,N,P,FP,variant
imraa,4:43:34,n~isaA^'a,نِّسَآءَ,nisaA^',nsw,N,P,FP,variant
imraa,4:75:11,n~isaA^'i,نِّسَآءِ,nisaA^',nsw,N,P,FP,variant
imraa,4:98:5,n~isaA^'i,نِّسَآءِ,nisaA^',nsw,N,P,FP,variant
imraa,4:127:3,n~isaA^'i,نِّسَآءِ,nisaA^',nsw,N,P,FP,variant
imraa,4:127:15,n~isaA^'i,نِّسَآءِ,nisaA^',nsw,N,P,FP,variant
imraa,4:128:2,{mora>apN,ٱمْرَأَةٌ,{mora>at,mrA,N,,,lemma+root
imraa,4:129:6,n~isaA^'i,نِّسَآءِ,nisaA^',nsw,N,P,FP,variant
imraa,4:176:8,{moru&NA@,ٱمْرُؤٌا۟,{moru&NA,mrA,N,,,root
imraa,4:176:37,nisaA^'F,نِسَآءً,nisaA^',nsw,N,P,FP,variant
imraa,5:6:36,n~isaA^'a,نِّسَآءَ,nisaA^',nsw,N,P,FP,variant
imraa,7:81:7,n~isaA^'i,نِّسَآءِ,nisaA^',nsw,N,P,FP,variant
imraa,7:83:4,{mora>ata,ٱمْرَأَتَ,{mora>at,mrA,N,,,lemma+root
imraa,7:127:18,nisaA^'a,نِسَآءَ,nisaA^',nsw,N,P,FP,variant
imraa,7:141:12,nisaA^'a,نِسَآءَ,nisaA^',nsw,N,P,FP,variant
imraa,8:24:16,maro'i,مَرْءِ,maro',mrA,N,,,root
imraa,11:71:1,{mora>atu,ٱمْرَأَتُ,{mora>at,mrA,N,,,lemma+root
imraa,11:81:19,{mora>ata,ٱمْرَأَتَ,{mora>at,mrA,N,,,lemma+root
imraa,12:21:6,{mora>ati,ٱمْرَأَتِ,{mora>at,mrA,N,,,lemma+root
imraa,12:30:2,nisowapN,نِسْوَةٌ,nisaA^',nsw,N,P,FP,variant
imraa,12:30:5,{mora>atu,ٱمْرَأَتُ,{mora>at,mrA,N,,,lemma+root
imraa,12:50:15,n~isowapi,نِّسْوَةِ,nisaA^',nsw,N,P,FP,variant
imraa,12:51:18,{mora>atu,ٱمْرَأَتُ,{mora>at,mrA,N,,,lemma+root
imraa,14:6:20,nisaA^'a,نِسَآءَ,nisaA^',nsw,N,P,FP,variant
imraa,15:60:2,{mora>ata,ٱمْرَأَتَ,{mora>at,mrA,N,,,lemma+root
imraa,19:5:7,{mora>ati,ٱمْرَأَتِ,{mora>at,mrA,N,,,lemma+root
imraa,19:8:8,{mora>ati,ٱمْرَأَتِ,{mora>at,mrA,N,,,lemma+root
imraa,19:28:6,{mora>a,ٱمْرَأَ,{mora>,mrA,N,,,root
imraa,24:11:16,{mori}K,ٱمْرِئٍ,{mori},mrA,N,,,root
imraa,24:31:43,nisaA^}i,نِسَآئِ,nisaA^',nsw,N,P,FP,variant
imraa,24:31:62,n~isaA^'i,نِّسَآءِ,nisaA^',nsw,N,P,FP,variant
imraa,24:60:3,n~isaA^'i,نِّسَآءِ,nisaA^',nsw,N,P,FP,variant
imraa,27:23:3,{mora>apF,ٱمْرَأَةً,{mora>at,mrA,N,,,lemma+root
imraa,27:55:7,n~isaA^'i,نِّسَآءِ,nisaA^',nsw,N,P,FP,variant
imraa,27:57:4,{mora>ata,ٱمْرَأَتَ,{mora>at,mrA,N,,,lemma+root
imraa,28:4:15,nisaA^'a,نِسَآءَ,nisaA^',nsw,N,P,FP,variant
imraa,28:9:2,{mora>atu,ٱمْرَأَتُ,{mora>at,mrA,N,,,lemma+root
imraa,28:23:14,{mora>atayoni,ٱمْرَأَتَيْنِ,{mora>at,mrA,N,D,FD,lemma+root
imraa,29:32:13,{mora>ata,ٱمْرَأَتَ,{mora>at,mrA,N,,,lemma+root
imraa,29:33:20,{mora>ata,ٱمْرَأَتَ,{mora>at,mrA,N,,,lemma+root
imraa,33:30:1,nisaA^'a,نِسَآءَ,nisaA^',nsw,N,P,FP,variant
imraa,33:32:1,nisaA^'a,نِسَآءَ,nisaA^',nsw,N,P,FP,variant
imraa,33:32:6,n~isaA^'i,نِّسَآءِ,nisaA^',nsw,N,P,FP,variant
imraa,33:50:28,{mora>apF,ٱمْرَأَةً,{mora>at,mrA,N,,,lemma+root
imraa,33:52:4,n~isaA^'u,نِّسَآءُ,nisaA^',nsw,N,P,FP,variant
imraa,33:55:17,nisaA^}i,نِسَآئِ,nisaA^',nsw,N,P,FP,variant
imraa,33:59:6,nisaA^'i,نِسَآءِ,nisaA^',nsw,N,P,FP,variant
imraa,40:25:13,nisaA^'a,نِسَآءَ,nisaA^',nsw,N,P,FP,variant
imraa,48:25:16,nisaA^'N,نِسَآءٌ,nisaA^',nsw,N,P,FP,variant
imraa,49:11:15,nisaA^'N,نِسَآءٌ,nisaA^',nsw,N,P,FP,variant
imraa,49:11:17,n~isaA^'K,نِّسَآءٍ,nisaA^',nsw,N,P,FP,variant
imraa,51:29:2,{mora>atu,ٱمْرَأَتُ,{mora>at,mrA,N,,,lemma+root
imraa,52:21:16,{mori}K],ٱمْرِئٍۭ,{mori},mrA,N,,,root
imraa,58:2:5,n~isaA^}i,نِّسَآئِ,nisaA^',nsw,N,P,FP,variant
imraa,58:3:4,n~isaA^}i,نِّسَآئِ,nisaA^',nsw,N,P,FP,variant
imraa,65:1:5,n~isaA^'a,نِّسَآءَ,nisaA^',nsw,N,P,FP,variant
imraa,65:4:6,n~isaA^}i,نِّسَآئِ,nisaA^',nsw,N,P,FP,variant
imraa,66:10:6,{mora>ata,ٱمْرَأَتَ,{mora>at,mrA,N,,,lemma+root
imraa,66:10:8,{mora>ata,ٱمْرَأَتَ,{mora>at,mrA,N,,,lemma+root
imraa,66:11:6,{mora>ata,ٱمْرَأَتَ,{mora>at,mrA,N,,,lemma+root
imraa,70:38:3,{mori}K,ٱمْرِئٍ,{mori},mrA,N,,,root
imraa,74:52:4,{mori}K,ٱمْرِئٍ,{mori},mrA,N,,,root
imraa,78:40:7,maro'u,مَرْءُ,maro',mrA,N,,,root
imraa,80:34:3,maro'u,مَرْءُ,maro',mrA,N,,,root
imraa,80:37:2,{mori}K,ٱمْرِئٍ,{mori},mrA,N,,,root
imraa,111:4:1,{mora>atu,ٱمْرَأَتُ,{mora>at,mrA,N,,,lemma+root
zakat,2:43:4,z~akaw`pa,زَّكَوٰةَ,zakaw`p,zkw,N,,,lemma+root
zakat,2:83:22,z~akaw`pa,زَّكَوٰةَ,zakaw`p,zkw,N,,,lemma+root
zakat,2:110:4,z~akaw`pa,زَّكَوٰةَ,zakaw`p,zkw,N,,,lemma+root
zakat,2:129:12,yuzak~iy,يُزَكِّي,zak~aY`,zkw,V,S,3MS,root
zakat,2:151:9,yuzak~iy,يُزَكِّي,zak~aY`,zkw,V,S,3MS,root
zakat,2:174:26,yuzak~iy,يُزَكِّي,zak~aY`,zkw,V,S,3MS,root
zakat,2:177:35,z~akaw`pa,زَّكَوٰةَ,zakaw`p,zkw,N,,,lemma+root
zakat,2:232:26,>azokaY`,أَزْكَىٰ,>azokaY`,zkw,N,,,root
zakat,2:277:9,z~akaw`pa,زَّكَوٰةَ,zakaw`p,zkw,N,,,lemma+root
zakat,3:77:24,yuzak~iy,يُزَكِّي,zak~aY`,zkw,V,S,3MS,root
zakat,3:164:15,yuzak~iy,يُزَكِّي,zak~aY`,zkw,V,S,3MS,root
zakat,4:49:5,yuzak~u,يُزَكُّ,zak~aY`,zkw,V,P,3MP,root
zakat,4:49:9,yuzak~iY,يُزَكِّى,zak~aY`,zkw,V,S,3MS,root
zakat,4:77:12,z~akaw`pa,زَّكَوٰةَ,zakaw`p,zkw,N,,,lemma+root
zakat,4:162:18,z~akaw`pa,زَّكَوٰةَ,zakaw`p,zkw,N,,,lemma+root
zakat,5:12:20,z~akaw`pa,زَّكَوٰةَ,zakaw`p,zkw,N,,,lemma+root
zakat,5:55:11,z~akaw`pa,زَّكَوٰةَ,zakaw`p,zkw,N,,,lemma+root
zakat,7:156:26,z~akaw`pa,زَّكَوٰةَ,zakaw`p,zkw,N,,,lemma+root
zakat,9:5:20,z~akaw`pa,زَّكَوٰةَ,zakaw`p,zkw,N,,,lemma+root
zakat,9:11:6,z~akaw`pa,زَّكَوٰةَ,zakaw`p,zkw,N,,,lemma+root
zakat,9:18:13,z~akaw`pa,زَّكَوٰةَ,zakaw`p,zkw,N,,,lemma+root
zakat,9:71:14,z~akaw`pa,زَّكَوٰةَ,zakaw`p,zkw,N,,,lemma+root
zakat,9:103:6,tuzak~iy,تُزَكِّي,zak~aY`,zkw,V,S,3FS,root
zakat,18:19:29,>azokaY`,أَزْكَىٰ,>azokaY`,zkw,N,,,root
zakat,18:74:10,zakiy~apF[,زَكِيَّةًۢ,zakiy~ap,zkw,N,,,root
zakat,18:81:7,zakaw`pF,زَكَوٰةً,zakaw`p,zkw,N,,,lemma+root
zakat,19:13:4,zakaw`pF,زَكَوٰةً,zakaw`p,zkw,N,,,lemma+root
zakat,19:19:9,zakiy~FA,زَكِيًّا,zakiy~,zkw,ADJ,S,MS,root
zakat,19:31:8,z~akaw`pi,زَّكَوٰةِ,zakaw`p,zkw,N,,,lemma+root
zakat,19:55:5,z~akaw`pi,زَّكَوٰةِ,zakaw`p,zkw,N,,,lemma+root
zakat,20:76:12,tazak~aY`,تَزَكَّىٰ,tazak~aY`,zkw,V,S,3MS,root
zakat,21:73:12,z~akaw`pi,زَّكَوٰةِ,zakaw`p,zkw,N,,,lemma+root
zakat,22:41:9,z~akaw`pa,زَّكَوٰةَ,zakaw`p,zkw,N,,,lemma+root
zakat,22:78:36,z~akaw`pa,زَّكَوٰةَ,zakaw`p,zkw,N,,,lemma+root
zakat,23:4:3,z~akaw`pi,زَّكَوٰةِ,zakaw`p,zkw,N,,,lemma+root
zakat,24:21:22,zakaY`,زَكَىٰ,zakaY`,zkw,V,S,3MS,root
zakat,24:21:29,yuzak~iY,يُزَكِّى,zak~aY`,zkw,V,S,3MS,root
zakat,24:28:17,>azokaY`,أَزْكَىٰ,>azokaY`,zkw,N,,,root
zakat,24:30:9,>azokaY`,أَزْكَىٰ,>azokaY`,zkw,N,,,root
zakat,24:37:13,z~akaw`pi,زَّكَوٰةِ,zakaw`p,zkw,N,,,lemma+root
zakat,24:56:4,z~akaw`pa,زَّكَوٰةَ,zakaw`p,zkw,N,,,lemma+root
zakat,27:3:5,z~akaw`pa,زَّكَوٰةَ,zakaw`p,zkw,N,,,lemma+root
zakat,30:39:16,zakaw`pK,زَكَوٰةٍ,zakaw`p,zkw,N,,,lemma+root
zakat,31:4:5,z~akaw`pa,زَّكَوٰةَ,zakaw`p,zkw,N,,,lemma+root
zakat,33:33:12,z~akaw`pa,زَّكَوٰةَ,zakaw`p,zkw,N,,,lemma+root
zakat,35:18:28,tazak~aY`,تَزَكَّىٰ,tazak~aY`,zkw,V,S,3MS,root
zakat,35:18:30,yatazak~aY`,يَتَزَكَّىٰ,tazak~aY`,zkw,V,S,3MS,root
zakat,41:7:4,z~akaw`pa,زَّكَوٰةَ,zakaw`p,zkw,N,,,lemma+root
zakat,53:32:26,tuzak~u,تُزَكُّ,zak~aY`,zkw,V,P,2MP,root
zakat,58:13:17,z~akaw`pa,زَّكَوٰةَ,zakaw`p,zkw,N,,,lemma+root
zakat,62:2:11,yuzak~iy,يُزَكِّي,zak~aY`,zkw,V,S,3MS,root
zakat,73:20:56,z~akaw`pa,زَّكَوٰةَ,zakaw`p,zkw,N,,,lemma+root
zakat,79:18:6,tazak~aY`,تَزَكَّىٰ,tazak~aY`,zkw,V,S,2MS,root
zakat,80:3:4,yaz~ak~aY`^,يَزَّكَّىٰٓ,tazak~aY`,zkw,V,S,3MS,root
zakat,80:7:4,yaz~ak~aY`,يَزَّكَّىٰ,tazak~aY`,zkw,V,S,3MS,root
zakat,87:14:4,tazak~aY`,تَزَكَّىٰ,tazak~aY`,zkw,V,S,3MS,root
zakat,91:9:4,zak~aY`,زَكَّىٰ,zak~aY`,zkw,V,S,3MS,root
zakat,92:18:4,yatazak~aY`,يَتَزَكَّىٰ,tazak~aY`,zkw,V,S,3MS,root
zakat,98:5:13,z~akaw`pa,زَّكَوٰةَ,zakaw`p,zkw,N,,,lemma+root
baraka,3:96:8,mubaArakFA,مُبَارَكًا,mubaArak,brk,N,,,variant+root
baraka,6:92:4,mubaArakN,مُبَارَكٌ,mubaArak,brk,ADJ,,,variant+root
baraka,6:155:4,mubaArakN,مُبَارَكٌ,mubaArak,brk,ADJ,,,variant+root
baraka,7:54:29,tabaAraka,تَبَارَكَ,tabaAraka,brk,V,S,3MS,root
baraka,7:96:9,baraka`tK,بَرَكَٰتٍ,baraka`t,brk,N,P,FP,lemma+root
baraka,7:137:10,ba`rako,بَٰرَكْ,ba`raka,brk,V,P,1P,root
baraka,11:48:6,baraka`tK,بَرَكَٰتٍ,baraka`t,brk,N,P,FP,lemma+root
baraka,11:73:8,baraka`tu,بَرَكَٰتُ,baraka`t,brk,N,P,FP,lemma+root
baraka,17:1:13,ba`rako,بَٰرَكْ,ba`raka,brk,V,P,1P,root
baraka,19:31:2,mubaArakFA,مُبَارَكًا,mubaArak,brk,N,,,variant+root
baraka,21:50:3,m~ubaArakN,مُّبَارَكٌ,mubaArak,brk,N,,,variant+root
baraka,21:71:6,ba`rako,بَٰرَكْ,ba`raka,brk,V,P,1P,root
baraka,21:81:9,ba`rako,بَٰرَكْ,ba`raka,brk,V,P,1P,root
baraka,23:14:18,tabaAraka,تَبَارَكَ,tabaAraka,brk,V,S,3MS,root
baraka,23:29:5,m~ubaArakFA,مُّبَارَكًا,mubaArak,brk,N,,,variant+root
baraka,24:35:20,m~uba`rakapK,مُّبَٰرَكَةٍ,m~uba`rakap,brk,N,,,variant+root
baraka,24:61:68,muba`rakapF,مُبَٰرَكَةً,m~uba`rakap,brk,N,,,variant+root
baraka,25:1:1,tabaAraka,تَبَارَكَ,tabaAraka,brk,V,S,3MS,root
baraka,25:10:1,tabaAraka,تَبَارَكَ,tabaAraka,brk,V,S,3MS,root
baraka,25:61:1,tabaAraka,تَبَارَكَ,tabaAraka,brk,V,S,3MS,root
baraka,27:8:5,buwrika,بُورِكَ,ba`raka,brk,V,S,3MS,root
baraka,28:30:10,muba`rakapi,مُبَٰرَكَةِ,m~uba`rakap,brk,ADJ,,,variant+root
baraka,34:18:6,ba`rako,بَٰرَكْ,ba`raka,brk,V,P,1P,root
baraka,37:113:1,ba`rako,بَٰرَكْ,ba`raka,brk,V,P,1P,root
baraka,38:29:4,muba`rakN,مُبَٰرَكٌ,mubaArak,brk,N,,,variant+root
baraka,40:64:18,tabaAraka,تَبَارَكَ,tabaAraka,brk,V,S,3MS,root
baraka,41:10:6,ba`raka,بَٰرَكَ,ba`raka,brk,V,S,3MS,root
baraka,43:85:1,tabaAraka,تَبَارَكَ,tabaAraka,brk,V,S,3MS,root
baraka,44:3:5,m~uba`rakapK,مُّبَٰرَكَةٍ,m~uba`rakap,brk,N,,,variant+root
baraka,50:9:5,m~uba`rakFA,مُّبَٰرَكًا,mubaArak,brk,N,,,variant+root
baraka,55:78:1,taba`raka,تَبَٰرَكَ,tabaAraka,brk,V,S,3MS,root
baraka,67:1:1,taba`raka,تَبَٰرَكَ,tabaAraka,brk,V,S,3MS,root
iman,2:3:2,yu&ominu,يُؤْمِنُ,'aAmana,Amn,V,P,3MP,root
iman,2:4:2,yu&ominu,يُؤْمِنُ,'aAmana,Amn,V,P,3MP,root
iman,2:6:11,yu&ominu,يُؤْمِنُ,'aAmana,Amn,V,P,3MP,root
iman,2:8:5,'aAma,ءَامَ,'aAmana,Amn,V,P,1P,root
iman,2:8:11,mu&ominiyna,مُؤْمِنِينَ,mu&omin,Amn,N,P,MP,root
iman,2:9:4,'aAmanu,ءَامَنُ,'aAmana,Amn,V,P,3MP,root
iman,2:13:4,'aAminu,ءَامِنُ,'aAmana,Amn,V,P,2MP,root
iman,2:13:6,'aAmana,ءَامَنَ,'aAmana,Amn,V,S,3MS,root
iman,2:13:9,nu&ominu,نُؤْمِنُ,'aAmana,Amn,V,P,1P,root
iman,2:13:11,'aAmana,ءَامَنَ,'aAmana,Amn,V,S,3MS,root
iman,2:14:4,'aAmanu,ءَامَنُ,'aAmana,Amn,V,P,3MP,root
iman,2:14:6,'aAma,ءَامَ,'aAmana,Amn,V,P,1P,root
iman,2:25:3,'aAmanu,ءَامَنُ,'aAmana,Amn,V,P,3MP,root
iman,2:26:14,'aAmanu,ءَامَنُ,'aAmana,Amn,V,P,3MP,root
iman,2:41:1,'aAminu,ءَامِنُ,'aAmana,Amn,V,P,2MP,root
iman,2:55:5,n~u&omina,نُّؤْمِنَ,'aAmana,Amn,V,P,1P,root
iman,2:62:3,'aAmanu,ءَامَنُ,'aAmana,Amn,V,P,3MP,root
iman,2:62:9,'aAmana,ءَامَنَ,'aAmana,Amn,V,S,3MS,root
iman,2:75:3,yu&ominu,يُؤْمِنُ,'aAmana,Amn,V,P,3MP,root
iman,2:76:4,'aAmanu,ءَامَنُ,'aAmana,Amn,V,P,3MP,root
iman,2:76:6,'aAma,ءَامَ,'aAmana,Amn,V,P,1P,root
iman,2:82:2,'aAmanu,ءَامَنُ,'aAmana,Amn,V,P,3MP,root
iman,2:85:23,tu&ominu,تُؤْمِنُ,'aAmana,Amn,V,P,2MP,root
iman,2:88:10,yu&ominu,يُؤْمِنُ,'aAmana,Amn,V,P,3MP,root
iman,2:91:4,'aAminu,ءَامِنُ,'aAmana,Amn,V,P,2MP,root
iman,2:91:9,nu&ominu,نُؤْمِنُ,'aAmana,Amn,V,P,1P,root
iman,2:91:30,m~u&ominiyna,مُّؤْمِنِينَ,mu&omin,Amn,N,P,MP,root
iman,2:93:24,<iyma`nu,إِيمَٰنُ,<iyma`n,Amn,N,,,lemma+root
iman,2:93:27,m~u&ominiyna,مُّؤْمِنِينَ,mu&omin,Amn,N,P,MP,root
iman,2:97:18,mu&ominiyna,مُؤْمِنِينَ,mu&omin,Amn,N,P,MP,root
iman,2:100:10,yu&ominu,يُؤْمِنُ,'aAmana,Amn,V,P,3MP,root
iman,2:103:3,'aAmanu,ءَامَنُ,'aAmana,Amn,V,P,3MP,root
iman,2:104:3,'aAmanu,ءَامَنُ,'aAmana,Amn,V,P,3MP,root
iman,2:108:14,<iyma`ni,إِيمَٰنِ,<iyma`n,Amn,N,,,lemma+root
iman,2:109:10,<iyma`ni,إِيمَٰنِ,<iyma`n,Amn,N,,,lemma+root
iman,2:121:8,yu&ominu,يُؤْمِنُ,'aAmana,Amn,V,P,3MP,root
iman,2:125:6,>amonFA,أَمْنًا,>amon,Amn,N,,,root
iman,2:126:8,'aAminFA,ءَامِنًا,'aAmin,Amn,ADJ,,,root
iman,2:126:14,'aAmana,ءَامَنَ,'aAmana,Amn,V,S,3MS,root
iman,2:136:2,'aAma,ءَامَ,'aAmana,Amn,V,P,1P,root
iman,2:137:2,'aAmanu,ءَامَنُ,'aAmana,Amn,V,P,3MP,root
iman,2:137:5,'aAman,ءَامَن,'aAmana,Amn,V,P,2MP,root
iman,2:143:40,<iyma`na,إِيمَٰنَ,<iyma`n,Amn,N,,,lemma+root
iman,2:153:3,'aAmanu,ءَامَنُ,'aAmana,Amn,V,P,3MP,root
iman,2:165:13,'aAmanu,ءَامَنُ,'aAmana,Amn,V,P,3MP,root
iman,2:172:3,'aAmanu,ءَامَنُ,'aAmana,Amn,V,P,3MP,root
iman,2:177:12,'aAmana,ءَامَنَ,'aAmana,Amn,V,S,3MS,root
iman,2:178:3,'aAmanu,ءَامَنُ,'aAmana,Amn,V,P,3MP,root
iman,2:183:3,'aAmanu,ءَامَنُ,'aAmana,Amn,V,P,3MP,root
iman,2:186:14,yu&ominu,يُؤْمِنُ,'aAmana,Amn,V,P,3MP,root
iman,2:196:35,>amin,أَمِن,>amina,Amn,V,P,2MP,root
iman,2:208:3,'aAmanu,ءَامَنُ,'aAmana,Amn,V,P,3MP,root
iman,2:212:9,'aAmanu,ءَامَنُ,'aAmana,Amn,V,P,3MP,root
iman,2:213:36,'aAmanu,ءَامَنُ,'aAmana,Amn,V,P,3MP,root
iman,2:214:21,'aAmanu,ءَامَنُ,'aAmana,Amn,V,P,3MP,root
iman,2:218:3,'aAmanu,ءَامَنُ,'aAmana,Amn,V,P,3MP,root
iman,2:221:5,yu&omi,يُؤْمِ,'aAmana,Amn,V,P,3FP,root
iman,2:221:7,m~u&ominapN,مُّؤْمِنَةٌ,m~u&ominap,Amn,ADJ,,,root
iman,2:221:17,yu&ominu,يُؤْمِنُ,'aAmana,Amn,V,P,3MP,root
iman,2:221:19,m~u&ominN,مُّؤْمِنٌ,mu&omin,Amn,ADJ,,,root
iman,2:223:16,mu&ominiyna,مُؤْمِنِينَ,mu&omin,Amn,N,P,MP,root
iman,2:228:18,yu&omi,يُؤْمِ,'aAmana,Amn,V,P,3FP,root
iman,2:232:21,yu&ominu,يُؤْمِنُ,'aAmana,Amn,V,S,3MS,root
iman,2:239:7,>amin,أَمِن,>amina,Amn,V,P,2MP,root
iman,2:248:30,m~u&ominiyna,مُّؤْمِنِينَ,mu&omin,Amn,N,P,MP,root
iman,2:249:34,'aAmanu,ءَامَنُ,'aAmana,Amn,V,P,3MP,root
iman,2:253:39,'aAmana,ءَامَنَ,'aAmana,Amn,V,S,3MS,root
iman,2:254:3,'aAmanu,ءَامَنُ,'aAmana,Amn,V,P,3MP,root
iman,2:256:13,yu&omin[,يُؤْمِنۢ,'aAmana,Amn,V,S,3MS,root
iman,2:257:4,'aAmanu,ءَامَنُ,'aAmana,Amn,V,P,3MP,root
iman,2:260:11,tu&omin,تُؤْمِن,'aAmana,Amn,V,S,2MS,root
iman,2:264:3,'aAmanu,ءَامَنُ,'aAmana,Amn,V,P,3MP,root
iman,2:264:15,yu&ominu,يُؤْمِنُ,'aAmana,Amn,V,S,3MS,root
iman,2:267:3,'aAmanu,ءَامَنُ,'aAmana,Amn,V,P,3MP,root
iman,2:277:3,'aAmanu,ءَامَنُ,'aAmana,Amn,V,P,3MP,root
iman,2:278:3,'aAmanu,ءَامَنُ,'aAmana,Amn,V,P,3MP,root
iman,2:278:13,m~u&ominiyna,مُّؤْمِنِينَ,mu&omin,Amn,N,P,MP,root
iman,2:282:3,'aAmanu,ءَامَنُ,'aAmana,Amn,V,P,3MP,root
iman,2:283:11,>amina,أَمِنَ,>amina,Amn,V,S,3MS,root
iman,2:283:16,{&otumina,ٱؤْتُمِنَ,{&otumina,Amn,V,S,3MS,root
iman,2:283:17,>ama`nata,أَمَٰنَتَ,>ama`nat,Amn,N,,,root
iman,2:285:1,'aAmana,ءَامَنَ,'aAmana,Amn,V,S,3MS,root
iman,2:285:8,mu&ominuwna,مُؤْمِنُونَ,mu&omin,Amn,N,P,MP,root
iman,2:285:10,'aAmana,ءَامَنَ,'aAmana,Amn,V,S,3MS,root
iman,3:7:36,'aAma,ءَامَ,'aAmana,Amn,V,P,1P,root
iman,3:16:5,'aAma,ءَامَ,'aAmana,Amn,V,P,1P,root
iman,3:28:3,mu&ominuwna,مُؤْمِنُونَ,mu&omin,Amn,N,P,MP,root
iman,3:28:8,mu&ominiyna,مُؤْمِنِينَ,mu&omin,Amn,N,P,MP,root
iman,3:49:45,m~u&ominiyna,مُّؤْمِنِينَ,mu&omin,Amn,N,P,MP,root
iman,3:52:16,'aAma,ءَامَ,'aAmana,Amn,V,P,1P,root
iman,3:53:2,'aAma,ءَامَ,'aAmana,Amn,V,P,1P,root
iman,3:57:3,'aAmanu,ءَامَنُ,'aAmana,Amn,V,P,3MP,root
iman,3:68:10,'aAmanu,ءَامَنُ,'aAmana,Amn,V,P,3MP,root
iman,3:68:13,mu&ominiyna,مُؤْمِنِينَ,mu&omin,Amn,N,P,MP,root
iman,3:72:6,'aAminu,ءَامِنُ,'aAmana,Amn,V,P,2MP,root
iman,3:72:11,'aAmanu,ءَامَنُ,'aAmana,Amn,V,P,3MP,root
iman,3:73:2,tu&ominu,تُؤْمِنُ,'aAmana,Amn,V,P,2MP,root
iman,3:75:6,ta>omano,تَأْمَنْ,>amina,Amn,V,S,2MS,root
iman,3:75:13,ta>omano,تَأْمَنْ,>amina,Amn,V,S,2MS,root
iman,3:81:17,tu&ominu,تُؤْمِنُ,'aAmana,Amn,V,P,2MP,root
iman,3:84:2,'aAma,ءَامَ,'aAmana,Amn,V,P,1P,root
iman,3:86:7,<iyma`ni,إِيمَٰنِ,<iyma`n,Amn,N,,,lemma+root
iman,3:90:5,<iyma`ni,إِيمَٰنِ,<iyma`n,Amn,N,,,lemma+root
iman,3:97:9,'aAminFA,ءَامِنًا,'aAmin,Amn,N,,,root
iman,3:99:10,'aAmana,ءَامَنَ,'aAmana,Amn,V,S,3MS,root
iman,3:100:3,'aAmanu,ءَامَنُ,'aAmana,Amn,V,P,3MP,root
iman,3:100:13,<iyma`ni,إِيمَٰنِ,<iyma`n,Amn,N,,,lemma+root
iman,3:102:3,'aAmanu,ءَامَنُ,'aAmana,Amn,V,P,3MP,root
iman,3:106:12,<iyma`ni,إِيمَٰنِ,<iyma`n,Amn,N,,,lemma+root
iman,3:110:11,tu&ominu,تُؤْمِنُ,'aAmana,Amn,V,P,2MP,root
iman,3:110:14,'aAmana,ءَامَنَ,'aAmana,Amn,V,S,3MS,root
iman,3:110:21,mu&ominuwna,مُؤْمِنُونَ,mu&omin,Amn,N,P,MP,root
iman,3:114:1,yu&ominu,يُؤْمِنُ,'aAmana,Amn,V,P,3MP,root
iman,3:118:3,'aAmanu,ءَامَنُ,'aAmana,Amn,V,P,3MP,root
iman,3:119:6,tu&ominu,تُؤْمِنُ,'aAmana,Amn,V,P,2MP,root
iman,3:119:12,'aAma,ءَامَ,'aAmana,Amn,V,P,1P,root
iman,3:121:6,mu&ominiyna,مُؤْمِنِينَ,mu&omin,Amn,N,P,MP,root
iman,3:122:12,mu&ominuwna,مُؤْمِنُونَ,mu&omin,Amn,N,P,MP,root
iman,3:124:3,mu&ominiyna,مُؤْمِنِينَ,mu&omin,Amn,N,P,MP,root
iman,3:130:3,'aAmanu,ءَامَنُ,'aAmana,Amn,V,P,3MP,root
iman,3:139:9,m~u&ominiyna,مُّؤْمِنِينَ,mu&omin,Amn,N,P,MP,root
iman,3:140:17,'aAmanu,ءَامَنُ,'aAmana,Amn,V,P,3MP,root
iman,3:141:4,'aAmanu,ءَامَنُ,'aAmana,Amn,V,P,3MP,root
iman,3:149:3,'aAmanu,ءَامَنُ,'aAmana,Amn,V,P,3MP,root
iman,3:152:40,mu&ominiyna,مُؤْمِنِينَ,mu&omin,Amn,N,P,MP,root
iman,3:154:7,>amanapF,أَمَنَةً,>amanap,Amn,N,,,root
iman,3:156:3,'aAmanu,ءَامَنُ,'aAmana,Amn,V,P,3MP,root
iman,3:160:18,mu&ominuwna,مُؤْمِنُونَ,mu&omin,Amn,N,P,MP,root
iman,3:164:5,mu&ominiyna,مُؤْمِنِينَ,mu&omin,Amn,N,P,MP,root
iman,3:166:9,mu&ominiyna,مُؤْمِنِينَ,mu&omin,Amn,N,P,MP,root
iman,3:167:23,<iyma`ni,إِيمَٰنِ,<iyma`n,Amn,N,,,lemma+root
iman,3:171:11,mu&ominiyna,مُؤْمِنِينَ,mu&omin,Amn,N,P,MP,root
iman,3:173:12,<iyma`nFA,إِيمَٰنًا,<iyma`n,Amn,N,,,lemma+root
iman,3:175:11,m~u&ominiyna,مُّؤْمِنِينَ,mu&omin,Amn,N,P,MP,root
iman,3:177:5,<iyma`ni,إِيمَٰنِ,<iyma`n,Amn,N,,,lemma+root
iman,3:179:5,mu&ominiyna,مُؤْمِنِينَ,mu&omin,Amn,N,P,MP,root
iman,3:179:28,_#aAminu,ـَٔامِنُ,'aAmana,Amn,V,P,2MP,root
iman,3:179:32,tu&ominu,تُؤْمِنُ,'aAmana,Amn,V,P,2MP,root
iman,3:183:8,nu&omina,نُؤْمِنَ,'aAmana,Amn,V,P,1P,root
iman,3:193:6,<iyma`ni,إِيمَٰنِ,<iyma`n,Amn,N,,,lemma+root
iman,3:193:8,'aAminu,ءَامِنُ,'aAmana,Amn,V,P,2MP,root
iman,3:193:10,_#aAma,ـَٔامَ,'aAmana,Amn,V,P,1P,root
iman,3:199:6,yu&ominu,يُؤْمِنُ,'aAmana,Amn,V,S,3MS,root
iman,3:200:3,'aAmanu,ءَامَنُ,'aAmana,Amn,V,P,3MP,root
iman,4:19:3,'aAmanu,ءَامَنُ,'aAmana,Amn,V,P,3MP,root
iman,4:25:9,mu&omina`ti,مُؤْمِنَٰتِ,m~u&omina`t,Amn,ADJ,P,FP,root
iman,4:25:16,mu&omina`ti,مُؤْمِنَٰتِ,m~u&omina`t,Amn,ADJ,P,FP,root
iman,4:25:19,<iyma`ni,إِيمَٰنِ,<iyma`n,Amn,N,,,lemma+root
iman,4:29:3,'aAmanu,ءَامَنُ,'aAmana,Amn,V,P,3MP,root
iman,4:38:7,yu&ominu,يُؤْمِنُ,'aAmana,Amn,V,P,3MP,root
iman,4:39:4,'aAmanu,ءَامَنُ,'aAmana,Amn,V,P,3MP,root
iman,4:43:3,'aAmanu,ءَامَنُ,'aAmana,Amn,V,P,3MP,root
iman,4:46:36,yu&ominu,يُؤْمِنُ,'aAmana,Amn,V,P,3MP,root
iman,4:47:5,'aAminu,ءَامِنُ,'aAmana,Amn,V,P,2MP,root
iman,4:51:9,yu&ominu,يُؤْمِنُ,'aAmana,Amn,V,P,3MP,root
iman,4:51:19,'aAmanu,ءَامَنُ,'aAmana,Amn,V,P,3MP,root
iman,4:55:3,'aAmana,ءَامَنَ,'aAmana,Amn,V,S,3MS,root
iman,4:57:2,'aAmanu,ءَامَنُ,'aAmana,Amn,V,P,3MP,root
iman,4:58:6,>ama`na`ti,أَمَٰنَٰتِ,>ama`na`t,Amn,N,P,FP,root
iman,4:59:3,'aAmanu,ءَامَنُ,'aAmana,Amn,V,P,3MP,root
iman,4:59:21,tu&ominu,تُؤْمِنُ,'aAmana,Amn,V,P,2MP,root
iman,4:60:7,'aAmanu,ءَامَنُ,'aAmana,Amn,V,P,3MP,root
iman,4:65:4,yu&ominu,يُؤْمِنُ,'aAmana,Amn,V,P,3MP,root
iman,4:71:3,'aAmanu,ءَامَنُ,'aAmana,Amn,V,P,3MP,root
iman,4:76:2,'aAmanu,ءَامَنُ,'aAmana,Amn,V,P,3MP,root
iman,4:83:5,>amoni,أَمْنِ,>amon,Amn,N,,,root
iman,4:84:10,mu&ominiyna,مُؤْمِنِينَ,mu&omin,Amn,N,P,MP,root
iman,4:91:5,ya>omanu,يَأْمَنُ,>amina,Amn,V,P,3MP,root
iman,4:91:6,ya>omanu,يَأْمَنُ,>amina,Amn,V,P,3MP,root
iman,4:92:3,mu&ominK,مُؤْمِنٍ,mu&omin,Amn,N,,,root
iman,4:92:6,mu&ominFA,مُؤْمِنًا,mu&omin,Amn,N,,,root
iman,4:92:11,mu&ominFA,مُؤْمِنًا,mu&omin,Amn,N,,,root
iman,4:92:15,m~u&ominapK,مُّؤْمِنَةٍ,m~u&ominap,Amn,ADJ,,,root
iman,4:92:30,mu&ominN,مُؤْمِنٌ,mu&omin,Amn,N,,,root
iman,4:92:33,m~u&ominapK,مُّؤْمِنَةٍ,m~u&ominap,Amn,ADJ,,,root
iman,4:92:47,m~u&ominapK,مُّؤْمِنَةٍ,m~u&ominap,Amn,ADJ,,,root
iman,4:93:3,mu&ominFA,مُؤْمِنًا,mu&omin,Amn,N,,,root
iman,4:94:3,'aAmanu,ءَامَنُ,'aAmana,Amn,V,P,3MP,root
iman,4:94:17,mu&ominFA,مُؤْمِنًا,mu&omin,Amn,N,,,root
iman,4:95:5,mu&ominiyna,مُؤْمِنِينَ,mu&omin,Amn,N,P,MP,root
iman,4:103:18,mu&ominiyna,مُؤْمِنِينَ,mu&omin,Amn,N,P,MP,root
iman,4:115:13,mu&ominiyna,مُؤْمِنِينَ,mu&omin,Amn,N,P,MP,root
iman,4:122:2,'aAmanu,ءَامَنُ,'aAmana,Amn,V,P,3MP,root
iman,4:124:10,mu&ominN,مُؤْمِنٌ,mu&omin,Amn,N,,,root
iman,4:135:3,'aAmanu,ءَامَنُ,'aAmana,Amn,V,P,3MP,root
iman,4:136:3,'aAmanu,ءَامَنُ,'aAmana,Amn,V,P,3MP,root
iman,4:136:4,'aAminu,ءَامِنُ,'aAmana,Amn,V,P,2MP,root
iman,4:137:3,'aAmanu,ءَامَنُ,'aAmana,Amn,V,P,3MP,root
iman,4:137:7,'aAmanu,ءَامَنُ,'aAmana,Amn,V,P,3MP,root
iman,4:139:7,mu&ominiyna,مُؤْمِنِينَ,mu&omin,Amn,N,P,MP,root
iman,4:141:24,mu&ominiyna,مُؤْمِنِينَ,mu&omin,Amn,N,P,MP,root
iman,4:141:35,mu&ominiyna,مُؤْمِنِينَ,mu&omin,Amn,N,P,MP,root
iman,4:144:3,'aAmanu,ءَامَنُ,'aAmana,Amn,V,P,3MP,root
iman,4:144:10,mu&ominiyna,مُؤْمِنِينَ,mu&omin,Amn,N,P,MP,root
iman,4:146:12,mu&ominiyna,مُؤْمِنِينَ,mu&omin,Amn,N,P,MP,root
iman,4:146:16,mu&ominiyna,مُؤْمِنِينَ,mu&omin,Amn,N,P,MP,root
iman,4:147:7,'aAman,ءَامَن,'aAmana,Amn,V,P,2MP,root
iman,4:150:13,nu&ominu,نُؤْمِنُ,'aAmana,Amn,V,P,1P,root
iman,4:152:2,'aAmanu,ءَامَنُ,'aAmana,Amn,V,P,3MP,root
iman,4:155:20,yu&ominu,يُؤْمِنُ,'aAmana,Amn,V,P,3MP,root
iman,4:159:6,yu&omina,يُؤْمِنَ,'aAmana,Amn,V,S,3MS,root
iman,4:162:6,mu&ominuwna,مُؤْمِنُونَ,mu&omin,Amn,N,P,MP,root
iman,4:162:7,yu&ominu,يُؤْمِنُ,'aAmana,Amn,V,P,3MP,root
iman,4:162:19,mu&ominuwna,مُؤْمِنُونَ,mu&omin,Amn,N,P,MP,root
iman,4:170:9,_#aAminu,ـَٔامِنُ,'aAmana,Amn,V,P,2MP,root
iman,4:171:26,_#aAminu,ـَٔامِنُ,'aAmana,Amn,V,P,2MP,root
iman,4:173:3,'aAmanu,ءَامَنُ,'aAmana,Amn,V,P,3MP,root
iman,4:175:3,'aAmanu,ءَامَنُ,'aAmana,Amn,V,P,3MP,root
iman,5:1:3,'aAmanu,ءَامَنُ,'aAmana,Amn,V,P,3MP,root
iman,5:2:3,'aAmanu,ءَامَنُ,'aAmana,Amn,V,P,3MP,root
iman,5:5:16,mu&omina`ti,مُؤْمِنَٰتِ,m~u&omina`t,Amn,N,P,FP,root
iman,5:5:35,<iyma`ni,إِيمَٰنِ,<iyma`n,Amn,N,,,lemma+root
iman,5:6:3,'aAmanu,ءَامَنُ,'aAmana,Amn,V,P,3MP,root
iman,5:8:3,'aAmanu,ءَامَنُ,'aAmana,Amn,V,P,3MP,root
iman,5:9:4,'aAmanu,ءَامَنُ,'aAmana,Amn,V,P,3MP,root
iman,5:11:3,'aAmanu,ءَامَنُ,'aAmana,Amn,V,P,3MP,root
iman,5:11:23,mu&ominuwna,مُؤْمِنُونَ,mu&omin,Amn,N,P,MP,root
iman,5:12:21,'aAman,ءَامَن,'aAmana,Amn,V,P,2MP,root
iman,5:23:21,m~u&ominiyna,مُّؤْمِنِينَ,mu&omin,Amn,N,P,MP,root
iman,5:35:3,'aAmanu,ءَامَنُ,'aAmana,Amn,V,P,3MP,root
iman,5:41:12,'aAma,ءَامَ,'aAmana,Amn,V,P,1P,root
iman,5:41:15,tu&omin,تُؤْمِن,'aAmana,Amn,V,S,3FS,root
iman,5:43:15,mu&ominiyna,مُؤْمِنِينَ,mu&omin,Amn,N,P,MP,root
iman,5:51:3,'aAmanu,ءَامَنُ,'aAmana,Amn,V,P,3MP,root
iman,5:53:3,'aAmanu,ءَامَنُ,'aAmana,Amn,V,P,3MP,root
iman,5:54:3,'aAmanu,ءَامَنُ,'aAmana,Amn,V,P,3MP,root
iman,5:54:17,mu&ominiyna,مُؤْمِنِينَ,mu&omin,Amn,N,P,MP,root
iman,5:55:6,'aAmanu,ءَامَنُ,'aAmana,Amn,V,P,3MP,root
iman,5:56:6,'aAmanu,ءَامَنُ,'aAmana,Amn,V,P,3MP,root
iman,5:57:3,'aAmanu,ءَامَنُ,'aAmana,Amn,V,P,3MP,root
iman,5:57:23,m~u&ominiyna,مُّؤْمِنِينَ,mu&omin,Amn,N,P,MP,root
iman,5:59:9,'aAma,ءَامَ,'aAmana,Amn,V,P,1P,root
iman,5:61:4,'aAma,ءَامَ,'aAmana,Amn,V,P,1P,root
iman,5:65:5,'aAmanu,ءَامَنُ,'aAmana,Amn,V,P,3MP,root
iman,5:69:3,'aAmanu,ءَامَنُ,'aAmana,Amn,V,P,3MP,root
iman,5:69:9,'aAmana,ءَامَنَ,'aAmana,Amn,V,S,3MS,root
iman,5:81:3,yu&ominu,يُؤْمِنُ,'aAmana,Amn,V,P,3MP,root
iman,5:82:6,'aAmanu,ءَامَنُ,'aAmana,Amn,V,P,3MP,root
iman,5:82:14,'aAmanu,ءَامَنُ,'aAmana,Amn,V,P,3MP,root
iman,5:83:18,'aAma,ءَامَ,'aAmana,Amn,V,P,1P,root
iman,5:84:4,nu&ominu,نُؤْمِنُ,'aAmana,Amn,V,P,1P,root
iman,5:87:3,'aAmanu,ءَامَنُ,'aAmana,Amn,V,P,3MP,root
iman,5:88:12,mu&ominuwna,مُؤْمِنُونَ,mu&omin,Amn,N,P,MP,root
iman,5:90:3,'aAmanu,ءَامَنُ,'aAmana,Amn,V,P,3MP,root
iman,5:93:4,'aAmanu,ءَامَنُ,'aAmana,Amn,V,P,3MP,root
iman,5:93:13,'aAmanu,ءَامَنُ,'aAmana,Amn,V,P,3MP,root
iman,5:93:18,'aAmanu,ءَامَنُ,'aAmana,Amn,V,P,3MP,root
iman,5:94:3,'aAmanu,ءَامَنُ,'aAmana,Amn,V,P,3MP,root
iman,5:95:3,'aAmanu,ءَامَنُ,'aAmana,Amn,V,P,3MP,root
iman,5:101:3,'aAmanu,ءَامَنُ,'aAmana,Amn,V,P,3MP,root
iman,5:105:3,'aAmanu,ءَامَنُ,'aAmana,Amn,V,P,3MP,root
iman,5:106:3,'aAmanu,ءَامَنُ,'aAmana,Amn,V,P,3MP,root
iman,5:111:6,'aAminu,ءَامِنُ,'aAmana,Amn,V,P,2MP,root
iman,5:111:10,'aAma,ءَامَ,'aAmana,Amn,V,P,1P,root
iman,5:112:21,m~u&ominiyna,مُّؤْمِنِينَ,mu&omin,Amn,N,P,MP,root
iman,6:12:25,yu&ominu,يُؤْمِنُ,'aAmana,Amn,V,P,3MP,root
iman,6:20:13,yu&ominu,يُؤْمِنُ,'aAmana,Amn,V,P,3MP,root
iman,6:25:19,yu&ominu,يُؤْمِنُ,'aAmana,Amn,V,P,3MP,root
iman,6:27:16,mu&ominiyna,مُؤْمِنِينَ,mu&omin,Amn,N,P,MP,root
iman,6:48:8,'aAmana,ءَامَنَ,'aAmana,Amn,V,S,3MS,root
iman,6:54:4,yu&ominu,يُؤْمِنُ,'aAmana,Amn,V,P,3MP,root
iman,6:81:19,>amoni,أَمْنِ,>amon,Amn,N,,,root
iman,6:82:2,'aAmanu,ءَامَنُ,'aAmana,Amn,V,P,3MP,root
iman,6:82:5,<iyma`na,إِيمَٰنَ,<iyma`n,Amn,N,,,lemma+root
iman,6:82:9,>amonu,أَمْنُ,>amon,Amn,N,,,root
iman,6:92:15,yu&ominu,يُؤْمِنُ,'aAmana,Amn,V,P,3MP,root
iman,6:92:17,yu&ominu,يُؤْمِنُ,'aAmana,Amn,V,P,3MP,root
iman,6:99:44,yu&ominu,يُؤْمِنُ,'aAmana,Amn,V,P,3MP,root
iman,6:109:8,yu&ominu,يُؤْمِنُ,'aAmana,Amn,V,P,3MP,root
iman,6:109:21,yu&ominu,يُؤْمِنُ,'aAmana,Amn,V,P,3MP,root
iman,6:110:6,yu&ominu,يُؤْمِنُ,'aAmana,Amn,V,P,3MP,root
iman,6:111:15,yu&ominu,يُؤْمِنُ,'aAmana,Amn,V,P,3MP,root
iman,6:113:6,yu&ominu,يُؤْمِنُ,'aAmana,Amn,V,P,3MP,root
iman,6:118:10,mu&ominiyna,مُؤْمِنِينَ,mu&omin,Amn,N,P,MP,root
iman,6:124:6,n~u&omina,نُّؤْمِنَ,'aAmana,Amn,V,P,1P,root
iman,6:125:28,yu&ominu,يُؤْمِنُ,'aAmana,Amn,V,P,3MP,root
iman,6:150:23,yu&ominu,يُؤْمِنُ,'aAmana,Amn,V,P,3MP,root
iman,6:154:17,yu&ominu,يُؤْمِنُ,'aAmana,Amn,V,P,3MP,root
iman,6:158:23,<iyma`nu,إِيمَٰنُ,<iyma`n,Amn,N,,,lemma+root
iman,6:158:26,'aAmanato,ءَامَنَتْ,'aAmana,Amn,V,S,3FS,root
iman,6:158:32,<iyma`ni,إِيمَٰنِ,<iyma`n,Amn,N,,,lemma+root
iman,7:2:13,mu&ominiyna,مُؤْمِنِينَ,mu&omin,Amn,N,P,MP,root
iman,7:27:30,yu&ominu,يُؤْمِنُ,'aAmana,Amn,V,P,3MP,root
iman,7:32:15,'aAmanu,ءَامَنُ,'aAmana,Amn,V,P,3MP,root
iman,7:42:2,'aAmanu,ءَامَنُ,'aAmana,Amn,V,P,3MP,root
iman,7:52:10,yu&ominu,يُؤْمِنُ,'aAmana,Amn,V,P,3MP,root
iman,7:68:7,>amiynN,أَمِينٌ,>amiyn,Amn,ADJ,S,MS,root
iman,7:72:13,mu&ominiyna,مُؤْمِنِينَ,mu&omin,Amn,N,P,MP,root
iman,7:75:10,'aAmana,ءَامَنَ,'aAmana,Amn,V,S,3MS,root
iman,7:75:23,mu&ominuwna,مُؤْمِنُونَ,mu&omin,Amn,N,P,MP,root
iman,7:76:6,'aAman,ءَامَن,'aAmana,Amn,V,P,2MP,root
iman,7:85:37,m~u&ominiyna,مُّؤْمِنِينَ,mu&omin,Amn,N,P,MP,root
iman,7:86:11,'aAmana,ءَامَنَ,'aAmana,Amn,V,S,3MS,root
iman,7:87:5,'aAmanu,ءَامَنُ,'aAmana,Amn,V,P,3MP,root
iman,7:87:11,yu&ominu,يُؤْمِنُ,'aAmana,Amn,V,P,3MP,root
iman,7:88:10,'aAmanu,ءَامَنُ,'aAmana,Amn,V,P,3MP,root
iman,7:96:5,'aAmanu,ءَامَنُ,'aAmana,Amn,V,P,3MP,root
iman,7:97:1,>amina,أَمِنَ,>amina,Amn,V,S,3MS,root
iman,7:98:1,>amina,أَمِنَ,>amina,Amn,V,S,3MS,root
iman,7:99:1,>aminu,أَمِنُ,>amina,Amn,V,P,3MP,root
iman,7:99:5,ya>omanu,يَأْمَنُ,>amina,Amn,V,S,3MS,root
iman,7:101:13,yu&ominu,يُؤْمِنُ,'aAmana,Amn,V,P,3MP,root
iman,7:121:2,'aAma,ءَامَ,'aAmana,Amn,V,P,1P,root
iman,7:123:3,'aAman,ءَامَن,'aAmana,Amn,V,P,2MP,root
iman,7:126:6,'aAma,ءَامَ,'aAmana,Amn,V,P,1P,root
iman,7:132:12,mu&ominiyna,مُؤْمِنِينَ,mu&omin,Amn,N,P,MP,root
iman,7:134:17,nu&omina,نُؤْمِنَ,'aAmana,Amn,V,P,1P,root
iman,7:143:41,mu&ominiyna,مُؤْمِنِينَ,mu&omin,Amn,N,P,MP,root
iman,7:146:15,yu&ominu,يُؤْمِنُ,'aAmana,Amn,V,P,3MP,root
iman,7:153:8,'aAmanu,ءَامَنُ,'aAmana,Amn,V,P,3MP,root
iman,7:156:30,yu&ominu,يُؤْمِنُ,'aAmana,Amn,V,P,3MP,root
iman,7:157:32,'aAmanu,ءَامَنُ,'aAmana,Amn,V,P,3MP,root
iman,7:158:20,_#aAminu,ـَٔامِنُ,'aAmana,Amn,V,P,2MP,root
iman,7:158:26,yu&ominu,يُؤْمِنُ,'aAmana,Amn,V,S,3MS,root
iman,7:185:22,yu&ominu,يُؤْمِنُ,'aAmana,Amn,V,P,3MP,root
iman,7:188:28,yu&ominu,يُؤْمِنُ,'aAmana,Amn,V,P,3MP,root
iman,7:203:23,yu&ominu,يُؤْمِنُ,'aAmana,Amn,V,P,3MP,root
iman,8:1:18,m~u&ominiyna,مُّؤْمِنِينَ,mu&omin,Amn,N,P,MP,root
iman,8:2:2,mu&ominuwna,مُؤْمِنُونَ,mu&omin,Amn,N,P,MP,root
iman,8:2:14,<iyma`nFA,إِيمَٰنًا,<iyma`n,Amn,N,,,lemma+root
iman,8:4:3,mu&ominuwna,مُؤْمِنُونَ,mu&omin,Amn,N,P,MP,root
iman,8:5:10,mu&ominiyna,مُؤْمِنِينَ,mu&omin,Amn,N,P,MP,root
iman,8:11:4,>amanapF,أَمَنَةً,>amanap,Amn,N,,,root
iman,8:12:10,'aAmanu,ءَامَنُ,'aAmana,Amn,V,P,3MP,root
iman,8:15:3,'aAmanu,ءَامَنُ,'aAmana,Amn,V,P,3MP,root
iman,8:17:14,mu&ominiyna,مُؤْمِنِينَ,mu&omin,Amn,N,P,MP,root
iman,8:19:24,mu&ominiyna,مُؤْمِنِينَ,mu&omin,Amn,N,P,MP,root
iman,8:20:3,'aAmanu,ءَامَنُ,'aAmana,Amn,V,P,3MP,root
iman,8:24:3,'aAmanu,ءَامَنُ,'aAmana,Amn,V,P,3MP,root
iman,8:27:3,'aAmanu,ءَامَنُ,'aAmana,Amn,V,P,3MP,root
iman,8:27:9,>ama`na`ti,أَمَٰنَٰتِ,>ama`na`t,Amn,N,P,FP,root
iman,8:29:3,'aAmanu,ءَامَنُ,'aAmana,Amn,V,P,3MP,root
iman,8:41:18,'aAman,ءَامَن,'aAmana,Amn,V,P,2MP,root
iman,8:45:3,'aAmanu,ءَامَنُ,'aAmana,Amn,V,P,3MP,root
iman,8:55:10,yu&ominu,يُؤْمِنُ,'aAmana,Amn,V,P,3MP,root
iman,8:62:12,mu&ominiyna,مُؤْمِنِينَ,mu&omin,Amn,N,P,MP,root
iman,8:64:8,mu&ominiyna,مُؤْمِنِينَ,mu&omin,Amn,N,P,MP,root
iman,8:65:4,mu&ominiyna,مُؤْمِنِينَ,mu&omin,Amn,N,P,MP,root
iman,8:72:3,'aAmanu,ءَامَنُ,'aAmana,Amn,V,P,3MP,root
iman,8:72:19,'aAmanu,ءَامَنُ,'aAmana,Amn,V,P,3MP,root
iman,8:74:2,'aAmanu,ءَامَنُ,'aAmana,Amn,V,P,3MP,root
iman,8:74:13,mu&ominuwna,مُؤْمِنُونَ,mu&omin,Amn,N,P,MP,root
iman,8:75:2,'aAmanu,ءَامَنُ,'aAmana,Amn,V,P,3MP,root
iman,9:6:13,ma>omana,مَأْمَنَ,ma>oman,Amn,N,,,root
iman,9:10:4,mu&ominK,مُؤْمِنٍ,mu&omin,Amn,N,,,root
iman,9:13:20,m~u&ominiyna,مُّؤْمِنِينَ,mu&omin,Amn,N,P,MP,root
iman,9:14:11,m~u&ominiyna,مُّؤْمِنِينَ,mu&omin,Amn,ADJ,P,MP,root
iman,9:16:19,mu&ominiyna,مُؤْمِنِينَ,mu&omin,Amn,N,P,MP,root
iman,9:18:6,'aAmana,ءَامَنَ,'aAmana,Amn,V,S,3MS,root
iman,9:19:8,'aAmana,ءَامَنَ,'aAmana,Amn,V,S,3MS,root
iman,9:20:2,'aAmanu,ءَامَنُ,'aAmana,Amn,V,P,3MP,root
iman,9:23:3,'aAmanu,ءَامَنُ,'aAmana,Amn,V,P,3MP,root
iman,9:23:13,<iyma`ni,إِيمَٰنِ,<iyma`n,Amn,N,,,lemma+root
iman,9:26:8,mu&ominiyna,مُؤْمِنِينَ,mu&omin,Amn,N,P,MP,root
iman,9:28:3,'aAmanu,ءَامَنُ,'aAmana,Amn,V,P,3MP,root
iman,9:29:4,yu&ominu,يُؤْمِنُ,'aAmana,Amn,V,P,3MP,root
iman,9:34:3,'aAmanu,ءَامَنُ,'aAmana,Amn,V,P,3MP,root
iman,9:38:3,'aAmanu,ءَامَنُ,'aAmana,Amn,V,P,3MP,root
iman,9:44:4,yu&ominu,يُؤْمِنُ,'aAmana,Amn,V,P,3MP,root
iman,9:45:5,yu&ominu,يُؤْمِنُ,'aAmana,Amn,V,P,3MP,root
iman,9:51:14,mu&ominuwna,مُؤْمِنُونَ,mu&omin,Amn,N,P,MP,root
iman,9:61:12,yu&ominu,يُؤْمِنُ,'aAmana,Amn,V,S,3MS,root
iman,9:61:14,yu&ominu,يُؤْمِنُ,'aAmana,Amn,V,S,3MS,root
iman,9:61:15,mu&ominiyna,مُؤْمِنِينَ,mu&omin,Amn,N,P,MP,root
iman,9:61:18,'aAmanu,ءَامَنُ,'aAmana,Amn,V,P,3MP,root
iman,9:62:12,mu&ominiyna,مُؤْمِنِينَ,mu&omin,Amn,N,P,MP,root
iman,9:66:6,<iyma`ni,إِيمَٰنِ,<iyma`n,Amn,N,,,lemma+root
iman,9:71:1,mu&ominuwna,مُؤْمِنُونَ,mu&omin,Amn,N,P,MP,root
iman,9:71:2,mu&omina`tu,مُؤْمِنَٰتُ,m~u&omina`t,Amn,N,P,FP,root
iman,9:72:3,mu&ominiyna,مُؤْمِنِينَ,mu&omin,Amn,N,P,MP,root
iman,9:72:4,mu&omina`ti,مُؤْمِنَٰتِ,m~u&omina`t,Amn,N,P,FP,root
iman,9:79:5,mu&ominiyna,مُؤْمِنِينَ,mu&omin,Amn,N,P,MP,root
iman,9:86:5,'aAminu,ءَامِنُ,'aAmana,Amn,V,P,2MP,root
iman,9:88:4,'aAmanu,ءَامَنُ,'aAmana,Amn,V,P,3MP,root
iman,9:94:10,n~u&omina,نُّؤْمِنَ,'aAmana,Amn,V,P,1P,root
iman,9:99:4,yu&ominu,يُؤْمِنُ,'aAmana,Amn,V,S,3MS,root
iman,9:105:7,mu&ominuwna,مُؤْمِنُونَ,mu&omin,Amn,N,P,MP,root
iman,9:107:8,mu&ominiyna,مُؤْمِنِينَ,mu&omin,Amn,N,P,MP,root
iman,9:111:5,mu&ominiyna,مُؤْمِنِينَ,mu&omin,Amn,N,P,MP,root
iman,9:112:16,mu&ominiyna,مُؤْمِنِينَ,mu&omin,Amn,N,P,MP,root
iman,9:113:5,'aAmanu,ءَامَنُ,'aAmana,Amn,V,P,3MP,root
iman,9:119:3,'aAmanu,ءَامَنُ,'aAmana,Amn,V,P,3MP,root
iman,9:122:3,mu&ominuwna,مُؤْمِنُونَ,mu&omin,Amn,N,P,MP,root
iman,9:123:3,'aAmanu,ءَامَنُ,'aAmana,Amn,V,P,3MP,root
iman,9:124:11,<iyma`nFA,إِيمَٰنًا,<iyma`n,Amn,N,,,lemma+root
iman,9:124:14,'aAmanu,ءَامَنُ,'aAmana,Amn,V,P,3MP,root
iman,9:124:16,<iyma`nFA,إِيمَٰنًا,<iyma`n,Amn,N,,,lemma+root
iman,9:128:12,mu&ominiyna,مُؤْمِنِينَ,mu&omin,Amn,N,P,MP,root
iman,10:2:14,'aAmanu,ءَامَنُ,'aAmana,Amn,V,P,3MP,root
iman,10:4:14,'aAmanu,ءَامَنُ,'aAmana,Amn,V,P,3MP,root
iman,10:9:3,'aAmanu,ءَامَنُ,'aAmana,Amn,V,P,3MP,root
iman,10:9:8,<iyma`ni,إِيمَٰنِ,<iyma`n,Amn,N,,,lemma+root
iman,10:13:13,yu&ominu,يُؤْمِنُ,'aAmana,Amn,V,P,3MP,root
iman,10:33:10,yu&ominu,يُؤْمِنُ,'aAmana,Amn,V,P,3MP,root
iman,10:40:3,yu&ominu,يُؤْمِنُ,'aAmana,Amn,V,S,3MS,root
iman,10:40:8,yu&ominu,يُؤْمِنُ,'aAmana,Amn,V,S,3MS,root
iman,10:51:5,'aAman,ءَامَن,'aAmana,Amn,V,P,2MP,root
iman,10:57:14,mu&ominiyna,مُؤْمِنِينَ,mu&omin,Amn,N,P,MP,root
iman,10:63:2,'aAmanu,ءَامَنُ,'aAmana,Amn,V,P,3MP,root
iman,10:74:12,yu&ominu,يُؤْمِنُ,'aAmana,Amn,V,P,3MP,root
iman,10:78:16,mu&ominiyna,مُؤْمِنِينَ,mu&omin,Amn,N,P,MP,root
iman,10:83:2,'aAmana,ءَامَنَ,'aAmana,Amn,V,S,3MS,root
iman,10:84:6,'aAman,ءَامَن,'aAmana,Amn,V,P,2MP,root
iman,10:87:16,mu&ominiyna,مُؤْمِنِينَ,mu&omin,Amn,N,P,MP,root
iman,10:88:25,yu&ominu,يُؤْمِنُ,'aAmana,Amn,V,P,3MP,root
iman,10:90:15,'aAman,ءَامَن,'aAmana,Amn,V,S,1S,root
iman,10:90:21,'aAmanato,ءَامَنَتْ,'aAmana,Amn,V,S,3FS,root
iman,10:96:8,yu&ominu,يُؤْمِنُ,'aAmana,Amn,V,P,3MP,root
iman,10:98:4,'aAmanato,ءَامَنَتْ,'aAmana,Amn,V,S,3FS,root
iman,10:98:6,<iyma`nu,إِيمَٰنُ,<iyma`n,Amn,N,,,lemma+root
iman,10:98:11,'aAmanu,ءَامَنُ,'aAmana,Amn,V,P,3MP,root
iman,10:99:4,'aAmana,ءَامَنَ,'aAmana,Amn,V,S,3MS,root
iman,10:99:15,mu&ominiyna,مُؤْمِنِينَ,mu&omin,Amn,N,P,MP,root
iman,10:100:5,tu&omina,تُؤْمِنَ,'aAmana,Amn,V,S,3FS,root
iman,10:101:14,yu&ominu,يُؤْمِنُ,'aAmana,Amn,V,P,3MP,root
iman,10:103:5,'aAmanu,ءَامَنُ,'aAmana,Amn,V,P,3MP,root
iman,10:103:10,mu&ominiyna,مُؤْمِنِينَ,mu&omin,Amn,N,P,MP,root
iman,10:104:26,mu&ominiyna,مُؤْمِنِينَ,mu&omin,Amn,N,P,MP,root
iman,11:17:17,yu&ominu,يُؤْمِنُ,'aAmana,Amn,V,P,3MP,root
iman,11:17:39,yu&ominu,يُؤْمِنُ,'aAmana,Amn,V,P,3MP,root
iman,11:23:3,'aAmanu,ءَامَنُ,'aAmana,Amn,V,P,3MP,root
iman,11:29:15,'aAmanu,ءَامَنُ,'aAmana,Amn,V,P,3MP,root
iman,11:36:6,yu&omina,يُؤْمِنَ,'aAmana,Amn,V,S,3MS,root
iman,11:36:12,'aAmana,ءَامَنَ,'aAmana,Amn,V,S,3MS,root
iman,11:40:21,'aAmana,ءَامَنَ,'aAmana,Amn,V,S,3MS,root
iman,11:40:23,'aAmana,ءَامَنَ,'aAmana,Amn,V,S,3MS,root
iman,11:53:15,mu&ominiyna,مُؤْمِنِينَ,mu&omin,Amn,N,P,MP,root
iman,11:58:7,'aAmanu,ءَامَنُ,'aAmana,Amn,V,P,3MP,root
iman,11:66:7,'aAmanu,ءَامَنُ,'aAmana,Amn,V,P,3MP,root
iman,11:86:7,m~u&ominiyna,مُّؤْمِنِينَ,mu&omin,Amn,N,P,MP,root
iman,11:94:7,'aAmanu,ءَامَنُ,'aAmana,Amn,V,P,3MP,root
iman,11:120:17,mu&ominiyna,مُؤْمِنِينَ,mu&omin,Amn,N,P,MP,root
iman,11:121:4,yu&ominu,يُؤْمِنُ,'aAmana,Amn,V,P,3MP,root
iman,12:11:6,ta>oma+n~a,تَأْمَ۫نَّ,>amina,Amn,V,S,2MS,root
iman,12:17:14,mu&ominK,مُؤْمِنٍ,mu&omin,Amn,N,,,root
iman,12:37:21,yu&ominu,يُؤْمِنُ,'aAmana,Amn,V,P,3MP,root
iman,12:54:14,>amiynN,أَمِينٌ,>amiyn,Amn,ADJ,S,MS,root
iman,12:57:5,'aAmanu,ءَامَنُ,'aAmana,Amn,V,P,3MP,root
iman,12:64:3,'aAmanu,ءَامَنُ,>amina,Amn,V,S,1S,root
iman,12:64:7,>amin,أَمِن,>amina,Amn,V,S,1S,root
iman,12:99:14,'aAminiyna,ءَامِنِينَ,'aAminiyn,Amn,N,P,MP,root
iman,12:103:6,mu&ominiyna,مُؤْمِنِينَ,mu&omin,Amn,N,P,MP,root
iman,12:106:2,yu&ominu,يُؤْمِنُ,'aAmana,Amn,V,S,3MS,root
iman,12:107:1,>aminu,أَمِنُ,>amina,Amn,V,P,3MP,root
iman,12:111:23,yu&ominu,يُؤْمِنُ,'aAmana,Amn,V,P,3MP,root
iman,13:1:15,yu&ominu,يُؤْمِنُ,'aAmana,Amn,V,P,3MP,root
iman,13:28:2,'aAmanu,ءَامَنُ,'aAmana,Amn,V,P,3MP,root
iman,13:29:2,'aAmanu,ءَامَنُ,'aAmana,Amn,V,P,3MP,root
iman,13:31:22,'aAmanu,ءَامَنُ,'aAmana,Amn,V,P,3MP,root
iman,14:11:29,mu&ominuwna,مُؤْمِنُونَ,mu&omin,Amn,N,P,MP,root
iman,14:23:3,'aAmanu,ءَامَنُ,'aAmana,Amn,V,P,3MP,root
iman,14:27:4,'aAmanu,ءَامَنُ,'aAmana,Amn,V,P,3MP,root
iman,14:31:4,'aAmanu,ءَامَنُ,'aAmana,Amn,V,P,3MP,root
iman,14:35:8,'aAminFA,ءَامِنًا,'aAmin,Amn,N,,,root
iman,14:41:5,mu&ominiyna,مُؤْمِنِينَ,mu&omin,Amn,N,P,MP,root
iman,15:13:2,yu&ominu,يُؤْمِنُ,'aAmana,Amn,V,P,3MP,root
iman,15:46:3,'aAminiyna,ءَامِنِينَ,'aAminiyn,Amn,N,P,MP,root
iman,15:77:5,mu&ominiyna,مُؤْمِنِينَ,mu&omin,Amn,N,P,MP,root
iman,15:82:6,'aAminiyna,ءَامِنِينَ,'aAminiyn,Amn,N,P,MP,root
iman,15:88:15,mu&ominiyna,مُؤْمِنِينَ,mu&omin,Amn,N,P,MP,root
iman,16:22:6,yu&ominu,يُؤْمِنُ,'aAmana,Amn,V,P,3MP,root
iman,16:45:1,>amina,أَمِنَ,>amina,Amn,V,S,3MS,root
iman,16:60:3,yu&ominu,يُؤْمِنُ,'aAmana,Amn,V,P,3MP,root
iman,16:64:14,yu&ominu,يُؤْمِنُ,'aAmana,Amn,V,P,3MP,root
iman,16:72:17,yu&ominu,يُؤْمِنُ,'aAmana,Amn,V,P,3MP,root
iman,16:79:18,yu&ominu,يُؤْمِنُ,'aAmana,Amn,V,P,3MP,root
iman,16:97:9,mu&ominN,مُؤْمِنٌ,mu&omin,Amn,N,,,root
iman,16:99:7,'aAmanu,ءَامَنُ,'aAmana,Amn,V,P,3MP,root
iman,16:102:10,'aAmanu,ءَامَنُ,'aAmana,Amn,V,P,3MP,root
iman,16:104:4,yu&ominu,يُؤْمِنُ,'aAmana,Amn,V,P,3MP,root
iman,16:105:6,yu&ominu,يُؤْمِنُ,'aAmana,Amn,V,P,3MP,root
iman,16:106:6,<iyma`ni,إِيمَٰنِ,<iyma`n,Amn,N,,,lemma+root
iman,16:106:12,<iyma`ni,إِيمَٰنِ,<iyma`n,Amn,N,,,lemma+root
iman,16:112:6,'aAminapF,ءَامِنَةً,'aAminap,Amn,N,,,root
iman,17:9:9,mu&ominiyna,مُؤْمِنِينَ,mu&omin,Amn,N,P,MP,root
iman,17:10:4,yu&ominu,يُؤْمِنُ,'aAmana,Amn,V,P,3MP,root
iman,17:19:8,mu&ominN,مُؤْمِنٌ,mu&omin,Amn,N,,,root
iman,17:45:9,yu&ominu,يُؤْمِنُ,'aAmana,Amn,V,P,3MP,root
iman,17:68:1,>amin,أَمِن,>amina,Amn,V,P,2MP,root
iman,17:69:2,>amin,أَمِن,>amina,Amn,V,P,2MP,root
iman,17:82:8,mu&ominiyna,مُؤْمِنِينَ,mu&omin,Amn,N,P,MP,root
iman,17:90:3,n~u&omina,نُّؤْمِنَ,'aAmana,Amn,V,P,1P,root
iman,17:93:12,n~u&omina,نُّؤْمِنَ,'aAmana,Amn,V,P,1P,root
iman,17:94:5,yu&ominu,يُؤْمِنُ,'aAmana,Amn,V,P,3MP,root
iman,17:107:2,'aAminu,ءَامِنُ,'aAmana,Amn,V,P,2MP,root
iman,17:107:6,tu&ominu,تُؤْمِنُ,'aAmana,Amn,V,P,2MP,root
iman,18:2:8,mu&ominiyna,مُؤْمِنِينَ,mu&omin,Amn,N,P,MP,root
iman,18:6:8,yu&ominu,يُؤْمِنُ,'aAmana,Amn,V,P,3MP,root
iman,18:13:8,'aAmanu,ءَامَنُ,'aAmana,Amn,V,P,3MP,root
iman,18:29:7,yu&omin,يُؤْمِن,'aAmana,Amn,V,S,3MS,root
iman,18:30:3,'aAmanu,ءَامَنُ,'aAmana,Amn,V,P,3MP,root
iman,18:55:5,yu&ominu,يُؤْمِنُ,'aAmana,Amn,V,P,3MP,root
iman,18:80:5,mu&ominayoni,مُؤْمِنَيْنِ,mu&omin,Amn,N,D,MD,root
iman,18:88:3,'aAmana,ءَامَنَ,'aAmana,Amn,V,S,3MS,root
iman,18:107:3,'aAmanu,ءَامَنُ,'aAmana,Amn,V,P,3MP,root
iman,19:39:12,yu&ominu,يُؤْمِنُ,'aAmana,Amn,V,P,3MP,root
iman,19:60:4,'aAmana,ءَامَنَ,'aAmana,Amn,V,S,3MS,root
iman,19:73:10,'aAmanu,ءَامَنُ,'aAmana,Amn,V,P,3MP,root
iman,19:96:3,'aAmanu,ءَامَنُ,'aAmana,Amn,V,P,3MP,root
iman,20:16:6,yu&ominu,يُؤْمِنُ,'aAmana,Amn,V,S,3MS,root
iman,20:70:5,'aAma,ءَامَ,'aAmana,Amn,V,P,1P,root
iman,20:71:2,'aAman,ءَامَن,'aAmana,Amn,V,P,2MP,root
iman,20:73:2,'aAma,ءَامَ,'aAmana,Amn,V,P,1P,root
iman,20:75:3,mu&ominFA,مُؤْمِنًا,mu&omin,Amn,N,,,root
iman,20:82:5,'aAmana,ءَامَنَ,'aAmana,Amn,V,S,3MS,root
iman,20:112:6,mu&ominN,مُؤْمِنٌ,mu&omin,Amn,N,,,root
iman,20:127:6,yu&omin[,يُؤْمِنۢ,'aAmana,Amn,V,S,3MS,root
iman,21:6:2,'aAmanato,ءَامَنَتْ,'aAmana,Amn,V,S,3FS,root
iman,21:6:8,yu&ominu,يُؤْمِنُ,'aAmana,Amn,V,P,3MP,root
iman,21:30:18,yu&ominu,يُؤْمِنُ,'aAmana,Amn,V,P,3MP,root
iman,21:88:8,mu&ominiyna,مُؤْمِنِينَ,mu&omin,Amn,N,P,MP,root
iman,21:94:6,mu&ominN,مُؤْمِنٌ,mu&omin,Amn,N,,,root
iman,22:14:5,'aAmanu,ءَامَنُ,'aAmana,Amn,V,P,3MP,root
iman,22:17:3,'aAmanu,ءَامَنُ,'aAmana,Amn,V,P,3MP,root
iman,22:23:5,'aAmanu,ءَامَنُ,'aAmana,Amn,V,P,3MP,root
iman,22:38:6,'aAmanu,ءَامَنُ,'aAmana,Amn,V,P,3MP,root
iman,22:50:2,'aAmanu,ءَامَنُ,'aAmana,Amn,V,P,3MP,root
iman,22:54:9,yu&ominu,يُؤْمِنُ,'aAmana,Amn,V,P,3MP,root
iman,22:54:18,'aAmanu,ءَامَنُ,'aAmana,Amn,V,P,3MP,root
iman,22:56:7,'aAmanu,ءَامَنُ,'aAmana,Amn,V,P,3MP,root
iman,22:77:3,'aAmanu,ءَامَنُ,'aAmana,Amn,V,P,3MP,root
iman,23:1:3,mu&ominuwna,مُؤْمِنُونَ,mu&omin,Amn,N,P,MP,root
iman,23:8:3,>ama`na`ti,أَمَٰنَٰتِ,>ama`na`t,Amn,N,P,FP,root
iman,23:38:12,mu&ominiyna,مُؤْمِنِينَ,mu&omin,Amn,N,P,MP,root
iman,23:44:19,yu&ominu,يُؤْمِنُ,'aAmana,Amn,V,P,3MP,root
iman,23:47:2,nu&ominu,نُؤْمِنُ,'aAmana,Amn,V,P,1P,root
iman,23:58:5,yu&ominu,يُؤْمِنُ,'aAmana,Amn,V,P,3MP,root
iman,23:74:4,yu&ominu,يُؤْمِنُ,'aAmana,Amn,V,P,3MP,root
iman,23:109:8,'aAma,ءَامَ,'aAmana,Amn,V,P,1P,root
iman,24:2:18,tu&ominu,تُؤْمِنُ,'aAmana,Amn,V,P,2MP,root
iman,24:2:26,mu&ominiyna,مُؤْمِنِينَ,mu&omin,Amn,N,P,MP,root
iman,24:3:18,mu&ominiyna,مُؤْمِنِينَ,mu&omin,Amn,N,P,MP,root
iman,24:12:5,mu&ominuwna,مُؤْمِنُونَ,mu&omin,Amn,N,P,MP,root
iman,24:12:6,mu&omina`tu,مُؤْمِنَٰتُ,m~u&omina`t,Amn,N,P,FP,root
iman,24:17:9,m~u&ominiyna,مُّؤْمِنِينَ,mu&omin,Amn,N,P,MP,root
iman,24:19:9,'aAmanu,ءَامَنُ,'aAmana,Amn,V,P,3MP,root
iman,24:21:3,'aAmanu,ءَامَنُ,'aAmana,Amn,V,P,3MP,root
iman,24:23:6,mu&omina`ti,مُؤْمِنَٰتِ,m~u&omina`t,Amn,ADJ,P,FP,root
iman,24:27:3,'aAmanu,ءَامَنُ,'aAmana,Amn,V,P,3MP,root
iman,24:30:2,mu&ominiyna,مُؤْمِنِينَ,mu&omin,Amn,N,P,MP,root
iman,24:31:2,mu&omina`ti,مُؤْمِنَٰتِ,m~u&omina`t,Amn,N,P,FP,root
iman,24:31:76,mu&ominuwna,مُؤْمِنُونَ,mu&omin,Amn,N,P,MP,root
iman,24:47:2,'aAma,ءَامَ,'aAmana,Amn,V,P,1P,root
iman,24:47:15,mu&ominiyna,مُؤْمِنِينَ,mu&omin,Amn,N,P,MP,root
iman,24:51:4,mu&ominiyna,مُؤْمِنِينَ,mu&omin,Amn,N,P,MP,root
iman,24:55:4,'aAmanu,ءَامَنُ,'aAmana,Amn,V,P,3MP,root
iman,24:55:26,>amonFA,أَمْنًا,>amon,Amn,N,,,root
iman,24:58:3,'aAmanu,ءَامَنُ,'aAmana,Amn,V,P,3MP,root
iman,24:62:2,mu&ominuwna,مُؤْمِنُونَ,mu&omin,Amn,N,P,MP,root
iman,24:62:4,'aAmanu,ءَامَنُ,'aAmana,Amn,V,P,3MP,root
iman,24:62:22,yu&ominu,يُؤْمِنُ,'aAmana,Amn,V,P,3MP,root
iman,25:70:4,'aAmana,ءَامَنَ,'aAmana,Amn,V,S,3MS,root
iman,26:3:6,mu&ominiyna,مُؤْمِنِينَ,mu&omin,Amn,N,P,MP,root
iman,26:8:8,m~u&ominiyna,مُّؤْمِنِينَ,mu&omin,Amn,N,P,MP,root
iman,26:47:2,'aAma,ءَامَ,'aAmana,Amn,V,P,1P,root
iman,26:49:2,'aAman,ءَامَن,'aAmana,Amn,V,P,2MP,root
iman,26:51:11,mu&ominiyna,مُؤْمِنِينَ,mu&omin,Amn,N,P,MP,root
iman,26:67:8,m~u&ominiyna,مُّؤْمِنِينَ,mu&omin,Amn,N,P,MP,root
iman,26:102:7,mu&ominiyna,مُؤْمِنِينَ,mu&omin,Amn,N,P,MP,root
iman,26:103:8,m~u&ominiyna,مُّؤْمِنِينَ,mu&omin,Amn,N,P,MP,root
iman,26:107:4,>amiynN,أَمِينٌ,>amiyn,Amn,ADJ,S,MS,root
iman,26:111:2,nu&ominu,نُؤْمِنُ,'aAmana,Amn,V,P,1P,root
iman,26:114:4,mu&ominiyna,مُؤْمِنِينَ,mu&omin,Amn,N,P,MP,root
iman,26:118:9,mu&ominiyna,مُؤْمِنِينَ,mu&omin,Amn,N,P,MP,root
iman,26:121:8,m~u&ominiyna,مُّؤْمِنِينَ,mu&omin,Amn,N,P,MP,root
iman,26:125:4,>amiynN,أَمِينٌ,>amiyn,Amn,ADJ,S,MS,root
iman,26:139:10,m~u&ominiyna,مُّؤْمِنِينَ,mu&omin,Amn,N,P,MP,root
iman,26:143:4,>amiynN,أَمِينٌ,>amiyn,Amn,ADJ,S,MS,root
iman,26:146:5,'aAminiyna,ءَامِنِينَ,'aAminiyn,Amn,N,P,MP,root
iman,26:158:10,m~u&ominiyna,مُّؤْمِنِينَ,mu&omin,Amn,N,P,MP,root
iman,26:162:4,>amiynN,أَمِينٌ,>amiyn,Amn,ADJ,S,MS,root
iman,26:174:8,m~u&ominiyna,مُّؤْمِنِينَ,mu&omin,Amn,N,P,MP,root
iman,26:178:4,>amiynN,أَمِينٌ,>amiyn,Amn,ADJ,S,MS,root
iman,26:190:8,m~u&ominiyna,مُّؤْمِنِينَ,mu&omin,Amn,N,P,MP,root
iman,26:193:4,>amiynu,أَمِينُ,>amiyn,Amn,ADJ,S,MS,root
iman,26:199:6,mu&ominiyna,مُؤْمِنِينَ,mu&omin,Amn,N,P,MP,root
iman,26:201:2,yu&ominu,يُؤْمِنُ,'aAmana,Amn,V,P,3MP,root
iman,26:215:6,mu&ominiyna,مُؤْمِنِينَ,mu&omin,Amn,N,P,MP,root
iman,26:227:3,'aAmanu,ءَامَنُ,'aAmana,Amn,V,P,3MP,root
iman,27:2:3,mu&ominiyna,مُؤْمِنِينَ,mu&omin,Amn,N,P,MP,root
iman,27:4:4,yu&ominu,يُؤْمِنُ,'aAmana,Amn,V,P,3MP,root
iman,27:15:15,mu&ominiyna,مُؤْمِنِينَ,mu&omin,Amn,ADJ,P,MP,root
iman,27:39:16,>amiynN,أَمِينٌ,>amiyn,Amn,ADJ,S,MS,root
iman,27:53:3,'aAmanu,ءَامَنُ,'aAmana,Amn,V,P,3MP,root
iman,27:77:4,mu&ominiyna,مُؤْمِنِينَ,mu&omin,Amn,N,P,MP,root
iman,27:81:11,yu&ominu,يُؤْمِنُ,'aAmana,Amn,V,S,3MS,root
iman,27:86:15,yu&ominu,يُؤْمِنُ,'aAmana,Amn,V,P,3MP,root
iman,27:89:11,'aAminuwna,ءَامِنُونَ,'aAminiyn,Amn,N,P,MP,root
iman,28:3:9,yu&ominu,يُؤْمِنُ,'aAmana,Amn,V,P,3MP,root
iman,28:10:17,mu&ominiyna,مُؤْمِنِينَ,mu&omin,Amn,N,P,MP,root
iman,28:26:10,>amiynu,أَمِينُ,>amiyn,Amn,ADJ,S,MS,root
iman,28:31:19,'aAminiyna,ءَامِنِينَ,'aAminiyn,Amn,N,P,MP,root
iman,28:47:18,mu&ominiyna,مُؤْمِنِينَ,mu&omin,Amn,N,P,MP,root
iman,28:52:8,yu&ominu,يُؤْمِنُ,'aAmana,Amn,V,P,3MP,root
iman,28:53:5,'aAma,ءَامَ,'aAmana,Amn,V,P,1P,root
iman,28:57:13,'aAminFA,ءَامِنًا,'aAmin,Amn,ADJ,,,root
iman,28:67:4,'aAmana,ءَامَنَ,'aAmana,Amn,V,S,3MS,root
iman,28:80:10,'aAmana,ءَامَنَ,'aAmana,Amn,V,S,3MS,root
iman,29:2:7,'aAma,ءَامَ,'aAmana,Amn,V,P,1P,root
iman,29:7:2,'aAmanu,ءَامَنُ,'aAmana,Amn,V,P,3MP,root
iman,29:9:2,'aAmanu,ءَامَنُ,'aAmana,Amn,V,P,3MP,root
iman,29:10:5,'aAma,ءَامَ,'aAmana,Amn,V,P,1P,root
iman,29:11:4,'aAmanu,ءَامَنُ,'aAmana,Amn,V,P,3MP,root
iman,29:12:5,'aAmanu,ءَامَنُ,'aAmana,Amn,V,P,3MP,root
iman,29:24:20,yu&ominu,يُؤْمِنُ,'aAmana,Amn,V,P,3MP,root
iman,29:26:1,_#aAmana,ـَٔامَنَ,'aAmana,Amn,V,S,3MS,root
iman,29:44:10,mu&ominiyna,مُؤْمِنِينَ,mu&omin,Amn,N,P,MP,root
iman,29:46:14,'aAma,ءَامَ,'aAmana,Amn,V,P,1P,root
iman,29:47:8,yu&ominu,يُؤْمِنُ,'aAmana,Amn,V,P,3MP,root
iman,29:47:13,yu&ominu,يُؤْمِنُ,'aAmana,Amn,V,S,3MS,root
iman,29:51:15,yu&ominu,يُؤْمِنُ,'aAmana,Amn,V,P,3MP,root
iman,29:52:13,'aAmanu,ءَامَنُ,'aAmana,Amn,V,P,3MP,root
iman,29:56:3,'aAmanu,ءَامَنُ,'aAmana,Amn,V,P,3MP,root
iman,29:58:2,'aAmanu,ءَامَنُ,'aAmana,Amn,V,P,3MP,root
iman,29:67:6,'aAminFA,ءَامِنًا,'aAmin,Amn,N,,,root
iman,29:67:12,yu&ominu,يُؤْمِنُ,'aAmana,Amn,V,P,3MP,root
iman,30:4:12,mu&ominuwna,مُؤْمِنُونَ,mu&omin,Amn,N,P,MP,root
iman,30:15:3,'aAmanu,ءَامَنُ,'aAmana,Amn,V,P,3MP,root
iman,30:37:15,yu&ominu,يُؤْمِنُ,'aAmana,Amn,V,P,3MP,root
iman,30:45:3,'aAmanu,ءَامَنُ,'aAmana,Amn,V,P,3MP,root
iman,30:47:18,mu&ominiyna,مُؤْمِنِينَ,mu&omin,Amn,N,P,MP,root
iman,30:53:11,yu&ominu,يُؤْمِنُ,'aAmana,Amn,V,S,3MS,root
iman,30:56:5,<iyma`na,إِيمَٰنَ,<iyma`n,Amn,N,,,lemma+root
iman,31:8:3,'aAmanu,ءَامَنُ,'aAmana,Amn,V,P,3MP,root
iman,32:15:2,yu&ominu,يُؤْمِنُ,'aAmana,Amn,V,S,3MS,root
iman,32:18:3,mu&ominFA,مُؤْمِنًا,mu&omin,Amn,N,,,root
iman,32:19:3,'aAmanu,ءَامَنُ,'aAmana,Amn,V,P,3MP,root
iman,32:29:8,<iyma`nu,إِيمَٰنُ,<iyma`n,Amn,N,,,lemma+root
iman,33:6:3,mu&ominiyna,مُؤْمِنِينَ,mu&omin,Amn,N,P,MP,root
iman,33:6:17,mu&ominiyna,مُؤْمِنِينَ,mu&omin,Amn,N,P,MP,root
iman,33:9:3,'aAmanu,ءَامَنُ,'aAmana,Amn,V,P,3MP,root
iman,33:11:3,mu&ominuwna,مُؤْمِنُونَ,mu&omin,Amn,N,P,MP,root
iman,33:19:27,yu&ominu,يُؤْمِنُ,'aAmana,Amn,V,P,3MP,root
iman,33:22:3,mu&ominuwna,مُؤْمِنُونَ,mu&omin,Amn,N,P,MP,root
iman,33:22:17,<iyma`nFA,إِيمَٰنًا,<iyma`n,Amn,N,,,lemma+root
iman,33:23:2,mu&ominiyna,مُؤْمِنِينَ,mu&omin,Amn,N,P,MP,root
iman,33:25:11,mu&ominiyna,مُؤْمِنِينَ,mu&omin,Amn,N,P,MP,root
iman,33:35:4,mu&ominiyna,مُؤْمِنِينَ,mu&omin,Amn,N,P,MP,root
iman,33:35:5,mu&omina`ti,مُؤْمِنَٰتِ,m~u&omina`t,Amn,N,P,FP,root
iman,33:36:3,mu&ominK,مُؤْمِنٍ,mu&omin,Amn,N,,,root
iman,33:36:5,mu&ominapK,مُؤْمِنَةٍ,m~u&ominap,Amn,N,,,root
iman,33:37:36,mu&ominiyna,مُؤْمِنِينَ,mu&omin,Amn,N,P,MP,root
iman,33:41:3,'aAmanu,ءَامَنُ,'aAmana,Amn,V,P,3MP,root
iman,33:43:12,mu&ominiyna,مُؤْمِنِينَ,mu&omin,Amn,N,P,MP,root
iman,33:47:2,mu&ominiyna,مُؤْمِنِينَ,mu&omin,Amn,N,P,MP,root
iman,33:49:3,'aAmanu,ءَامَنُ,'aAmana,Amn,V,P,3MP,root
iman,33:49:6,mu&omina`ti,مُؤْمِنَٰتِ,m~u&omina`t,Amn,N,P,FP,root
iman,33:50:29,m~u&ominapF,مُّؤْمِنَةً,m~u&ominap,Amn,N,,,root
iman,33:50:43,mu&ominiyna,مُؤْمِنِينَ,mu&omin,Amn,N,P,MP,root
iman,33:53:3,'aAmanu,ءَامَنُ,'aAmana,Amn,V,P,3MP,root
iman,33:56:9,'aAmanu,ءَامَنُ,'aAmana,Amn,V,P,3MP,root
iman,33:58:3,mu&ominiyna,مُؤْمِنِينَ,mu&omin,Amn,N,P,MP,root
iman,33:58:4,mu&omina`ti,مُؤْمِنَٰتِ,m~u&omina`t,Amn,N,P,FP,root
iman,33:59:7,mu&ominiyna,مُؤْمِنِينَ,mu&omin,Amn,N,P,MP,root
iman,33:69:3,'aAmanu,ءَامَنُ,'aAmana,Amn,V,P,3MP,root
iman,33:70:3,'aAmanu,ءَامَنُ,'aAmana,Amn,V,P,3MP,root
iman,33:72:3,>amaAnapa,أَمَانَةَ,>ama`nat,Amn,N,,,root
iman,33:73:10,mu&ominiyna,مُؤْمِنِينَ,mu&omin,Amn,N,P,MP,root
iman,33:73:11,mu&omina`ti,مُؤْمِنَٰتِ,m~u&omina`t,Amn,N,P,FP,root
iman,34:4:3,'aAmanu,ءَامَنُ,'aAmana,Amn,V,P,3MP,root
iman,34:8:11,yu&ominu,يُؤْمِنُ,'aAmana,Amn,V,P,3MP,root
iman,34:18:17,'aAminiyna,ءَامِنِينَ,'aAminiyn,Amn,N,P,MP,root
iman,34:20:10,mu&ominiyna,مُؤْمِنِينَ,mu&omin,Amn,N,P,MP,root
iman,34:21:10,yu&ominu,يُؤْمِنُ,'aAmana,Amn,V,S,3MS,root
iman,34:31:5,n~u&omina,نُّؤْمِنَ,'aAmana,Amn,V,P,1P,root
iman,34:31:32,mu&ominiyna,مُؤْمِنِينَ,mu&omin,Amn,N,P,MP,root
iman,34:37:11,'aAmana,ءَامَنَ,'aAmana,Amn,V,S,3MS,root
iman,34:37:23,'aAminuwna,ءَامِنُونَ,'aAminiyn,Amn,N,P,MP,root
iman,34:41:13,m~u&ominuwna,مُّؤْمِنُونَ,mu&omin,Amn,N,P,MP,root
iman,34:52:2,'aAma,ءَامَ,'aAmana,Amn,V,P,1P,root
iman,35:7:7,'aAmanu,ءَامَنُ,'aAmana,Amn,V,P,3MP,root
iman,36:7:8,yu&ominu,يُؤْمِنُ,'aAmana,Amn,V,P,3MP,root
iman,36:10:8,yu&ominu,يُؤْمِنُ,'aAmana,Amn,V,P,3MP,root
iman,36:25:2,'aAman,ءَامَن,'aAmana,Amn,V,S,1S,root
iman,36:47:12,'aAmanu,ءَامَنُ,'aAmana,Amn,V,P,3MP,root
iman,37:29:5,mu&ominiyna,مُؤْمِنِينَ,mu&omin,Amn,N,P,MP,root
iman,37:81:4,mu&ominiyna,مُؤْمِنِينَ,mu&omin,Amn,ADJ,P,MP,root
iman,37:111:4,mu&ominiyna,مُؤْمِنِينَ,mu&omin,Amn,N,P,MP,root
iman,37:122:4,mu&ominiyna,مُؤْمِنِينَ,mu&omin,Amn,ADJ,P,MP,root
iman,37:132:4,mu&ominiyna,مُؤْمِنِينَ,mu&omin,Amn,ADJ,P,MP,root
iman,37:148:1,_#aAmanu,ـَٔامَنُ,'aAmana,Amn,V,P,3MP,root
iman,38:24:18,'aAmanu,ءَامَنُ,'aAmana,Amn,V,P,3MP,root
iman,38:28:4,'aAmanu,ءَامَنُ,'aAmana,Amn,V,P,3MP,root
iman,39:10:4,'aAmanu,ءَامَنُ,'aAmana,Amn,V,P,3MP,root
iman,39:45:9,yu&ominu,يُؤْمِنُ,'aAmana,Amn,V,P,3MP,root
iman,39:52:15,yu&ominu,يُؤْمِنُ,'aAmana,Amn,V,P,3MP,root
iman,40:7:9,yu&ominu,يُؤْمِنُ,'aAmana,Amn,V,P,3MP,root
iman,40:7:13,'aAmanu,ءَامَنُ,'aAmana,Amn,V,P,3MP,root
iman,40:10:14,<iyma`ni,إِيمَٰنِ,<iyma`n,Amn,N,,,lemma+root
iman,40:12:11,tu&ominu,تُؤْمِنُ,'aAmana,Amn,V,P,2MP,root
iman,40:25:10,'aAmanu,ءَامَنُ,'aAmana,Amn,V,P,3MP,root
iman,40:27:11,yu&ominu,يُؤْمِنُ,'aAmana,Amn,V,S,3MS,root
iman,40:28:3,m~u&ominN,مُّؤْمِنٌ,mu&omin,Amn,N,,,root
iman,40:28:8,<iyma`na,إِيمَٰنَ,<iyma`n,Amn,N,,,lemma+root
iman,40:30:3,'aAmana,ءَامَنَ,'aAmana,Amn,V,S,3MS,root
iman,40:35:15,'aAmanu,ءَامَنُ,'aAmana,Amn,V,P,3MP,root
iman,40:38:3,'aAmana,ءَامَنَ,'aAmana,Amn,V,S,3MS,root
iman,40:40:16,mu&ominN,مُؤْمِنٌ,mu&omin,Amn,N,,,root
iman,40:51:5,'aAmanu,ءَامَنُ,'aAmana,Amn,V,P,3MP,root
iman,40:58:6,'aAmanu,ءَامَنُ,'aAmana,Amn,V,P,3MP,root
iman,40:59:11,yu&ominu,يُؤْمِنُ,'aAmana,Amn,V,P,3MP,root
iman,40:84:5,'aAma,ءَامَ,'aAmana,Amn,V,P,1P,root
iman,40:85:4,<iyma`nu,إِيمَٰنُ,<iyma`n,Amn,N,,,lemma+root
iman,41:8:3,'aAmanu,ءَامَنُ,'aAmana,Amn,V,P,3MP,root
iman,41:18:3,'aAmanu,ءَامَنُ,'aAmana,Amn,V,P,3MP,root
iman,41:40:17,'aAminFA,ءَامِنًا,'aAmin,Amn,N,,,root
iman,41:44:14,'aAmanu,ءَامَنُ,'aAmana,Amn,V,P,3MP,root
iman,41:44:19,yu&ominu,يُؤْمِنُ,'aAmana,Amn,V,P,3MP,root
iman,42:15:10,'aAman,ءَامَن,'aAmana,Amn,V,S,1S,root
iman,42:18:5,yu&ominu,يُؤْمِنُ,'aAmana,Amn,V,P,3MP,root
iman,42:18:8,'aAmanu,ءَامَنُ,'aAmana,Amn,V,P,3MP,root
iman,42:22:10,'aAmanu,ءَامَنُ,'aAmana,Amn,V,P,3MP,root
iman,42:23:7,'aAmanu,ءَامَنُ,'aAmana,Amn,V,P,3MP,root
iman,42:26:3,'aAmanu,ءَامَنُ,'aAmana,Amn,V,P,3MP,root
iman,42:36:14,'aAmanu,ءَامَنُ,'aAmana,Amn,V,P,3MP,root
iman,42:45:13,'aAmanu,ءَامَنُ,'aAmana,Amn,V,P,3MP,root
iman,42:52:13,<iyma`nu,إِيمَٰنُ,<iyma`n,Amn,N,,,lemma+root
iman,43:69:2,'aAmanu,ءَامَنُ,'aAmana,Amn,V,P,3MP,root
iman,43:88:7,yu&ominu,يُؤْمِنُ,'aAmana,Amn,V,P,3MP,root
iman,44:12:6,mu&ominuwna,مُؤْمِنُونَ,mu&omin,Amn,N,P,MP,root
iman,44:18:9,>amiynN,أَمِينٌ,>amiyn,Amn,ADJ,S,MS,root
iman,44:21:3,tu&ominu,تُؤْمِنُ,'aAmana,Amn,V,P,2MP,root
iman,44:51:5,>amiynK,أَمِينٍ,>amiyn,Amn,ADJ,S,MS,root
iman,44:55:5,'aAminiyna,ءَامِنِينَ,'aAminiyn,Amn,N,P,MP,root
iman,45:3:6,mu&ominiyna,مُؤْمِنِينَ,mu&omin,Amn,N,P,MP,root
iman,45:6:12,yu&ominu,يُؤْمِنُ,'aAmana,Amn,V,P,3MP,root
iman,45:14:3,'aAmanu,ءَامَنُ,'aAmana,Amn,V,P,3MP,root
iman,45:21:9,'aAmanu,ءَامَنُ,'aAmana,Amn,V,P,3MP,root
iman,45:30:3,'aAmanu,ءَامَنُ,'aAmana,Amn,V,P,3MP,root
iman,46:10:17,_#aAmana,ـَٔامَنَ,'aAmana,Amn,V,S,3MS,root
iman,46:11:5,'aAmanu,ءَامَنُ,'aAmana,Amn,V,P,3MP,root
iman,46:17:18,'aAmino,ءَامِنْ,'aAmana,Amn,V,S,2MS,root
iman,46:31:5,'aAminu,ءَامِنُ,'aAmana,Amn,V,P,2MP,root
iman,47:2:2,'aAmanu,ءَامَنُ,'aAmana,Amn,V,P,3MP,root
iman,47:2:5,'aAmanu,ءَامَنُ,'aAmana,Amn,V,P,3MP,root
iman,47:3:9,'aAmanu,ءَامَنُ,'aAmana,Amn,V,P,3MP,root
iman,47:7:3,'aAmanu,ءَامَنُ,'aAmana,Amn,V,P,3MP,root
iman,47:11:6,'aAmanu,ءَامَنُ,'aAmana,Amn,V,P,3MP,root
iman,47:12:5,'aAmanu,ءَامَنُ,'aAmana,Amn,V,P,3MP,root
iman,47:19:9,mu&ominiyna,مُؤْمِنِينَ,mu&omin,Amn,N,P,MP,root
iman,47:19:10,mu&omina`ti,مُؤْمِنَٰتِ,m~u&omina`t,Amn,N,P,FP,root
iman,47:20:3,'aAmanu,ءَامَنُ,'aAmana,Amn,V,P,3MP,root
iman,47:33:3,'aAmanu,ءَامَنُ,'aAmana,Amn,V,P,3MP,root
iman,47:36:7,tu&ominu,تُؤْمِنُ,'aAmana,Amn,V,P,2MP,root
iman,48:4:7,mu&ominiyna,مُؤْمِنِينَ,mu&omin,Amn,N,P,MP,root
iman,48:4:9,<iyma`nFA,إِيمَٰنًا,<iyma`n,Amn,N,,,lemma+root
iman,48:4:11,<iyma`ni,إِيمَٰنِ,<iyma`n,Amn,N,,,lemma+root
iman,48:5:2,mu&ominiyna,مُؤْمِنِينَ,mu&omin,Amn,N,P,MP,root
iman,48:5:3,mu&omina`ti,مُؤْمِنَٰتِ,m~u&omina`t,Amn,N,P,FP,root
iman,48:9:1,tu&ominu,تُؤْمِنُ,'aAmana,Amn,V,P,2MP,root
iman,48:12:7,mu&ominuwna,مُؤْمِنُونَ,mu&omin,Amn,N,P,MP,root
iman,48:13:3,yu&omin[,يُؤْمِنۢ,'aAmana,Amn,V,S,3MS,root
iman,48:18:5,mu&ominiyna,مُؤْمِنِينَ,mu&omin,Amn,N,P,MP,root
iman,48:20:15,mu&ominiyna,مُؤْمِنِينَ,mu&omin,Amn,N,P,MP,root
iman,48:25:15,m~u&ominuwna,مُّؤْمِنُونَ,mu&omin,Amn,N,P,MP,root
iman,48:25:17,m~u&omina`tN,مُّؤْمِنَٰتٌ,m~u&omina`t,Amn,N,P,FP,root
iman,48:26:16,mu&ominiyna,مُؤْمِنِينَ,mu&omin,Amn,N,P,MP,root
iman,48:27:13,'aAminiyna,ءَامِنِينَ,'aAminiyn,Amn,N,P,MP,root
iman,48:29:48,'aAmanu,ءَامَنُ,'aAmana,Amn,V,P,3MP,root
iman,49:1:3,'aAmanu,ءَامَنُ,'aAmana,Amn,V,P,3MP,root
iman,49:2:3,'aAmanu,ءَامَنُ,'aAmana,Amn,V,P,3MP,root
iman,49:6:3,'aAmanu,ءَامَنُ,'aAmana,Amn,V,P,3MP,root
iman,49:7:17,<iyma`na,إِيمَٰنَ,<iyma`n,Amn,N,,,lemma+root
iman,49:9:4,mu&ominiyna,مُؤْمِنِينَ,mu&omin,Amn,N,P,MP,root
iman,49:10:2,mu&ominuwna,مُؤْمِنُونَ,mu&omin,Amn,N,P,MP,root
iman,49:11:3,'aAmanu,ءَامَنُ,'aAmana,Amn,V,P,3MP,root
iman,49:11:33,<iyma`ni,إِيمَٰنِ,<iyma`n,Amn,N,,,lemma+root
iman,49:12:3,'aAmanu,ءَامَنُ,'aAmana,Amn,V,P,3MP,root
iman,49:14:3,'aAma,ءَامَ,'aAmana,Amn,V,P,1P,root
iman,49:14:6,tu&ominu,تُؤْمِنُ,'aAmana,Amn,V,P,2MP,root
iman,49:14:12,<iyma`nu,إِيمَٰنُ,<iyma`n,Amn,N,,,lemma+root
iman,49:15:2,mu&ominuwna,مُؤْمِنُونَ,mu&omin,Amn,N,P,MP,root
iman,49:15:4,'aAmanu,ءَامَنُ,'aAmana,Amn,V,P,3MP,root
iman,49:17:16,<iyma`ni,إِيمَٰنِ,<iyma`n,Amn,N,,,lemma+root
iman,51:35:6,mu&ominiyna,مُؤْمِنِينَ,mu&omin,Amn,N,P,MP,root
iman,51:55:5,mu&ominiyna,مُؤْمِنِينَ,mu&omin,Amn,N,P,MP,root
iman,52:21:2,'aAmanu,ءَامَنُ,'aAmana,Amn,V,P,3MP,root
iman,52:21:5,<iyma`nK,إِيمَٰنٍ,<iyma`n,Amn,N,,,lemma+root
iman,52:33:6,yu&ominu,يُؤْمِنُ,'aAmana,Amn,V,P,3MP,root
iman,53:27:4,yu&ominu,يُؤْمِنُ,'aAmana,Amn,V,P,3MP,root
iman,57:7:1,'aAminu,ءَامِنُ,'aAmana,Amn,V,P,2MP,root
iman,57:7:10,'aAmanu,ءَامَنُ,'aAmana,Amn,V,P,3MP,root
iman,57:8:4,tu&ominu,تُؤْمِنُ,'aAmana,Amn,V,P,2MP,root
iman,57:8:8,tu&ominu,تُؤْمِنُ,'aAmana,Amn,V,P,2MP,root
iman,57:8:15,m~u&ominiyna,مُّؤْمِنِينَ,mu&omin,Amn,N,P,MP,root
iman,57:12:3,mu&ominiyna,مُؤْمِنِينَ,mu&omin,Amn,N,P,MP,root
iman,57:12:4,mu&omina`ti,مُؤْمِنَٰتِ,m~u&omina`t,Amn,N,P,FP,root
iman,57:13:6,'aAmanu,ءَامَنُ,'aAmana,Amn,V,P,3MP,root
iman,57:16:4,'aAmanu,ءَامَنُ,'aAmana,Amn,V,P,3MP,root
iman,57:19:2,'aAmanu,ءَامَنُ,'aAmana,Amn,V,P,3MP,root
iman,57:21:13,'aAmanu,ءَامَنُ,'aAmana,Amn,V,P,3MP,root
iman,57:27:34,'aAmanu,ءَامَنُ,'aAmana,Amn,V,P,3MP,root
iman,57:28:3,'aAmanu,ءَامَنُ,'aAmana,Amn,V,P,3MP,root
iman,57:28:6,'aAminu,ءَامِنُ,'aAmana,Amn,V,P,2MP,root
iman,58:4:18,tu&ominu,تُؤْمِنُ,'aAmana,Amn,V,P,2MP,root
iman,58:9:3,'aAmanu,ءَامَنُ,'aAmana,Amn,V,P,3MP,root
iman,58:10:7,'aAmanu,ءَامَنُ,'aAmana,Amn,V,P,3MP,root
iman,58:10:17,mu&ominuwna,مُؤْمِنُونَ,mu&omin,Amn,N,P,MP,root
iman,58:11:3,'aAmanu,ءَامَنُ,'aAmana,Amn,V,P,3MP,root
iman,58:11:21,'aAmanu,ءَامَنُ,'aAmana,Amn,V,P,3MP,root
iman,58:12:3,'aAmanu,ءَامَنُ,'aAmana,Amn,V,P,3MP,root
iman,58:22:4,yu&ominu,يُؤْمِنُ,'aAmana,Amn,V,P,3MP,root
iman,58:22:26,<iyma`na,إِيمَٰنَ,<iyma`n,Amn,N,,,lemma+root
iman,59:2:37,mu&ominiyna,مُؤْمِنِينَ,mu&omin,Amn,N,P,MP,root
iman,59:9:4,<iyma`na,إِيمَٰنَ,<iyma`n,Amn,N,,,lemma+root
iman,59:10:12,<iyma`ni,إِيمَٰنِ,<iyma`n,Amn,N,,,lemma+root
iman,59:10:19,'aAmanu,ءَامَنُ,'aAmana,Amn,V,P,3MP,root
iman,59:18:3,'aAmanu,ءَامَنُ,'aAmana,Amn,V,P,3MP,root
iman,59:23:11,mu&ominu,مُؤْمِنُ,mu&omin,Amn,ADJ,,,root
iman,60:1:3,'aAmanu,ءَامَنُ,'aAmana,Amn,V,P,3MP,root
iman,60:1:22,tu&ominu,تُؤْمِنُ,'aAmana,Amn,V,P,2MP,root
iman,60:4:30,tu&ominu,تُؤْمِنُ,'aAmana,Amn,V,P,2MP,root
iman,60:10:3,'aAmanu,ءَامَنُ,'aAmana,Amn,V,P,3MP,root
iman,60:10:6,mu&omina`tu,مُؤْمِنَٰتُ,m~u&omina`t,Amn,N,P,FP,root
iman,60:10:11,<iyma`ni,إِيمَٰنِ,<iyma`n,Amn,N,,,lemma+root
iman,60:10:14,mu&omina`tK,مُؤْمِنَٰتٍ,m~u&omina`t,Amn,N,P,FP,root
iman,60:11:21,mu&ominuwna,مُؤْمِنُونَ,mu&omin,Amn,N,P,MP,root
iman,60:12:5,mu&omina`tu,مُؤْمِنَٰتُ,m~u&omina`t,Amn,N,P,FP,root
iman,60:13:3,'aAmanu,ءَامَنُ,'aAmana,Amn,V,P,3MP,root
iman,61:2:3,'aAmanu,ءَامَنُ,'aAmana,Amn,V,P,3MP,root
iman,61:10:3,'aAmanu,ءَامَنُ,'aAmana,Amn,V,P,3MP,root
iman,61:11:1,tu&ominu,تُؤْمِنُ,'aAmana,Amn,V,P,2MP,root
iman,61:13:9,mu&ominiyna,مُؤْمِنِينَ,mu&omin,Amn,N,P,MP,root
iman,61:14:3,'aAmanu,ءَامَنُ,'aAmana,Amn,V,P,3MP,root
iman,61:14:22,_#aAmanat,ـَٔامَنَت,'aAmana,Amn,V,S,3FS,root
iman,61:14:31,'aAmanu,ءَامَنُ,'aAmana,Amn,V,P,3MP,root
iman,62:9:3,'aAmanu,ءَامَنُ,'aAmana,Amn,V,P,3MP,root
iman,63:3:3,'aAmanu,ءَامَنُ,'aAmana,Amn,V,P,3MP,root
iman,63:8:13,mu&ominiyna,مُؤْمِنِينَ,mu&omin,Amn,N,P,MP,root
iman,63:9:3,'aAmanu,ءَامَنُ,'aAmana,Amn,V,P,3MP,root
iman,64:2:7,m~u&ominN,مُّؤْمِنٌ,mu&omin,Amn,N,,,root
iman,64:8:1,_#aAminu,ـَٔامِنُ,'aAmana,Amn,V,P,2MP,root
iman,64:9:9,yu&omin[,يُؤْمِنۢ,'aAmana,Amn,V,S,3MS,root
iman,64:11:9,yu&omin[,يُؤْمِنۢ,'aAmana,Amn,V,S,3MS,root
iman,64:13:9,mu&ominuwna,مُؤْمِنُونَ,mu&omin,Amn,N,P,MP,root
iman,64:14:3,'aAmanu,ءَامَنُ,'aAmana,Amn,V,P,3MP,root
iman,65:2:21,yu&ominu,يُؤْمِنُ,'aAmana,Amn,V,S,3MS,root
iman,65:10:11,'aAmanu,ءَامَنُ,'aAmana,Amn,V,P,3MP,root
iman,65:11:9,'aAmanu,ءَامَنُ,'aAmana,Amn,V,P,3MP,root
iman,65:11:17,yu&omin[,يُؤْمِنۢ,'aAmana,Amn,V,S,3MS,root
iman,66:4:17,mu&ominiyna,مُؤْمِنِينَ,mu&omin,Amn,N,P,MP,root
iman,66:5:11,m~u&omina`tK,مُّؤْمِنَٰتٍ,m~u&omina`t,Amn,ADJ,P,FP,root
iman,66:6:3,'aAmanu,ءَامَنُ,'aAmana,Amn,V,P,3MP,root
iman,66:8:3,'aAmanu,ءَامَنُ,'aAmana,Amn,V,P,3MP,root
iman,66:8:27,'aAmanu,ءَامَنُ,'aAmana,Amn,V,P,3MP,root
iman,66:11:5,'aAmanu,ءَامَنُ,'aAmana,Amn,V,P,3MP,root
iman,67:16:1,>amin,أَمِن,>amina,Amn,V,P,2MP,root
iman,67:17:2,>amin,أَمِن,>amina,Amn,V,P,2MP,root
iman,67:29:4,'aAma,ءَامَ,'aAmana,Amn,V,P,1P,root
iman,69:33:4,yu&ominu,يُؤْمِنُ,'aAmana,Amn,V,S,3MS,root
iman,69:41:7,tu&ominu,تُؤْمِنُ,'aAmana,Amn,V,P,2MP,root
iman,70:28:5,ma>omuwnK,مَأْمُونٍ,ma>omuwn,Amn,N,,,root
iman,70:32:3,>ama`na`ti,أَمَٰنَٰتِ,>ama`na`t,Amn,N,P,FP,root
iman,71:28:8,mu&ominFA,مُؤْمِنًا,mu&omin,Amn,N,,,root
iman,71:28:9,mu&ominiyna,مُؤْمِنِينَ,mu&omin,Amn,N,P,MP,root
iman,71:28:10,mu&omina`ti,مُؤْمِنَٰتِ,m~u&omina`t,Amn,N,P,FP,root
iman,72:2:4,_#aAma,ـَٔامَ,'aAmana,Amn,V,P,1P,root
iman,72:13:5,'aAma,ءَامَ,'aAmana,Amn,V,P,1P,root
iman,72:13:8,yu&omin[,يُؤْمِنۢ,'aAmana,Amn,V,S,3MS,root
iman,74:31:20,'aAmanu,ءَامَنُ,'aAmana,Amn,V,P,3MP,root
iman,74:31:21,<iyma`nFA,إِيمَٰنًا,<iyma`n,Amn,N,,,lemma+root
iman,74:31:27,mu&ominuwna,مُؤْمِنُونَ,mu&omin,Amn,N,P,MP,root
iman,77:50:4,yu&ominu,يُؤْمِنُ,'aAmana,Amn,V,P,3MP,root
iman,81:21:3,>amiynK,أَمِينٍ,>amiyn,Amn,ADJ,S,MS,root
iman,83:29:7,'aAmanu,ءَامَنُ,'aAmana,Amn,V,P,3MP,root
iman,83:34:3,'aAmanu,ءَامَنُ,'aAmana,Amn,V,P,3MP,root
iman,84:20:4,yu&ominu,يُؤْمِنُ,'aAmana,Amn,V,P,3MP,root
iman,84:25:3,'aAmanu,ءَامَنُ,'aAmana,Amn,V,P,3MP,root
iman,85:7:5,mu&ominiyna,مُؤْمِنِينَ,mu&omin,Amn,N,P,MP,root
iman,85:8:6,yu&ominu,يُؤْمِنُ,'aAmana,Amn,V,P,3MP,root
iman,85:10:4,mu&ominiyna,مُؤْمِنِينَ,mu&omin,Amn,N,P,MP,root
iman,85:10:5,mu&omina`ti,مُؤْمِنَٰتِ,m~u&omina`t,Amn,N,P,FP,root
iman,85:11:3,'aAmanu,ءَامَنُ,'aAmana,Amn,V,P,3MP,root
iman,90:17:5,'aAmanu,ءَامَنُ,'aAmana,Amn,V,P,3MP,root
iman,95:3:3,>amiyni,أَمِينِ,>amiyn,Amn,ADJ,S,MS,root
iman,95:6:3,'aAmanu,ءَامَنُ,'aAmana,Amn,V,P,3MP,root
iman,98:7:3,'aAmanu,ءَامَنُ,'aAmana,Amn,V,P,3MP,root
iman,103:3:3,'aAmanu,ءَامَنُ,'aAmana,Amn,V,P,3MP,root
iman,106:4:5,'aAmana,ءَامَنَ,'aAmana,Amn,V,S,3MS,root
kufr,2:6:3,kafaru,كَفَرُ,kafara,kfr,V,P,3MP,root
kufr,2:19:19,ka`firiyna,كَٰفِرِينَ,ka`firuwn,kfr,N,P,MP,root
kufr,2:24:13,ka`firiyna,كَٰفِرِينَ,ka`firuwn,kfr,N,P,MP,root
kufr,2:26:22,kafaru,كَفَرُ,kafara,kfr,V,P,3MP,root
kufr,2:28:2,takofuru,تَكْفُرُ,kafara,kfr,V,P,2MP,root
kufr,2:34:13,ka`firiyna,كَٰفِرِينَ,ka`firuwn,kfr,N,P,MP,root
kufr,2:39:2,kafaru,كَفَرُ,kafara,kfr,V,P,3MP,root
kufr,2:41:10,kaAfirK],كَافِرٍۭ,kaAfir,kfr,N,,,root
kufr,2:61:48,yakofuru,يَكْفُرُ,kafara,kfr,V,P,3MP,root
kufr,2:85:26,takofuru,تَكْفُرُ,kafara,kfr,V,P,2MP,root
kufr,2:88:7,kufori,كُفْرِ,kufor,kfr,N,,,lemma+root
kufr,2:89:16,kafaru,كَفَرُ,kafara,kfr,V,P,3MP,root
kufr,2:89:21,kafaru,كَفَرُ,kafara,kfr,V,P,3MP,root
kufr,2:89:26,ka`firiyna,كَٰفِرِينَ,ka`firuwn,kfr,N,P,MP,root
kufr,2:90:6,yakofuru,يَكْفُرُ,kafara,kfr,V,P,3MP,root
kufr,2:90:25,ka`firiyna,كَٰفِرِينَ,ka`firuwn,kfr,N,P,MP,root
kufr,2:91:13,yakofuru,يَكْفُرُ,kafara,kfr,V,P,3MP,root
kufr,2:93:19,kufori,كُفْرِ,kufor,kfr,N,,,lemma+root
kufr,2:98:12,ka`firiyna,كَٰفِرِينَ,ka`firuwn,kfr,N,P,MP,root
kufr,2:99:7,yakofuru,يَكْفُرُ,kafara,kfr,V,S,3MS,root
kufr,2:102:9,kafara,كَفَرَ,kafara,kfr,V,S,3MS,root
kufr,2:102:13,kafaru,كَفَرُ,kafara,kfr,V,P,3MP,root
kufr,2:102:34,takofuro,تَكْفُرْ,kafara,kfr,V,S,2MS,root
kufr,2:104:10,ka`firiyna,كَٰفِرِينَ,ka`firuwn,kfr,N,P,MP,root
kufr,2:105:4,kafaru,كَفَرُ,kafara,kfr,V,P,3MP,root
kufr,2:108:13,kufora,كُفْرَ,kufor,kfr,N,,,lemma+root
kufr,2:109:11,kuf~aArFA,كُفَّارًا,kaAfir,kfr,N,P,MP,root
kufr,2:121:11,yakofuro,يَكْفُرْ,kafara,kfr,V,S,3MS,root
kufr,2:126:21,kafara,كَفَرَ,kafara,kfr,V,S,3MS,root
kufr,2:152:6,takofuru,تَكْفُرُ,kafara,kfr,V,P,2MP,root
kufr,2:161:3,kafaru,كَفَرُ,kafara,kfr,V,P,3MP,root
kufr,2:161:6,kuf~aArN,كُفَّارٌ,kaAfir,kfr,N,P,MP,root
kufr,2:171:3,kafaru,كَفَرُ,kafara,kfr,V,P,3MP,root
kufr,2:191:25,ka`firiyna,كَٰفِرِينَ,ka`firuwn,kfr,N,P,MP,root
kufr,2:212:3,kafaru,كَفَرُ,kafara,kfr,V,P,3MP,root
kufr,2:217:15,kuforN[,كُفْرٌۢ,kufor,kfr,N,,,lemma+root
kufr,2:217:45,kaAfirN,كَافِرٌ,kaAfir,kfr,N,,,root
kufr,2:250:15,ka`firiyna,كَٰفِرِينَ,ka`firuwn,kfr,ADJ,P,MP,root
kufr,2:253:42,kafara,كَفَرَ,kafara,kfr,V,S,3MS,root
kufr,2:254:19,ka`firuwna,كَٰفِرُونَ,ka`firuwn,kfr,N,P,MP,root
kufr,2:256:11,yakofuro,يَكْفُرْ,kafara,kfr,V,S,3MS,root
kufr,2:257:11,kafaru,كَفَرُ,kafara,kfr,V,P,3MP,root
kufr,2:258:38,kafara,كَفَرَ,kafara,kfr,V,S,3MS,root
kufr,2:264:38,ka`firiyna,كَٰفِرِينَ,ka`firuwn,kfr,ADJ,P,MP,root
kufr,2:271:13,yukaf~iru,يُكَفِّرُ,kaf~ara,kfr,V,S,3MS,root
kufr,2:276:10,kaf~aArK,كَفَّارٍ,kaf~aAr,kfr,N,S,MS,root
kufr,2:286:49,ka`firiyna,كَٰفِرِينَ,ka`firuwn,kfr,ADJ,P,MP,root
kufr,3:4:9,kafaru,كَفَرُ,kafara,kfr,V,P,3MP,root
kufr,3:10:3,kafaru,كَفَرُ,kafara,kfr,V,P,3MP,root
kufr,3:12:3,kafaru,كَفَرُ,kafara,kfr,V,P,3MP,root
kufr,3:13:14,kaAfirapN,كَافِرَةٌ,kaAfirap,kfr,ADJ,,,root
kufr,3:19:20,yakofuro,يَكْفُرْ,kafara,kfr,V,S,3MS,root
kufr,3:21:3,yakofuru,يَكْفُرُ,kafara,kfr,V,P,3MP,root
kufr,3:28:4,ka`firiyna,كَٰفِرِينَ,ka`firuwn,kfr,N,P,MP,root
kufr,3:32:11,ka`firiyna,كَٰفِرِينَ,ka`firuwn,kfr,N,P,MP,root
kufr,3:52:5,kufora,كُفْرَ,kufor,kfr,N,,,lemma+root
kufr,3:55:12,kafaru,كَفَرُ,kafara,kfr,V,P,3MP,root
kufr,3:55:18,kafaru,كَفَرُ,kafara,kfr,V,P,3MP,root
kufr,3:56:3,kafaru,كَفَرُ,kafara,kfr,V,P,3MP,root
kufr,3:70:4,takofuru,تَكْفُرُ,kafara,kfr,V,P,2MP,root
kufr,3:72:14,{kofuru,ٱكْفُرُ,kafara,kfr,V,P,2MP,root
kufr,3:80:9,kufori,كُفْرِ,kufor,kfr,N,,,lemma+root
kufr,3:86:5,kafaru,كَفَرُ,kafara,kfr,V,P,3MP,root
kufr,3:90:3,kafaru,كَفَرُ,kafara,kfr,V,P,3MP,root
kufr,3:90:8,kuforFA,كُفْرًا,kufor,kfr,N,,,lemma+root
kufr,3:91:3,kafaru,كَفَرُ,kafara,kfr,V,P,3MP,root
kufr,3:91:6,kuf~aArN,كُفَّارٌ,kaAfir,kfr,N,P,MP,root
kufr,3:97:20,kafara,كَفَرَ,kafara,kfr,V,S,3MS,root
kufr,3:98:5,takofuru,تَكْفُرُ,kafara,kfr,V,P,2MP,root
kufr,3:100:14,ka`firiyna,كَٰفِرِينَ,ka`firuwn,kfr,N,P,MP,root
kufr,3:101:2,takofuru,تَكْفُرُ,kafara,kfr,V,P,2MP,root
kufr,3:106:10,kafaro,كَفَرْ,kafara,kfr,V,P,2MP,root
kufr,3:106:17,takofuru,تَكْفُرُ,kafara,kfr,V,P,2MP,root
kufr,3:112:24,yakofuru,يَكْفُرُ,kafara,kfr,V,P,3MP,root
kufr,3:115:6,yukofaru,يُكْفَرُ,kafara,kfr,V,P,3MP,root
kufr,3:116:3,kafaru,كَفَرُ,kafara,kfr,V,P,3MP,root
kufr,3:127:5,kafaru,كَفَرُ,kafara,kfr,V,P,3MP,root
kufr,3:131:5,ka`firiyna,كَٰفِرِينَ,ka`firuwn,kfr,N,P,MP,root
kufr,3:141:6,ka`firiyna,كَٰفِرِينَ,ka`firuwn,kfr,N,P,MP,root
kufr,3:147:19,ka`firiyna,كَٰفِرِينَ,ka`firuwn,kfr,ADJ,P,MP,root
kufr,3:149:7,kafaru,كَفَرُ,kafara,kfr,V,P,3MP,root
kufr,3:151:5,kafaru,كَفَرُ,kafara,kfr,V,P,3MP,root
kufr,3:156:7,kafaru,كَفَرُ,kafara,kfr,V,P,3MP,root
kufr,3:167:19,kufori,كُفْرِ,kufor,kfr,N,,,lemma+root
kufr,3:176:6,kufori,كُفْرِ,kufor,kfr,N,,,lemma+root
kufr,3:177:4,kufora,كُفْرَ,kufor,kfr,N,,,lemma+root
kufr,3:178:4,kafaru,كَفَرُ,kafara,kfr,V,P,3MP,root
kufr,3:193:15,kaf~iro,كَفِّرْ,kaf~ara,kfr,V,S,2MS,root
kufr,3:195:27,>ukaf~ira,أُكَفِّرَ,kaf~ara,kfr,V,S,1S,root
kufr,3:196:5,kafaru,كَفَرُ,kafara,kfr,V,P,3MP,root
kufr,4:18:19,kuf~aArN,كُفَّارٌ,kaAfir,kfr,N,P,MP,root
kufr,4:31:7,nukaf~iro,نُكَفِّرْ,kaf~ara,kfr,V,P,1P,root
kufr,4:37:13,ka`firiyna,كَٰفِرِينَ,ka`firuwn,kfr,N,P,MP,root
kufr,4:42:4,kafaru,كَفَرُ,kafara,kfr,V,P,3MP,root
kufr,4:46:34,kufori,كُفْرِ,kufor,kfr,N,,,lemma+root
kufr,4:51:14,kafaru,كَفَرُ,kafara,kfr,V,P,3MP,root
kufr,4:56:3,kafaru,كَفَرُ,kafara,kfr,V,P,3MP,root
kufr,4:60:23,yakofuru,يَكْفُرُ,kafara,kfr,V,P,3MP,root
kufr,4:76:8,kafaru,كَفَرُ,kafara,kfr,V,P,3MP,root
kufr,4:84:17,kafaru,كَفَرُ,kafara,kfr,V,P,3MP,root
kufr,4:89:3,takofuru,تَكْفُرُ,kafara,kfr,V,P,2MP,root
kufr,4:89:5,kafaru,كَفَرُ,kafara,kfr,V,P,3MP,root
kufr,4:101:17,kafaru,كَفَرُ,kafara,kfr,V,P,3MP,root
kufr,4:101:19,ka`firiyna,كَٰفِرِينَ,ka`firuwn,kfr,N,P,MP,root
kufr,4:102:30,kafaru,كَفَرُ,kafara,kfr,V,P,3MP,root
kufr,4:102:60,ka`firiyna,كَٰفِرِينَ,ka`firuwn,kfr,N,P,MP,root
kufr,4:131:20,takofuru,تَكْفُرُ,kafara,kfr,V,P,2MP,root
kufr,4:136:18,yakofuro,يَكْفُرْ,kafara,kfr,V,S,3MS,root
kufr,4:137:5,kafaru,كَفَرُ,kafara,kfr,V,P,3MP,root
kufr,4:137:9,kafaru,كَفَرُ,kafara,kfr,V,P,3MP,root
kufr,4:137:12,kuforFA,كُفْرًا,kufor,kfr,N,,,lemma+root
kufr,4:139:3,ka`firiyna,كَٰفِرِينَ,ka`firuwn,kfr,N,P,MP,root
kufr,4:140:11,yukofaru,يُكْفَرُ,kafara,kfr,V,S,3MS,root
kufr,4:140:30,ka`firiyna,كَٰفِرِينَ,ka`firuwn,kfr,N,P,MP,root
kufr,4:141:16,ka`firiyna,كَٰفِرِينَ,ka`firuwn,kfr,N,P,MP,root
kufr,4:141:33,ka`firiyna,كَٰفِرِينَ,ka`firuwn,kfr,N,P,MP,root
kufr,4:144:6,ka`firiyna,كَٰفِرِينَ,ka`firuwn,kfr,N,P,MP,root
kufr,4:150:3,yakofuru,يَكْفُرُ,kafara,kfr,V,P,3MP,root
kufr,4:150:15,nakofuru,نَكْفُرُ,kafara,kfr,V,P,1P,root
kufr,4:151:3,ka`firuwna,كَٰفِرُونَ,ka`firuwn,kfr,N,P,MP,root
kufr,4:151:6,ka`firiyna,كَٰفِرِينَ,ka`firuwn,kfr,N,P,MP,root
kufr,4:155:4,kufori,كُفْرِ,kufor,kfr,N,,,lemma+root
kufr,4:155:18,kufori,كُفْرِ,kufor,kfr,N,,,lemma+root
kufr,4:156:1,kufori,كُفْرِ,kufor,kfr,N,,,lemma+root
kufr,4:161:11,ka`firiyna,كَٰفِرِينَ,ka`firuwn,kfr,N,P,MP,root
kufr,4:167:3,kafaru,كَفَرُ,kafara,kfr,V,P,3MP,root
kufr,4:168:3,kafaru,كَفَرُ,kafara,kfr,V,P,3MP,root
kufr,4:170:13,takofuru,تَكْفُرُ,kafara,kfr,V,P,2MP,root
kufr,5:3:34,kafaru,كَفَرُ,kafara,kfr,V,P,3MP,root
kufr,5:5:34,yakofuro,يَكْفُرْ,kafara,kfr,V,S,3MS,root
kufr,5:10:2,kafaru,كَفَرُ,kafara,kfr,V,P,3MP,root
kufr,5:12:28,>ukaf~ira,أُكَفِّرَ,kaf~ara,kfr,V,S,1S,root
kufr,5:12:38,kafara,كَفَرَ,kafara,kfr,V,S,3MS,root
kufr,5:17:2,kafara,كَفَرَ,kafara,kfr,V,S,3MS,root
kufr,5:36:3,kafaru,كَفَرُ,kafara,kfr,V,P,3MP,root
kufr,5:41:8,kufori,كُفْرِ,kufor,kfr,N,,,lemma+root
kufr,5:44:41,ka`firuwna,كَٰفِرُونَ,ka`firuwn,kfr,N,P,MP,root
kufr,5:45:21,kaf~aArapN,كَفَّارَةٌ,kaf~a`rap,kfr,N,,,root
kufr,5:54:20,ka`firiyna,كَٰفِرِينَ,ka`firuwn,kfr,N,P,MP,root
kufr,5:57:17,kuf~aAra,كُفَّارَ,kaAfir,kfr,N,P,MP,root
kufr,5:61:7,kufori,كُفْرِ,kufor,kfr,N,,,lemma+root
kufr,5:64:26,kuforFA,كُفْرًا,kufor,kfr,N,,,lemma+root
kufr,5:65:7,kaf~aro,كَفَّرْ,kaf~ara,kfr,V,P,1P,root
kufr,5:67:24,ka`firiyna,كَٰفِرِينَ,ka`firuwn,kfr,ADJ,P,MP,root
kufr,5:68:25,kuforFA,كُفْرًا,kufor,kfr,N,,,lemma+root
kufr,5:68:30,ka`firiyna,كَٰفِرِينَ,ka`firuwn,kfr,ADJ,P,MP,root
kufr,5:72:2,kafara,كَفَرَ,kafara,kfr,V,S,3MS,root
kufr,5:73:2,kafara,كَفَرَ,kafara,kfr,V,S,3MS,root
kufr,5:73:22,kafaru,كَفَرُ,kafara,kfr,V,P,3MP,root
kufr,5:78:3,kafaru,كَفَرُ,kafara,kfr,V,P,3MP,root
kufr,5:80:6,kafaru,كَفَرُ,kafara,kfr,V,P,3MP,root
kufr,5:86:2,kafaru,كَفَرُ,kafara,kfr,V,P,3MP,root
kufr,5:89:12,kaf~a`ratu,كَفَّٰرَتُ,kaf~a`rap,kfr,N,,,root
kufr,5:89:33,kaf~a`rapu,كَفَّٰرَةُ,kaf~a`rap,kfr,N,,,root
kufr,5:95:28,kaf~a`rapN,كَفَّٰرَةٌ,kaf~a`rap,kfr,N,,,root
kufr,5:102:9,ka`firiyna,كَٰفِرِينَ,ka`firuwn,kfr,N,P,MP,root
kufr,5:103:14,kafaru,كَفَرُ,kafara,kfr,V,P,3MP,root
kufr,5:110:57,kafaru,كَفَرُ,kafara,kfr,V,P,3MP,root
kufr,5:115:7,yakofuro,يَكْفُرْ,kafara,kfr,V,S,3MS,root
kufr,6:1:12,kafaru,كَفَرُ,kafara,kfr,V,P,3MP,root
kufr,6:7:11,kafaru,كَفَرُ,kafara,kfr,V,P,3MP,root
kufr,6:25:27,kafaru,كَفَرُ,kafara,kfr,V,P,3MP,root
kufr,6:30:19,takofuru,تَكْفُرُ,kafara,kfr,V,P,2MP,root
kufr,6:70:45,yakofuru,يَكْفُرُ,kafara,kfr,V,P,3MP,root
kufr,6:89:8,yakofuro,يَكْفُرْ,kafara,kfr,V,S,3MS,root
kufr,6:89:17,ka`firiyna,كَٰفِرِينَ,ka`firuwn,kfr,N,P,MP,root
kufr,6:122:21,ka`firiyna,كَٰفِرِينَ,ka`firuwn,kfr,N,P,MP,root
kufr,6:130:27,ka`firiyna,كَٰفِرِينَ,ka`firuwn,kfr,N,P,MP,root
kufr,7:37:37,ka`firiyna,كَٰفِرِينَ,ka`firuwn,kfr,N,P,MP,root
kufr,7:45:10,ka`firuwna,كَٰفِرُونَ,ka`firuwn,kfr,N,P,MP,root
kufr,7:50:20,ka`firiyna,كَٰفِرِينَ,ka`firuwn,kfr,N,P,MP,root
kufr,7:66:4,kafaru,كَفَرُ,kafara,kfr,V,P,3MP,root
kufr,7:76:8,ka`firuwna,كَٰفِرُونَ,ka`firuwn,kfr,N,P,MP,root
kufr,7:90:4,kafaru,كَفَرُ,kafara,kfr,V,P,3MP,root
kufr,7:93:15,ka`firiyna,كَٰفِرِينَ,ka`firuwn,kfr,N,P,MP,root
kufr,7:101:23,ka`firiyna,كَٰفِرِينَ,ka`firuwn,kfr,N,P,MP,root
kufr,8:7:23,ka`firiyna,كَٰفِرِينَ,ka`firuwn,kfr,N,P,MP,root
kufr,8:12:15,kafaru,كَفَرُ,kafara,kfr,V,P,3MP,root
kufr,8:14:4,ka`firiyna,كَٰفِرِينَ,ka`firuwn,kfr,N,P,MP,root
kufr,8:15:7,kafaru,كَفَرُ,kafara,kfr,V,P,3MP,root
kufr,8:18:6,ka`firiyna,كَٰفِرِينَ,ka`firuwn,kfr,N,P,MP,root
kufr,8:29:10,yukaf~iro,يُكَفِّرْ,kaf~ara,kfr,V,S,3MS,root
kufr,8:30:5,kafaru,كَفَرُ,kafara,kfr,V,P,3MP,root
kufr,8:35:13,takofuru,تَكْفُرُ,kafara,kfr,V,P,2MP,root
kufr,8:36:3,kafaru,كَفَرُ,kafara,kfr,V,P,3MP,root
kufr,8:36:18,kafaru,كَفَرُ,kafara,kfr,V,P,3MP,root
kufr,8:38:3,kafaru,كَفَرُ,kafara,kfr,V,P,3MP,root
kufr,8:50:6,kafaru,كَفَرُ,kafara,kfr,V,P,3MP,root
kufr,8:52:7,kafaru,كَفَرُ,kafara,kfr,V,P,3MP,root
kufr,8:55:7,kafaru,كَفَرُ,kafara,kfr,V,P,3MP,root
kufr,8:59:4,kafaru,كَفَرُ,kafara,kfr,V,P,3MP,root
kufr,8:65:22,kafaru,كَفَرُ,kafara,kfr,V,P,3MP,root
kufr,8:73:2,kafaru,كَفَرُ,kafara,kfr,V,P,3MP,root
kufr,9:2:14,ka`firiyna,كَٰفِرِينَ,ka`firuwn,kfr,N,P,MP,root
kufr,9:3:30,kafaru,كَفَرُ,kafara,kfr,V,P,3MP,root
kufr,9:12:12,kufori,كُفْرِ,kufor,kfr,N,,,lemma+root
kufr,9:17:11,kufori,كُفْرِ,kufor,kfr,N,,,lemma+root
kufr,9:23:11,kufora,كُفْرَ,kufor,kfr,N,,,lemma+root
kufr,9:26:15,kafaru,كَفَرُ,kafara,kfr,V,P,3MP,root
kufr,9:26:18,ka`firiyna,كَٰفِرِينَ,ka`firuwn,kfr,N,P,MP,root
kufr,9:30:17,kafaru,كَفَرُ,kafara,kfr,V,P,3MP,root
kufr,9:32:15,ka`firuwna,كَٰفِرُونَ,ka`firuwn,kfr,N,P,MP,root
kufr,9:37:5,kufori,كُفْرِ,kufor,kfr,N,,,lemma+root
kufr,9:37:9,kafaru,كَفَرُ,kafara,kfr,V,P,3MP,root
kufr,9:37:31,ka`firiyna,كَٰفِرِينَ,ka`firuwn,kfr,ADJ,P,MP,root
kufr,9:40:9,kafaru,كَفَرُ,kafara,kfr,V,P,3MP,root
kufr,9:40:35,kafaru,كَفَرُ,kafara,kfr,V,P,3MP,root
kufr,9:49:15,ka`firiyna,كَٰفِرِينَ,ka`firuwn,kfr,N,P,MP,root
kufr,9:54:9,kafaru,كَفَرُ,kafara,kfr,V,P,3MP,root
kufr,9:55:17,ka`firuwna,كَٰفِرُونَ,ka`firuwn,kfr,N,P,MP,root
kufr,9:66:4,kafaro,كَفَرْ,kafara,kfr,V,P,2MP,root
kufr,9:68:5,kuf~aAra,كُفَّارَ,kaAfir,kfr,N,P,MP,root
kufr,9:73:4,kuf~aAra,كُفَّارَ,kaAfir,kfr,N,P,MP,root
kufr,9:74:8,kufori,كُفْرِ,kufor,kfr,N,,,lemma+root
kufr,9:74:9,kafaru,كَفَرُ,kafara,kfr,V,P,3MP,root
kufr,9:80:18,kafaru,كَفَرُ,kafara,kfr,V,P,3MP,root
kufr,9:84:13,kafaru,كَفَرُ,kafara,kfr,V,P,3MP,root
kufr,9:85:16,ka`firuwna,كَٰفِرُونَ,ka`firuwn,kfr,N,P,MP,root
kufr,9:90:14,kafaru,كَفَرُ,kafara,kfr,V,P,3MP,root
kufr,9:97:3,kuforFA,كُفْرًا,kufor,kfr,N,,,lemma+root
kufr,9:107:5,kuforFA,كُفْرًا,kufor,kfr,N,,,lemma+root
kufr,9:120:35,kuf~aAra,كُفَّارَ,kaAfir,kfr,N,P,MP,root
kufr,9:123:8,kuf~aAri,كُفَّارِ,kaAfir,kfr,N,P,MP,root
kufr,9:125:12,ka`firuwna,كَٰفِرُونَ,ka`firuwn,kfr,N,P,MP,root
kufr,10:2:22,ka`firuwna,كَٰفِرُونَ,ka`firuwn,kfr,N,P,MP,root
kufr,10:4:19,kafaru,كَفَرُ,kafara,kfr,V,P,3MP,root
kufr,10:4:28,yakofuru,يَكْفُرُ,kafara,kfr,V,P,3MP,root
kufr,10:70:13,yakofuru,يَكْفُرُ,kafara,kfr,V,P,3MP,root
kufr,10:86:5,ka`firiyna,كَٰفِرِينَ,ka`firuwn,kfr,ADJ,P,MP,root
kufr,11:7:26,kafaru,كَفَرُ,kafara,kfr,V,P,3MP,root
kufr,11:9:11,kafuwrN,كَفُورٌ,kafuwr,kfr,ADJ,S,MS,root
kufr,11:17:20,yakofuro,يَكْفُرْ,kafara,kfr,V,S,3MS,root
kufr,11:19:11,ka`firuwna,كَٰفِرُونَ,ka`firuwn,kfr,N,P,MP,root
kufr,11:27:4,kafaru,كَفَرُ,kafara,kfr,V,P,3MP,root
kufr,11:42:19,ka`firiyna,كَٰفِرِينَ,ka`firuwn,kfr,N,P,MP,root
kufr,11:60:11,kafaru,كَفَرُ,kafara,kfr,V,P,3MP,root
kufr,11:68:8,kafaru,كَفَرُ,kafara,kfr,V,P,3MP,root
kufr,12:37:26,ka`firuwna,كَٰفِرُونَ,ka`firuwn,kfr,N,P,MP,root
kufr,12:87:20,ka`firuwna,كَٰفِرُونَ,ka`firuwn,kfr,N,P,MP,root
kufr,13:5:14,kafaru,كَفَرُ,kafara,kfr,V,P,3MP,root
kufr,13:7:3,kafaru,كَفَرُ,kafara,kfr,V,P,3MP,root
kufr,13:14:24,ka`firiyna,كَٰفِرِينَ,ka`firuwn,kfr,N,P,MP,root
kufr,13:27:3,kafaru,كَفَرُ,kafara,kfr,V,P,3MP,root
kufr,13:30:16,yakofuru,يَكْفُرُ,kafara,kfr,V,P,3MP,root
kufr,13:31:33,kafaru,كَفَرُ,kafara,kfr,V,P,3MP,root
kufr,13:32:8,kafaru,كَفَرُ,kafara,kfr,V,P,3MP,root
kufr,13:33:28,kafaru,كَفَرُ,kafara,kfr,V,P,3MP,root
kufr,13:35:18,ka`firiyna,كَٰفِرِينَ,ka`firuwn,kfr,N,P,MP,root
kufr,13:42:15,kuf~a`ru,كُفَّٰرُ,kaAfir,kfr,N,P,MP,root
kufr,13:43:3,kafaru,كَفَرُ,kafara,kfr,V,P,3MP,root
kufr,14:2:11,ka`firiyna,كَٰفِرِينَ,ka`firuwn,kfr,N,P,MP,root
kufr,14:7:8,kafaro,كَفَرْ,kafara,kfr,V,P,2MP,root
kufr,14:8:4,takofuru,تَكْفُرُ,kafara,kfr,V,P,2MP,root
kufr,14:9:27,kafaro,كَفَرْ,kafara,kfr,V,P,1P,root
kufr,14:13:3,kafaru,كَفَرُ,kafara,kfr,V,P,3MP,root
kufr,14:18:3,kafaru,كَفَرُ,kafara,kfr,V,P,3MP,root
kufr,14:22:35,kafaro,كَفَرْ,kafara,kfr,V,S,1S,root
kufr,14:28:8,kuforFA,كُفْرًا,kufor,kfr,N,,,lemma+root
kufr,14:34:15,kaf~aArN,كَفَّارٌ,kaf~aAr,kfr,ADJ,S,MS,root
kufr,15:2:4,kafaru,كَفَرُ,kafara,kfr,V,P,3MP,root
kufr,16:27:21,ka`firiyna,كَٰفِرِينَ,ka`firuwn,kfr,N,P,MP,root
kufr,16:39:8,kafaru,كَفَرُ,kafara,kfr,V,P,3MP,root
kufr,16:55:1,yakofuru,يَكْفُرُ,kafara,kfr,V,P,3MP,root
kufr,16:72:21,yakofuru,يَكْفُرُ,kafara,kfr,V,P,3MP,root
kufr,16:83:7,ka`firuwna,كَٰفِرُونَ,ka`firuwn,kfr,N,P,MP,root
kufr,16:84:11,kafaru,كَفَرُ,kafara,kfr,V,P,3MP,root
kufr,16:88:2,kafaru,كَفَرُ,kafara,kfr,V,P,3MP,root
kufr,16:106:2,kafara,كَفَرَ,kafara,kfr,V,S,3MS,root
kufr,16:106:16,kufori,كُفْرِ,kufor,kfr,N,,,lemma+root
kufr,16:107:13,ka`firiyna,كَٰفِرِينَ,ka`firuwn,kfr,ADJ,P,MP,root
kufr,16:112:14,kafarato,كَفَرَتْ,kafara,kfr,V,S,3FS,root
kufr,17:8:10,ka`firiyna,كَٰفِرِينَ,ka`firuwn,kfr,N,P,MP,root
kufr,17:27:9,kafuwrFA,كَفُورًا,kafuwr,kfr,ADJ,S,MS,root
kufr,17:67:18,kafuwrFA,كَفُورًا,kafuwr,kfr,N,S,MS,root
kufr,17:69:15,kafaro,كَفَرْ,kafara,kfr,V,P,2MP,root
kufr,17:89:14,kufuwrFA,كُفُورًا,kufuwr,kfr,N,,,variant+root
kufr,17:98:4,kafaru,كَفَرُ,kafara,kfr,V,P,3MP,root
kufr,17:99:23,kufuwrFA,كُفُورًا,kufuwr,kfr,N,,,variant+root
kufr,18:29:10,yakofuro,يَكْفُرْ,kafara,kfr,V,S,3MS,root
kufr,18:37:6,kafaro,كَفَرْ,kafara,kfr,V,S,2MS,root
kufr,18:56:9,kafaru,كَفَرُ,kafara,kfr,V,P,3MP,root
kufr,18:80:10,kuforFA,كُفْرًا,kufor,kfr,N,,,lemma+root
kufr,18:100:4,ka`firiyna,كَٰفِرِينَ,ka`firuwn,kfr,N,P,MP,root
kufr,18:102:3,kafaru,كَفَرُ,kafara,kfr,V,P,3MP,root
kufr,18:102:13,ka`firiyna,كَٰفِرِينَ,ka`firuwn,kfr,N,P,MP,root
kufr,18:105:3,kafaru,كَفَرُ,kafara,kfr,V,P,3MP,root
kufr,18:106:5,kafaru,كَفَرُ,kafara,kfr,V,P,3MP,root
kufr,19:37:7,kafaru,كَفَرُ,kafara,kfr,V,P,3MP,root
kufr,19:73:8,kafaru,كَفَرُ,kafara,kfr,V,P,3MP,root
kufr,19:77:3,kafara,كَفَرَ,kafara,kfr,V,S,3MS,root
kufr,19:82:2,yakofuru,يَكْفُرُ,kafara,kfr,V,P,3MP,root
kufr,19:83:7,ka`firiyna,كَٰفِرِينَ,ka`firuwn,kfr,N,P,MP,root
kufr,21:30:4,kafaru,كَفَرُ,kafara,kfr,V,P,3MP,root
kufr,21:36:4,kafaru,كَفَرُ,kafara,kfr,V,P,3MP,root
kufr,21:36:17,ka`firuwna,كَٰفِرُونَ,ka`firuwn,kfr,N,P,MP,root
kufr,21:39:4,kafaru,كَفَرُ,kafara,kfr,V,P,3MP,root
kufr,21:94:8,kuforaAna,كُفْرَانَ,kuforaAn,kfr,N,,,variant+root
kufr,21:97:9,kafaru,كَفَرُ,kafara,kfr,V,P,3MP,root
kufr,22:19:7,kafaru,كَفَرُ,kafara,kfr,V,P,3MP,root
kufr,22:25:3,kafaru,كَفَرُ,kafara,kfr,V,P,3MP,root
kufr,22:38:13,kafuwrK,كَفُورٍ,kafuwr,kfr,ADJ,S,MS,root
kufr,22:44:6,ka`firiyna,كَٰفِرِينَ,ka`firuwn,kfr,N,P,MP,root
kufr,22:55:4,kafaru,كَفَرُ,kafara,kfr,V,P,3MP,root
kufr,22:57:2,kafaru,كَفَرُ,kafara,kfr,V,P,3MP,root
kufr,22:66:10,kafuwrN,كَفُورٌ,kafuwr,kfr,N,S,MS,root
kufr,22:72:10,kafaru,كَفَرُ,kafara,kfr,V,P,3MP,root
kufr,22:72:27,kafaru,كَفَرُ,kafara,kfr,V,P,3MP,root
kufr,23:24:4,kafaru,كَفَرُ,kafara,kfr,V,P,3MP,root
kufr,23:33:6,kafaru,كَفَرُ,kafara,kfr,V,P,3MP,root
kufr,23:117:18,ka`firuwna,كَٰفِرُونَ,ka`firuwn,kfr,N,P,MP,root
kufr,24:39:2,kafaru,كَفَرُ,kafara,kfr,V,P,3MP,root
kufr,24:55:33,kafara,كَفَرَ,kafara,kfr,V,S,3MS,root
kufr,24:57:4,kafaru,كَفَرُ,kafara,kfr,V,P,3MP,root
kufr,25:4:3,kafaru,كَفَرُ,kafara,kfr,V,P,3MP,root
kufr,25:26:8,ka`firiyna,كَٰفِرِينَ,ka`firuwn,kfr,N,P,MP,root
kufr,25:32:3,kafaru,كَفَرُ,kafara,kfr,V,P,3MP,root
kufr,25:50:9,kufuwrFA,كُفُورًا,kufuwr,kfr,N,,,variant+root
kufr,25:52:3,ka`firiyna,كَٰفِرِينَ,ka`firuwn,kfr,N,P,MP,root
kufr,25:55:11,kaAfiru,كَافِرُ,kaAfir,kfr,N,,,root
kufr,26:19:7,ka`firiyna,كَٰفِرِينَ,ka`firuwn,kfr,N,P,MP,root
kufr,27:40:27,>akofuru,أَكْفُرُ,kafara,kfr,V,S,1S,root
kufr,27:40:34,kafara,كَفَرَ,kafara,kfr,V,S,3MS,root
kufr,27:43:12,ka`firiyna,كَٰفِرِينَ,ka`firuwn,kfr,ADJ,P,MP,root
kufr,27:67:3,kafaru,كَفَرُ,kafara,kfr,V,P,3MP,root
kufr,28:48:14,yakofuru,يَكْفُرُ,kafara,kfr,V,P,3MP,root
kufr,28:48:26,ka`firuwna,كَٰفِرُونَ,ka`firuwn,kfr,N,P,MP,root
kufr,28:82:26,ka`firuwna,كَٰفِرُونَ,ka`firuwn,kfr,N,P,MP,root
kufr,28:86:15,ka`firiyna,كَٰفِرِينَ,ka`firuwn,kfr,N,P,MP,root
kufr,29:7:5,nukaf~ira,نُكَفِّرَ,kaf~ara,kfr,V,P,1P,root
kufr,29:12:3,kafaru,كَفَرُ,kafara,kfr,V,P,3MP,root
kufr,29:23:2,kafaru,كَفَرُ,kafara,kfr,V,P,3MP,root
kufr,29:25:16,yakofuru,يَكْفُرُ,kafara,kfr,V,S,3MS,root
kufr,29:47:19,ka`firuwna,كَٰفِرُونَ,ka`firuwn,kfr,N,P,MP,root
kufr,29:52:15,kafaru,كَفَرُ,kafara,kfr,V,P,3MP,root
kufr,29:54:6,ka`firiyna,كَٰفِرِينَ,ka`firuwn,kfr,N,P,MP,root
kufr,29:66:1,yakofuru,يَكْفُرُ,kafara,kfr,V,P,3MP,root
kufr,29:67:15,yakofuru,يَكْفُرُ,kafara,kfr,V,P,3MP,root
kufr,29:68:17,ka`firiyna,كَٰفِرِينَ,ka`firuwn,kfr,N,P,MP,root
kufr,30:8:22,ka`firuwna,كَٰفِرُونَ,ka`firuwn,kfr,N,P,MP,root
kufr,30:13:9,ka`firiyna,كَٰفِرِينَ,ka`firuwn,kfr,N,P,MP,root
kufr,30:16:3,kafaru,كَفَرُ,kafara,kfr,V,P,3MP,root
kufr,30:34:1,yakofuru,يَكْفُرُ,kafara,kfr,V,P,3MP,root
kufr,30:44:2,kafara,كَفَرَ,kafara,kfr,V,S,3MS,root
kufr,30:44:4,kuforu,كُفْرُ,kufor,kfr,N,,,lemma+root
kufr,30:45:11,ka`firiyna,كَٰفِرِينَ,ka`firuwn,kfr,N,P,MP,root
kufr,30:51:9,yakofuru,يَكْفُرُ,kafara,kfr,V,P,3MP,root
kufr,30:58:15,kafaru,كَفَرُ,kafara,kfr,V,P,3MP,root
kufr,31:12:14,kafara,كَفَرَ,kafara,kfr,V,S,3MS,root
kufr,31:23:2,kafara,كَفَرَ,kafara,kfr,V,S,3MS,root
kufr,31:23:5,kuforu,كُفْرُ,kufor,kfr,N,,,lemma+root
kufr,31:32:22,kafuwrK,كَفُورٍ,kafuwr,kfr,ADJ,S,MS,root
kufr,32:10:14,ka`firuwna,كَٰفِرُونَ,ka`firuwn,kfr,N,P,MP,root
kufr,32:29:7,kafaru,كَفَرُ,kafara,kfr,V,P,3MP,root
kufr,33:1:7,ka`firiyna,كَٰفِرِينَ,ka`firuwn,kfr,N,P,MP,root
kufr,33:8:6,ka`firiyna,كَٰفِرِينَ,ka`firuwn,kfr,N,P,MP,root
kufr,33:25:4,kafaru,كَفَرُ,kafara,kfr,V,P,3MP,root
kufr,33:48:3,ka`firiyna,كَٰفِرِينَ,ka`firuwn,kfr,N,P,MP,root
kufr,33:64:4,ka`firiyna,كَٰفِرِينَ,ka`firuwn,kfr,N,P,MP,root
kufr,34:3:3,kafaru,كَفَرُ,kafara,kfr,V,P,3MP,root
kufr,34:7:3,kafaru,كَفَرُ,kafara,kfr,V,P,3MP,root
kufr,34:17:4,kafaru,كَفَرُ,kafara,kfr,V,P,3MP,root
kufr,34:17:8,kafuwra,كَفُورَ,kafuwr,kfr,N,S,MS,root
kufr,34:31:3,kafaru,كَفَرُ,kafara,kfr,V,P,3MP,root
kufr,34:33:13,n~akofura,نَّكْفُرَ,kafara,kfr,V,P,1P,root
kufr,34:33:28,kafaru,كَفَرُ,kafara,kfr,V,P,3MP,root
kufr,34:34:14,ka`firuwna,كَٰفِرُونَ,ka`firuwn,kfr,N,P,MP,root
kufr,34:43:26,kafaru,كَفَرُ,kafara,kfr,V,P,3MP,root
kufr,34:53:2,kafaru,كَفَرُ,kafara,kfr,V,P,3MP,root
kufr,35:7:2,kafaru,كَفَرُ,kafara,kfr,V,P,3MP,root
kufr,35:14:13,yakofuru,يَكْفُرُ,kafara,kfr,V,P,3MP,root
kufr,35:26:4,kafaru,كَفَرُ,kafara,kfr,V,P,3MP,root
kufr,35:36:2,kafaru,كَفَرُ,kafara,kfr,V,P,3MP,root
kufr,35:36:18,kafuwrK,كَفُورٍ,kafuwr,kfr,ADJ,S,MS,root
kufr,35:39:8,kafara,كَفَرَ,kafara,kfr,V,S,3MS,root
kufr,35:39:10,kuforu,كُفْرُ,kufor,kfr,N,,,lemma+root
kufr,35:39:13,ka`firiyna,كَٰفِرِينَ,ka`firuwn,kfr,N,P,MP,root
kufr,35:39:14,kuforu,كُفْرُ,kufor,kfr,N,,,lemma+root
kufr,35:39:21,ka`firiyna,كَٰفِرِينَ,ka`firuwn,kfr,N,P,MP,root
kufr,35:39:22,kuforu,كُفْرُ,kufor,kfr,N,,,lemma+root
kufr,36:47:10,kafaru,كَفَرُ,kafara,kfr,V,P,3MP,root
kufr,36:64:5,takofuru,تَكْفُرُ,kafara,kfr,V,P,2MP,root
kufr,36:70:8,ka`firiyna,كَٰفِرِينَ,ka`firuwn,kfr,N,P,MP,root
kufr,37:170:1,kafaru,كَفَرُ,kafara,kfr,V,P,3MP,root
kufr,38:2:3,kafaru,كَفَرُ,kafara,kfr,V,P,3MP,root
kufr,38:4:7,ka`firuwna,كَٰفِرُونَ,ka`firuwn,kfr,N,P,MP,root
kufr,38:27:11,kafaru,كَفَرُ,kafara,kfr,V,P,3MP,root
kufr,38:27:14,kafaru,كَفَرُ,kafara,kfr,V,P,3MP,root
kufr,38:74:6,ka`firiyna,كَٰفِرِينَ,ka`firuwn,kfr,N,P,MP,root
kufr,39:3:33,kaf~aArN,كَفَّارٌ,kaf~aAr,kfr,ADJ,S,MS,root
kufr,39:7:2,takofuru,تَكْفُرُ,kafara,kfr,V,P,2MP,root
kufr,39:7:10,kufora,كُفْرَ,kufor,kfr,N,,,lemma+root
kufr,39:8:29,kufori,كُفْرِ,kufor,kfr,N,,,lemma+root
kufr,39:32:15,ka`firiyna,كَٰفِرِينَ,ka`firuwn,kfr,N,P,MP,root
kufr,39:35:1,yukaf~ira,يُكَفِّرَ,kaf~ara,kfr,V,S,3MS,root
kufr,39:59:10,ka`firiyna,كَٰفِرِينَ,ka`firuwn,kfr,N,P,MP,root
kufr,39:63:6,kafaru,كَفَرُ,kafara,kfr,V,P,3MP,root
kufr,39:71:3,kafaru,كَفَرُ,kafara,kfr,V,P,3MP,root
kufr,39:71:34,ka`firiyna,كَٰفِرِينَ,ka`firuwn,kfr,N,P,MP,root
kufr,40:4:8,kafaru,كَفَرُ,kafara,kfr,V,P,3MP,root
kufr,40:6:7,kafaru,كَفَرُ,kafara,kfr,V,P,3MP,root
kufr,40:10:3,kafaru,كَفَرُ,kafara,kfr,V,P,3MP,root
kufr,40:10:15,takofuru,تَكْفُرُ,kafara,kfr,V,P,2MP,root
kufr,40:12:7,kafaro,كَفَرْ,kafara,kfr,V,P,2MP,root
kufr,40:14:8,ka`firuwna,كَٰفِرُونَ,ka`firuwn,kfr,N,P,MP,root
kufr,40:22:7,kafaru,كَفَرُ,kafara,kfr,V,P,3MP,root
kufr,40:25:16,ka`firiyna,كَٰفِرِينَ,ka`firuwn,kfr,N,P,MP,root
kufr,40:42:2,>akofura,أَكْفُرَ,kafara,kfr,V,S,1S,root
kufr,40:50:13,ka`firiyna,كَٰفِرِينَ,ka`firuwn,kfr,N,P,MP,root
kufr,40:74:17,ka`firiyna,كَٰفِرِينَ,ka`firuwn,kfr,N,P,MP,root
kufr,40:84:8,kafaro,كَفَرْ,kafara,kfr,V,P,1P,root
kufr,40:85:17,ka`firuwna,كَٰفِرُونَ,ka`firuwn,kfr,N,P,MP,root
kufr,41:7:8,ka`firuwna,كَٰفِرُونَ,ka`firuwn,kfr,N,P,MP,root
kufr,41:9:3,takofuru,تَكْفُرُ,kafara,kfr,V,P,2MP,root
kufr,41:14:23,ka`firuwna,كَٰفِرُونَ,ka`firuwn,kfr,N,P,MP,root
kufr,41:26:3,kafaru,كَفَرُ,kafara,kfr,V,P,3MP,root
kufr,41:27:3,kafaru,كَفَرُ,kafara,kfr,V,P,3MP,root
kufr,41:29:3,kafaru,كَفَرُ,kafara,kfr,V,P,3MP,root
kufr,41:41:3,kafaru,كَفَرُ,kafara,kfr,V,P,3MP,root
kufr,41:50:26,kafaru,كَفَرُ,kafara,kfr,V,P,3MP,root
kufr,41:52:9,kafaro,كَفَرْ,kafara,kfr,V,P,2MP,root
kufr,42:26:9,ka`firuwna,كَٰفِرُونَ,ka`firuwn,kfr,N,P,MP,root
kufr,42:48:27,kafuwrN,كَفُورٌ,kafuwr,kfr,ADJ,S,MS,root
kufr,43:15:8,kafuwrN,كَفُورٌ,kafuwr,kfr,N,S,MS,root
kufr,43:24:14,ka`firuwna,كَٰفِرُونَ,ka`firuwn,kfr,N,P,MP,root
kufr,43:30:9,ka`firuwna,كَٰفِرُونَ,ka`firuwn,kfr,N,P,MP,root
kufr,43:33:9,yakofuru,يَكْفُرُ,kafara,kfr,V,S,3MS,root
kufr,45:11:4,kafaru,كَفَرُ,kafara,kfr,V,P,3MP,root
kufr,45:31:3,kafaru,كَفَرُ,kafara,kfr,V,P,3MP,root
kufr,46:3:12,kafaru,كَفَرُ,kafara,kfr,V,P,3MP,root
kufr,46:6:9,ka`firiyna,كَٰفِرِينَ,ka`firuwn,kfr,N,P,MP,root
kufr,46:7:8,kafaru,كَفَرُ,kafara,kfr,V,P,3MP,root
kufr,46:10:8,kafaro,كَفَرْ,kafara,kfr,V,P,2MP,root
kufr,46:11:3,kafaru,كَفَرُ,kafara,kfr,V,P,3MP,root
kufr,46:20:4,kafaru,كَفَرُ,kafara,kfr,V,P,3MP,root
kufr,46:34:4,kafaru,كَفَرُ,kafara,kfr,V,P,3MP,root
kufr,46:34:18,takofuru,تَكْفُرُ,kafara,kfr,V,P,2MP,root
kufr,47:1:2,kafaru,كَفَرُ,kafara,kfr,V,P,3MP,root
kufr,47:2:14,kaf~ara,كَفَّرَ,kaf~ara,kfr,V,S,3MS,root
kufr,47:3:4,kafaru,كَفَرُ,kafara,kfr,V,P,3MP,root
kufr,47:4:4,kafaru,كَفَرُ,kafara,kfr,V,P,3MP,root
kufr,47:8:2,kafaru,كَفَرُ,kafara,kfr,V,P,3MP,root
kufr,47:10:15,ka`firiyna,كَٰفِرِينَ,ka`firuwn,kfr,N,P,MP,root
kufr,47:11:8,ka`firiyna,كَٰفِرِينَ,ka`firuwn,kfr,N,P,MP,root
kufr,47:12:14,kafaru,كَفَرُ,kafara,kfr,V,P,3MP,root
kufr,47:32:3,kafaru,كَفَرُ,kafara,kfr,V,P,3MP,root
kufr,47:34:3,kafaru,كَفَرُ,kafara,kfr,V,P,3MP,root
kufr,47:34:11,kuf~aArN,كُفَّارٌ,kaAfir,kfr,N,P,MP,root
kufr,48:5:11,yukaf~ira,يُكَفِّرَ,kaf~ara,kfr,V,S,3MS,root
kufr,48:13:8,ka`firiyna,كَٰفِرِينَ,ka`firuwn,kfr,N,P,MP,root
kufr,48:22:4,kafaru,كَفَرُ,kafara,kfr,V,P,3MP,root
kufr,48:25:3,kafaru,كَفَرُ,kafara,kfr,V,P,3MP,root
kufr,48:25:37,kafaru,كَفَرُ,kafara,kfr,V,P,3MP,root
kufr,48:26:4,kafaru,كَفَرُ,kafara,kfr,V,P,3MP,root
kufr,48:29:8,kuf~aAri,كُفَّارِ,kaAfir,kfr,N,P,MP,root
kufr,48:29:44,kuf~aAra,كُفَّارَ,kaAfir,kfr,N,P,MP,root
kufr,49:7:23,kufora,كُفْرَ,kufor,kfr,N,,,lemma+root
kufr,50:2:8,ka`firuwna,كَٰفِرُونَ,ka`firuwn,kfr,N,P,MP,root
kufr,50:24:5,kaf~aArK,كَفَّارٍ,kaf~aAr,kfr,ADJ,S,MS,root
kufr,51:60:3,kafaru,كَفَرُ,kafara,kfr,V,P,3MP,root
kufr,52:42:5,kafaru,كَفَرُ,kafara,kfr,V,P,3MP,root
kufr,54:8:5,ka`firuwna,كَٰفِرُونَ,ka`firuwn,kfr,N,P,MP,root
kufr,54:14:6,kufira,كُفِرَ,kafara,kfr,V,S,3MS,root
kufr,54:43:1,kuf~aAru,كُفَّارُ,kaAfir,kfr,N,P,MP,root
kufr,57:15:9,kafaru,كَفَرُ,kafara,kfr,V,P,3MP,root
kufr,57:19:15,kafaru,كَفَرُ,kafara,kfr,V,P,3MP,root
kufr,57:20:17,kuf~aAra,كُفَّارَ,kaAfir,kfr,N,P,MP,root
kufr,58:4:24,ka`firiyna,كَٰفِرِينَ,ka`firuwn,kfr,N,P,MP,root
kufr,58:5:16,ka`firiyna,كَٰفِرِينَ,ka`firuwn,kfr,N,P,MP,root
kufr,59:2:5,kafaru,كَفَرُ,kafara,kfr,V,P,3MP,root
kufr,59:11:9,kafaru,كَفَرُ,kafara,kfr,V,P,3MP,root
kufr,59:16:6,{kofuro,ٱكْفُرْ,kafara,kfr,V,S,2MS,root
kufr,59:16:8,kafara,كَفَرَ,kafara,kfr,V,S,3MS,root
kufr,60:1:13,kafaru,كَفَرُ,kafara,kfr,V,P,3MP,root
kufr,60:2:13,takofuru,تَكْفُرُ,kafara,kfr,V,P,2MP,root
kufr,60:4:21,kafaro,كَفَرْ,kafara,kfr,V,P,1P,root
kufr,60:5:6,kafaru,كَفَرُ,kafara,kfr,V,P,3MP,root
kufr,60:10:18,kuf~aAri,كُفَّارِ,kaAfir,kfr,N,P,MP,root
kufr,60:10:41,kawaAfiri,كَوَافِرِ,kawaAfir,kfr,N,P,FP,root
kufr,60:11:7,kuf~aAri,كُفَّارِ,kaAfir,kfr,N,P,MP,root
kufr,60:13:16,kuf~aAru,كُفَّارُ,kaAfir,kfr,N,P,MP,root
kufr,61:8:11,ka`firuwna,كَٰفِرُونَ,ka`firuwn,kfr,N,P,MP,root
kufr,61:14:27,kafarat,كَفَرَت,kafara,kfr,V,S,3FS,root
kufr,63:3:5,kafaru,كَفَرُ,kafara,kfr,V,P,3MP,root
kufr,64:2:5,kaAfirN,كَافِرٌ,kaAfir,kfr,N,,,root
kufr,64:5:5,kafaru,كَفَرُ,kafara,kfr,V,P,3MP,root
kufr,64:6:10,kafaru,كَفَرُ,kafara,kfr,V,P,3MP,root
kufr,64:7:3,kafaru,كَفَرُ,kafara,kfr,V,P,3MP,root
kufr,64:9:13,yukaf~iro,يُكَفِّرْ,kaf~ara,kfr,V,S,3MS,root
kufr,64:10:2,kafaru,كَفَرُ,kafara,kfr,V,P,3MP,root
kufr,65:5:9,yukaf~iro,يُكَفِّرْ,kaf~ara,kfr,V,S,3MS,root
kufr,66:7:3,kafaru,كَفَرُ,kafara,kfr,V,P,3MP,root
kufr,66:8:12,yukaf~ira,يُكَفِّرَ,kaf~ara,kfr,V,S,3MS,root
kufr,66:9:4,kuf~aAra,كُفَّارَ,kaAfir,kfr,N,P,MP,root
kufr,66:10:5,kafaru,كَفَرُ,kafara,kfr,V,P,3MP,root
kufr,67:6:2,kafaru,كَفَرُ,kafara,kfr,V,P,3MP,root
kufr,67:20:12,ka`firuwna,كَٰفِرُونَ,ka`firuwn,kfr,N,P,MP,root
kufr,67:27:7,kafaru,كَفَرُ,kafara,kfr,V,P,3MP,root
kufr,67:28:12,ka`firiyna,كَٰفِرِينَ,ka`firuwn,kfr,N,P,MP,root
kufr,68:51:4,kafaru,كَفَرُ,kafara,kfr,V,P,3MP,root
kufr,69:50:4,ka`firiyna,كَٰفِرِينَ,ka`firuwn,kfr,N,P,MP,root
kufr,70:2:1,ka`firiyna,كَٰفِرِينَ,ka`firuwn,kfr,N,P,MP,root
kufr,70:36:3,kafaru,كَفَرُ,kafara,kfr,V,P,3MP,root
kufr,71:26:9,ka`firiyna,كَٰفِرِينَ,ka`firuwn,kfr,N,P,MP,root
kufr,71:27:10,kaf~aArFA,كَفَّارًا,kaf~aAr,kfr,ADJ,S,MS,root
kufr,73:17:4,kafaro,كَفَرْ,kafara,kfr,V,P,2MP,root
kufr,74:10:2,ka`firiyna,كَٰفِرِينَ,ka`firuwn,kfr,N,P,MP,root
kufr,74:31:13,kafaru,كَفَرُ,kafara,kfr,V,P,3MP,root
kufr,74:31:33,ka`firuwna,كَٰفِرُونَ,ka`firuwn,kfr,N,P,MP,root
kufr,76:3:7,kafuwrFA,كَفُورًا,kafuwr,kfr,N,S,MS,root
kufr,76:4:3,ka`firiyna,كَٰفِرِينَ,ka`firuwn,kfr,N,P,MP,root
kufr,76:5:8,kaAfuwrFA,كَافُورًا,kaAfuwr,kfr,N,,,root
kufr,76:24:9,kafuwrFA,كَفُورًا,kafuwr,kfr,N,S,MS,root
kufr,78:40:12,kaAfiru,كَافِرُ,kaAfir,kfr,N,,,root
kufr,80:17:4,>akofara,أَكْفَرَ,>akofara,kfr,V,S,3MS,root
kufr,80:42:3,kafarapu,كَفَرَةُ,kaAfir,kfr,N,P,MP,root
kufr,83:34:5,kuf~aAri,كُفَّارِ,kaAfir,kfr,N,P,MP,root
kufr,83:36:3,kuf~aAru,كُفَّارُ,kaAfir,kfr,N,P,MP,root
kufr,84:22:3,kafaru,كَفَرُ,kafara,kfr,V,P,3MP,root
kufr,85:19:3,kafaru,كَفَرُ,kafara,kfr,V,P,3MP,root
kufr,86:17:2,ka`firiyna,كَٰفِرِينَ,ka`firuwn,kfr,N,P,MP,root
kufr,88:23:4,kafara,كَفَرَ,kafara,kfr,V,S,3MS,root
kufr,90:19:2,kafaru,كَفَرُ,kafara,kfr,V,P,3MP,root
kufr,98:1:4,kafaru,كَفَرُ,kafara,kfr,V,P,3MP,root
kufr,98:6:3,kafaru,كَفَرُ,kafara,kfr,V,P,3MP,root
kufr,109:1:3,ka`firuwna,كَٰفِرُونَ,ka`firuwn,kfr,N,P,MP,root
harr,2:178:9,Hur~u,حُرُّ,Hur~,Hrr,N,,,root
harr,2:178:10,Hur~i,حُرِّ,Hur~,Hrr,N,,,root
harr,3:35:12,muHar~arFA,مُحَرَّرًا,muHar~ar,Hrr,N,,,root
harr,4:92:13,taHoriyru,تَحْرِيرُ,taHoriyr,Hrr,N,,,root
harr,4:92:31,taHoriyru,تَحْرِيرُ,taHoriyr,Hrr,N,,,root
harr,4:92:45,taHoriyru,تَحْرِيرُ,taHoriyr,Hrr,N,,,root
harr,5:89:24,taHoriyru,تَحْرِيرُ,taHoriyr,Hrr,N,,,root
harr,9:81:19,Har~i,حَرِّ,Har~,Hrr,N,,,lemma+root
harr,9:81:24,Har~FA,حَرًّا,Har~,Hrr,N,,,lemma+root
harr,16:81:16,Har~a,حَرَّ,Har~,Hrr,N,,,lemma+root
harr,22:23:22,HariyrN,حَرِيرٌ,Hariyr,Hrr,N,,,root
harr,35:21:4,Haruwru,حَرُورُ,Haruwr,Hrr,N,,,variant+root
harr,35:33:13,HariyrN,حَرِيرٌ,Hariyr,Hrr,N,,,root
harr,58:3:9,taHoriyru,تَحْرِيرُ,taHoriyr,Hrr,N,,,root
harr,76:12:5,HariyrFA,حَرِيرًا,Hariyr,Hrr,N,,,root
bard,21:69:4,barodFA,بَرْدًا,barod,brd,N,,,lemma+root
bard,24:43:25,baradK,بَرَدٍ,barad,brd,N,,,root
bard,38:42:5,baAridN,بَارِدٌ,baArid,brd,N,,,variant+root
bard,56:44:2,baAridK,بَارِدٍ,baArid,brd,N,,,variant+root
bard,78:24:4,barodFA,بَرْدًا,barod,brd,N,,,lemma+root
adam,2:31:2,'aAdama,ءَادَمَ,A^dam,,PN,,,lemma
adam,2:33:2,_#aAdamu,ـَٔادَمُ,A^dam,,PN,,,lemma
adam,2:34:5,'aAdama,ءَادَمَ,A^dam,,PN,,,lemma
adam,2:35:2,_#aAdamu,ـَٔادَمُ,A^dam,,PN,,,lemma
adam,2:37:2,'aAdamu,ءَادَمُ,A^dam,,PN,,,lemma
adam,3:33:4,'aAdama,ءَادَمَ,A^dam,,PN,,,lemma
adam,3:59:7,'aAdama,ءَادَمَ,A^dam,,PN,,,lemma
adam,5:27:5,'aAdama,ءَادَمَ,A^dam,,PN,,,lemma
adam,7:11:9,'aAdama,ءَادَمَ,A^dam,,PN,,,lemma
adam,7:19:1,_#aAdamu,ـَٔادَمُ,A^dam,,PN,,,lemma
adam,7:26:2,'aAdama,ءَادَمَ,A^dam,,PN,,,lemma
adam,7:27:2,'aAdama,ءَادَمَ,A^dam,,PN,,,lemma
adam,7:31:2,'aAdama,ءَادَمَ,A^dam,,PN,,,lemma
adam,7:35:2,'aAdama,ءَادَمَ,A^dam,,PN,,,lemma
adam,7:172:6,'aAdama,ءَادَمَ,A^dam,,PN,,,lemma
adam,17:61:5,'aAdama,ءَادَمَ,A^dam,,PN,,,lemma
adam,17:70:4,'aAdama,ءَادَمَ,A^dam,,PN,,,lemma
adam,18:50:5,'aAdama,ءَادَمَ,A^dam,,PN,,,lemma
adam,19:58:10,'aAdama,ءَادَمَ,A^dam,,PN,,,lemma
adam,20:115:4,'aAdama,ءَادَمَ,A^dam,,PN,,,lemma
adam,20:116:5,'aAdama,ءَادَمَ,A^dam,,PN,,,lemma
adam,20:117:2,_#aAdamu,ـَٔادَمُ,A^dam,,PN,,,lemma
adam,20:120:5,_#aAdamu,ـَٔادَمُ,A^dam,,PN,,,lemma
adam,20:121:13,'aAdamu,ءَادَمُ,A^dam,,PN,,,lemma
adam,36:60:5,'aAdama,ءَادَمَ,A^dam,,PN,,,lemma
isa,2:87:10,EiysaY,عِيسَى,EiysaY,,PN,,,lemma
isa,2:136:18,EiysaY`,عِيسَىٰ,EiysaY,,PN,,,lemma
isa,2:253:15,EiysaY,عِيسَى,EiysaY,,PN,,,lemma
isa,3:45:12,EiysaY,عِيسَى,EiysaY,,PN,,,lemma
isa,3:52:3,EiysaY`,عِيسَىٰ,EiysaY,,PN,,,lemma
isa,3:55:4,EiysaY`^,عِيسَىٰٓ,EiysaY,,PN,,,lemma
isa,3:59:3,EiysaY`,عِيسَىٰ,EiysaY,,PN,,,lemma
isa,3:84:18,EiysaY`,عِيسَىٰ,EiysaY,,PN,,,lemma
isa,4:157:5,EiysaY,عِيسَى,EiysaY,,PN,,,lemma
isa,4:163:18,EiysaY`,عِيسَىٰ,EiysaY,,PN,,,lemma
isa,4:171:15,EiysaY,عِيسَى,EiysaY,,PN,,,lemma
isa,5:46:4,EiysaY,عِيسَى,EiysaY,,PN,,,lemma
isa,5:78:10,EiysaY,عِيسَى,EiysaY,,PN,,,lemma
isa,5:110:4,EiysaY,عِيسَى,EiysaY,,PN,,,lemma
isa,5:112:4,EiysaY,عِيسَى,EiysaY,,PN,,,lemma
isa,5:114:2,EiysaY,عِيسَى,EiysaY,,PN,,,lemma
isa,5:116:4,EiysaY,عِيسَى,EiysaY,,PN,,,lemma
isa,6:85:3,EiysaY`,عِيسَىٰ,EiysaY,,PN,,,lemma
isa,19:34:2,EiysaY,عِيسَى,EiysaY,,PN,,,lemma
isa,33:7:11,EiysaY,عِيسَى,EiysaY,,PN,,,lemma
isa,42:13:17,EiysaY`^,عِيسَىٰٓ,EiysaY,,PN,,,lemma
isa,43:63:3,EiysaY`,عِيسَىٰ,EiysaY,,PN,,,lemma
isa,57:27:7,EiysaY,عِيسَى,EiysaY,,PN,,,lemma
isa,61:6:3,EiysaY,عِيسَى,EiysaY,,PN,,,lemma
isa,61:14:9,EiysaY,عِيسَى,EiysaY,,PN,,,lemma
iblis,2:34:8,<iboliysa,إِبْلِيسَ,<iboliys,,PN,,,lemma
iblis,7:11:12,<iboliysa,إِبْلِيسَ,<iboliys,,PN,,,lemma
iblis,15:31:2,<iboliysa,إِبْلِيسَ,<iboliys,,PN,,,lemma
iblis,15:32:2,<iboliysu,إِبْلِيسُ,<iboliys,,PN,,,lemma
iblis,17:61:8,<iboliysa,إِبْلِيسَ,<iboliys,,PN,,,lemma
iblis,18:50:8,<iboliysa,إِبْلِيسَ,<iboliys,,PN,,,lemma
iblis,20:116:8,<iboliysa,إِبْلِيسَ,<iboliys,,PN,,,lemma
iblis,26:95:2,<iboliysa,إِبْلِيسَ,<iboliys,,PN,,,lemma
iblis,34:20:4,<iboliysu,إِبْلِيسُ,<iboliys,,PN,,,lemma
iblis,38:74:2,<iboliysa,إِبْلِيسَ,<iboliys,,PN,,,lemma
iblis,38:75:2,<iboliysu,إِبْلِيسُ,<iboliys,,PN,,,lemma
yawm,1:4:2,yawomi,يَوْمِ,yawom,ywm,N,,,lemma+root
yawm,2:8:7,yawomi,يَوْمِ,yawom,ywm,N,,,lemma+root
yawm,2:48:2,yawomFA,يَوْمًا,yawom,ywm,N,,,lemma+root
yawm,2:62:11,yawomi,يَوْمِ,yawom,ywm,N,,,lemma+root
yawm,2:80:6,>ay~aAmFA,أَيَّامًا,yawom,ywm,N,P,MP,lemma+root
yawm,2:85:39,yawoma,يَوْمَ,yawom,ywm,T,,,lemma+root
yawm,2:113:26,yawoma,يَوْمَ,yawom,ywm,T,,,lemma+root
yawm,2:123:2,yawomFA,يَوْمًا,yawom,ywm,N,,,lemma+root
yawm,2:126:17,yawomi,يَوْمِ,yawom,ywm,N,,,lemma+root
yawm,2:174:23,yawoma,يَوْمَ,yawom,ywm,T,,,lemma+root
yawm,2:177:14,yawomi,يَوْمِ,yawom,ywm,N,,,lemma+root
yawm,2:184:1,>ay~aAmFA,أَيَّامًا,yawom,ywm,T,P,MP,lemma+root
yawm,2:184:12,>ay~aAmK,أَيَّامٍ,yawom,ywm,N,P,MP,lemma+root
yawm,2:185:26,>ay~aAmK,أَيَّامٍ,yawom,ywm,N,P,MP,lemma+root
yawm,2:196:50,>ay~aAmK,أَيَّامٍ,yawom,ywm,N,P,MP,lemma+root
yawm,2:203:4,>ay~aAmK,أَيَّامٍ,yawom,ywm,N,P,MP,lemma+root
yawm,2:203:9,yawomayoni,يَوْمَيْنِ,yawom,ywm,N,D,MD,lemma+root
yawm,2:212:13,yawoma,يَوْمَ,yawom,ywm,T,,,lemma+root
yawm,2:228:20,yawomi,يَوْمِ,yawom,ywm,N,,,lemma+root
yawm,2:232:23,yawomi,يَوْمِ,yawom,ywm,N,,,lemma+root
yawm,2:249:40,yawoma,يَوْمَ,yawom,ywm,T,,,lemma+root
yawm,2:254:11,yawomN,يَوْمٌ,yawom,ywm,N,,,lemma+root
yawm,2:259:28,yawomFA,يَوْمًا,yawom,ywm,N,,,lemma+root
yawm,2:259:31,yawomK,يَوْمٍ,yawom,ywm,N,,,lemma+root
yawm,2:264:17,yawomi,يَوْمِ,yawom,ywm,N,,,lemma+root
yawm,2:281:2,yawomFA,يَوْمًا,yawom,ywm,N,,,lemma+root
yawm,3:9:5,yawomK,يَوْمٍ,yawom,ywm,N,,,lemma+root
yawm,3:24:8,>ay~aAmFA,أَيَّامًا,yawom,ywm,T,P,FP,lemma+root
yawm,3:25:4,yawomK,يَوْمٍ,yawom,ywm,N,,,lemma+root
yawm,3:30:1,yawoma,يَوْمَ,yawom,ywm,T,,,lemma+root
yawm,3:41:12,>ay~aAmK,أَيَّامٍ,yawom,ywm,N,P,MP,lemma+root
yawm,3:55:20,yawomi,يَوْمِ,yawom,ywm,N,,,lemma+root
yawm,3:77:21,yawoma,يَوْمَ,yawom,ywm,T,,,lemma+root
yawm,3:106:1,yawoma,يَوْمَ,yawom,ywm,T,,,lemma+root
yawm,3:114:3,yawomi,يَوْمِ,yawom,ywm,N,,,lemma+root
yawm,3:140:10,>ay~aAmu,أَيَّامُ,yawom,ywm,N,P,MP,lemma+root
yawm,3:155:5,yawoma,يَوْمَ,yawom,ywm,T,,,lemma+root
yawm,3:161:11,yawoma,يَوْمَ,yawom,ywm,N,,,lemma+root
yawm,3:166:3,yawoma,يَوْمَ,yawom,ywm,T,,,lemma+root
yawm,3:180:21,yawoma,يَوْمَ,yawom,ywm,T,,,lemma+root
yawm,3:185:8,yawoma,يَوْمَ,yawom,ywm,T,,,lemma+root
yawm,3:194:9,yawoma,يَوْمَ,yawom,ywm,T,,,lemma+root
yawm,4:38:10,yawomi,يَوْمِ,yawom,ywm,N,,,lemma+root
yawm,4:39:6,yawomi,يَوْمِ,yawom,ywm,N,,,lemma+root
yawm,4:59:23,yawomi,يَوْمِ,yawom,ywm,N,,,lemma+root
yawm,4:87:8,yawomi,يَوْمِ,yawom,ywm,N,,,lemma+root
yawm,4:109:12,yawoma,يَوْمَ,yawom,ywm,T,,,lemma+root
yawm,4:136:23,yawomi,يَوْمِ,yawom,ywm,N,,,lemma+root
yawm,4:141:28,yawoma,يَوْمَ,yawom,ywm,T,,,lemma+root
yawm,4:159:10,yawoma,يَوْمَ,yawom,ywm,T,,,lemma+root
yawm,4:162:21,yawomi,يَوْمِ,yawom,ywm,N,,,lemma+root
yawm,5:3:31,yawoma,يَوْمَ,yawom,ywm,T,,,lemma+root
yawm,5:3:40,yawoma,يَوْمَ,yawom,ywm,T,,,lemma+root
yawm,5:5:1,yawoma,يَوْمَ,yawom,ywm,T,,,lemma+root
yawm,5:14:18,yawomi,يَوْمِ,yawom,ywm,N,,,lemma+root
yawm,5:36:17,yawomi,يَوْمِ,yawom,ywm,N,,,lemma+root
yawm,5:64:32,yawomi,يَوْمِ,yawom,ywm,N,,,lemma+root
yawm,5:69:11,yawomi,يَوْمِ,yawom,ywm,N,,,lemma+root
yawm,5:89:31,>ay~aAmK,أَيَّامٍ,yawom,ywm,N,P,MP,lemma+root
yawm,5:109:1,yawoma,يَوْمَ,yawom,ywm,T,,,lemma+root
yawm,5:119:4,yawomu,يَوْمُ,yawom,ywm,N,,,lemma+root
yawm,6:12:15,yawomi,يَوْمِ,yawom,ywm,N,,,lemma+root
yawm,6:15:8,yawomK,يَوْمٍ,yawom,ywm,N,,,lemma+root
yawm,6:22:1,yawoma,يَوْمَ,yawom,ywm,T,,,lemma+root
yawm,6:73:7,yawoma,يَوْمَ,yawom,ywm,T,,,lemma+root
yawm,6:73:15,yawoma,يَوْمَ,yawom,ywm,T,,,lemma+root
yawm,6:93:35,yawoma,يَوْمَ,yawom,ywm,T,,,lemma+root
yawm,6:128:1,yawoma,يَوْمَ,yawom,ywm,T,,,lemma+root
yawm,6:130:13,yawomi,يَوْمِ,yawom,ywm,N,,,lemma+root
yawm,6:141:24,yawoma,يَوْمَ,yawom,ywm,T,,,lemma+root
yawm,6:158:15,yawoma,يَوْمَ,yawom,ywm,T,,,lemma+root
yawm,7:14:4,yawomi,يَوْمِ,yawom,ywm,N,,,lemma+root
yawm,7:32:20,yawoma,يَوْمَ,yawom,ywm,T,,,lemma+root
yawm,7:51:9,yawoma,يَوْمَ,yawom,ywm,T,,,lemma+root
yawm,7:51:14,yawomi,يَوْمِ,yawom,ywm,N,,,lemma+root
yawm,7:53:5,yawoma,يَوْمَ,yawom,ywm,T,,,lemma+root
yawm,7:54:10,>ay~aAmK,أَيَّامٍ,yawom,ywm,N,P,MP,lemma+root
yawm,7:59:19,yawomK,يَوْمٍ,yawom,ywm,N,,,lemma+root
yawm,7:163:15,yawoma,يَوْمَ,yawom,ywm,T,,,lemma+root
yawm,7:163:18,yawoma,يَوْمَ,yawom,ywm,T,,,lemma+root
yawm,7:167:7,yawomi,يَوْمِ,yawom,ywm,N,,,lemma+root
yawm,7:172:20,yawoma,يَوْمَ,yawom,ywm,T,,,lemma+root
yawm,8:41:24,yawoma,يَوْمَ,yawom,ywm,T,,,lemma+root
yawm,8:41:26,yawoma,يَوْمَ,yawom,ywm,T,,,lemma+root
yawm,8:48:10,yawoma,يَوْمَ,yawom,ywm,T,,,lemma+root
yawm,9:3:7,yawoma,يَوْمَ,yawom,ywm,N,,,lemma+root
yawm,9:18:8,yawomi,يَوْمِ,yawom,ywm,N,,,lemma+root
yawm,9:19:10,yawomi,يَوْمِ,yawom,ywm,N,,,lemma+root
yawm,9:25:7,yawoma,يَوْمَ,yawom,ywm,N,,,lemma+root
yawm,9:29:7,yawomi,يَوْمِ,yawom,ywm,N,,,lemma+root
yawm,9:35:1,yawoma,يَوْمَ,yawom,ywm,N,,,lemma+root
yawm,9:36:12,yawoma,يَوْمَ,yawom,ywm,N,,,lemma+root
yawm,9:44:6,yawomi,يَوْمِ,yawom,ywm,N,,,lemma+root
yawm,9:45:7,yawomi,يَوْمِ,yawom,ywm,N,,,lemma+root
yawm,9:77:6,yawomi,يَوْمِ,yawom,ywm,N,,,lemma+root
yawm,9:99:6,yawomi,يَوْمِ,yawom,ywm,N,,,lemma+root
yawm,9:108:11,yawomK,يَوْمٍ,yawom,ywm,N,,,lemma+root
yawm,10:3:10,>ay~aAmK,أَيَّامٍ,yawom,ywm,N,P,MP,lemma+root
yawm,10:15:38,yawomK,يَوْمٍ,yawom,ywm,N,,,lemma+root
yawm,10:28:1,yawoma,يَوْمَ,yawom,ywm,N,,,lemma+root
yawm,10:45:1,yawoma,يَوْمَ,yawom,ywm,N,,,lemma+root
yawm,10:60:8,yawoma,يَوْمَ,yawom,ywm,N,,,lemma+root
yawm,10:92:1,yawoma,يَوْمَ,yawom,ywm,N,,,lemma+root
yawm,10:93:19,yawoma,يَوْمَ,yawom,ywm,N,,,lemma+root
yawm,10:102:5,>ay~aAmi,أَيَّامِ,yawom,ywm,N,P,MP,lemma+root
yawm,11:3:24,yawomK,يَوْمٍ,yawom,ywm,N,,,lemma+root
yawm,11:7:8,>ay~aAmK,أَيَّامٍ,yawom,ywm,N,P,MP,lemma+root
yawm,11:8:12,yawoma,يَوْمَ,yawom,ywm,N,,,lemma+root
yawm,11:26:10,yawomK,يَوْمٍ,yawom,ywm,N,,,lemma+root
yawm,11:43:11,yawoma,يَوْمَ,yawom,ywm,N,,,lemma+root
yawm,11:60:6,yawoma,يَوْمَ,yawom,ywm,N,,,lemma+root
yawm,11:65:7,>ay~aAmK,أَيَّامٍ,yawom,ywm,N,P,MP,lemma+root
yawm,11:77:12,yawomN,يَوْمٌ,yawom,ywm,N,,,lemma+root
yawm,11:84:25,yawomK,يَوْمٍ,yawom,ywm,N,,,lemma+root
yawm,11:98:3,yawoma,يَوْمَ,yawom,ywm,N,,,lemma+root
yawm,11:99:5,yawoma,يَوْمَ,yawom,ywm,N,,,lemma+root
yawm,11:103:10,yawomN,يَوْمٌ,yawom,ywm,N,,,lemma+root
yawm,11:103:15,yawomN,يَوْمٌ,yawom,ywm,N,,,lemma+root
yawm,11:105:1,yawoma,يَوْمَ,yawom,ywm,N,,,lemma+root
yawm,12:54:11,yawoma,يَوْمَ,yawom,ywm,N,,,lemma+root
yawm,12:92:5,yawoma,يَوْمَ,yawom,ywm,N,,,lemma+root
yawm,14:5:13,>ay~aY`mi,أَيَّىٰمِ,yawom,ywm,N,P,MP,lemma+root
yawm,14:18:11,yawomK,يَوْمٍ,yawom,ywm,N,,,lemma+root
yawm,14:31:16,yawomN,يَوْمٌ,yawom,ywm,N,,,lemma+root
yawm,14:41:6,yawoma,يَوْمَ,yawom,ywm,N,,,lemma+root
yawm,14:42:10,yawomK,يَوْمٍ,yawom,ywm,N,,,lemma+root
yawm,14:44:3,yawoma,يَوْمَ,yawom,ywm,N,,,lemma+root
yawm,14:48:1,yawoma,يَوْمَ,yawom,ywm,N,,,lemma+root
yawm,15:35:5,yawomi,يَوْمِ,yawom,ywm,N,,,lemma+root
yawm,15:36:5,yawomi,يَوْمِ,yawom,ywm,N,,,lemma+root
yawm,15:38:2,yawomi,يَوْمِ,yawom,ywm,N,,,lemma+root
yawm,16:25:4,yawoma,يَوْمَ,yawom,ywm,N,,,lemma+root
yawm,16:27:2,yawoma,يَوْمَ,yawom,ywm,N,,,lemma+root
yawm,16:27:18,yawoma,يَوْمَ,yawom,ywm,N,,,lemma+root
yawm,16:63:14,yawoma,يَوْمَ,yawom,ywm,N,,,lemma+root
yawm,16:80:14,yawoma,يَوْمَ,yawom,ywm,N,,,lemma+root
yawm,16:80:16,yawoma,يَوْمَ,yawom,ywm,N,,,lemma+root
yawm,16:84:1,yawoma,يَوْمَ,yawom,ywm,N,,,lemma+root
yawm,16:89:1,yawoma,يَوْمَ,yawom,ywm,N,,,lemma+root
yawm,16:92:27,yawoma,يَوْمَ,yawom,ywm,N,,,lemma+root
yawm,16:111:1,yawoma,يَوْمَ,yawom,ywm,N,,,lemma+root
yawm,16:124:12,yawoma,يَوْمَ,yawom,ywm,N,,,lemma+root
yawm,17:13:9,yawoma,يَوْمَ,yawom,ywm,N,,,lemma+root
yawm,17:14:5,yawoma,يَوْمَ,yawom,ywm,N,,,lemma+root
yawm,17:52:1,yawoma,يَوْمَ,yawom,ywm,N,,,lemma+root
yawm,17:58:8,yawomi,يَوْمِ,yawom,ywm,N,,,lemma+root
yawm,17:62:10,yawomi,يَوْمِ,yawom,ywm,N,,,lemma+root
yawm,17:71:1,yawoma,يَوْمَ,yawom,ywm,N,,,lemma+root
yawm,17:97:15,yawoma,يَوْمَ,yawom,ywm,N,,,lemma+root
yawm,18:19:12,yawomFA,يَوْمًا,yawom,ywm,N,,,lemma+root
yawm,18:19:15,yawomK,يَوْمٍ,yawom,ywm,N,,,lemma+root
yawm,18:47:1,yawoma,يَوْمَ,yawom,ywm,N,,,lemma+root
yawm,18:52:1,yawoma,يَوْمَ,yawom,ywm,N,,,lemma+root
yawm,18:105:12,yawoma,يَوْمَ,yawom,ywm,N,,,lemma+root
yawm,19:15:3,yawoma,يَوْمَ,yawom,ywm,T,,,lemma+root
yawm,19:15:5,yawoma,يَوْمَ,yawom,ywm,T,,,lemma+root
yawm,19:15:7,yawoma,يَوْمَ,yawom,ywm,T,,,lemma+root
yawm,19:26:17,yawoma,يَوْمَ,yawom,ywm,T,,,lemma+root
yawm,19:33:3,yawoma,يَوْمَ,yawom,ywm,T,,,lemma+root
yawm,19:33:5,yawoma,يَوْمَ,yawom,ywm,T,,,lemma+root
yawm,19:33:7,yawoma,يَوْمَ,yawom,ywm,T,,,lemma+root
yawm,19:37:10,yawomK,يَوْمٍ,yawom,ywm,N,,,lemma+root
yawm,19:38:4,yawoma,يَوْمَ,yawom,ywm,T,,,lemma+root
yawm,19:38:8,yawoma,يَوْمَ,yawom,ywm,T,,,lemma+root
yawm,19:39:2,yawoma,يَوْمَ,yawom,ywm,T,,,lemma+root
yawm,19:85:1,yawoma,يَوْمَ,yawom,ywm,N,,,lemma+root
yawm,19:95:3,yawoma,يَوْمَ,yawom,ywm,T,,,lemma+root
yawm,20:59:3,yawomu,يَوْمُ,yawom,ywm,N,,,lemma+root
yawm,20:64:8,yawoma,يَوْمَ,yawom,ywm,T,,,lemma+root
yawm,20:100:6,yawoma,يَوْمَ,yawom,ywm,T,,,lemma+root
yawm,20:101:5,yawoma,يَوْمَ,yawom,ywm,T,,,lemma+root
yawm,20:102:1,yawoma,يَوْمَ,yawom,ywm,N,,,lemma+root
yawm,20:104:12,yawomFA,يَوْمًا,yawom,ywm,N,,,lemma+root
yawm,20:124:10,yawoma,يَوْمَ,yawom,ywm,T,,,lemma+root
yawm,20:126:7,yawoma,يَوْمَ,yawom,ywm,T,,,lemma+root
yawm,21:47:4,yawomi,يَوْمِ,yawom,ywm,N,,,lemma+root
yawm,21:103:8,yawomu,يَوْمُ,yawom,ywm,N,,,lemma+root
yawm,21:104:1,yawoma,يَوْمَ,yawom,ywm,N,,,lemma+root
yawm,22:2:1,yawoma,يَوْمَ,yawom,ywm,N,,,lemma+root
yawm,22:9:12,yawoma,يَوْمَ,yawom,ywm,N,,,lemma+root
yawm,22:17:15,yawoma,يَوْمَ,yawom,ywm,N,,,lemma+root
yawm,22:28:8,>ay~aAmK,أَيَّامٍ,yawom,ywm,N,P,MP,lemma+root
yawm,22:47:8,yawomFA,يَوْمًا,yawom,ywm,N,,,lemma+root
yawm,22:55:15,yawomK,يَوْمٍ,yawom,ywm,N,,,lemma+root
yawm,22:69:4,yawoma,يَوْمَ,yawom,ywm,N,,,lemma+root
yawm,23:16:3,yawoma,يَوْمَ,yawom,ywm,N,,,lemma+root
yawm,23:65:3,yawoma,يَوْمَ,yawom,ywm,N,,,lemma+root
yawm,23:100:15,yawomi,يَوْمِ,yawom,ywm,N,,,lemma+root
yawm,23:111:3,yawoma,يَوْمَ,yawom,ywm,N,,,lemma+root
yawm,23:113:3,yawomFA,يَوْمًا,yawom,ywm,N,,,lemma+root
yawm,23:113:6,yawomK,يَوْمٍ,yawom,ywm,N,,,lemma+root
yawm,24:2:20,yawomi,يَوْمِ,yawom,ywm,N,,,lemma+root
yawm,24:24:1,yawoma,يَوْمَ,yawom,ywm,T,,,lemma+root
yawm,24:37:15,yawomFA,يَوْمًا,yawom,ywm,N,,,lemma+root
yawm,24:64:13,yawoma,يَوْمَ,yawom,ywm,N,,,lemma+root
yawm,25:14:3,yawoma,يَوْمَ,yawom,ywm,N,,,lemma+root
yawm,25:17:1,yawoma,يَوْمَ,yawom,ywm,N,,,lemma+root
yawm,25:22:1,yawoma,يَوْمَ,yawom,ywm,N,,,lemma+root
yawm,25:25:1,yawoma,يَوْمَ,yawom,ywm,N,,,lemma+root
yawm,25:26:6,yawomFA,يَوْمًا,yawom,ywm,N,,,lemma+root
yawm,25:27:1,yawoma,يَوْمَ,yawom,ywm,N,,,lemma+root
yawm,25:59:9,>ay~aAmK,أَيَّامٍ,yawom,ywm,N,P,MP,lemma+root
yawm,25:69:4,yawoma,يَوْمَ,yawom,ywm,N,,,lemma+root
yawm,26:38:4,yawomK,يَوْمٍ,yawom,ywm,N,,,lemma+root
yawm,26:82:7,yawoma,يَوْمَ,yawom,ywm,N,,,lemma+root
yawm,26:87:3,yawoma,يَوْمَ,yawom,ywm,N,,,lemma+root
yawm,26:88:1,yawoma,يَوْمَ,yawom,ywm,N,,,lemma+root
yawm,26:135:5,yawomK,يَوْمٍ,yawom,ywm,N,,,lemma+root
yawm,26:155:8,yawomK,يَوْمٍ,yawom,ywm,N,,,lemma+root
yawm,26:156:6,yawomK,يَوْمٍ,yawom,ywm,N,,,lemma+root
yawm,26:189:4,yawomi,يَوْمِ,yawom,ywm,N,,,lemma+root
yawm,26:189:9,yawomK,يَوْمٍ,yawom,ywm,N,,,lemma+root
yawm,27:83:1,yawoma,يَوْمَ,yawom,ywm,N,,,lemma+root
yawm,27:87:1,yawoma,يَوْمَ,yawom,ywm,N,,,lemma+root
yawm,28:41:6,yawoma,يَوْمَ,yawom,ywm,N,,,lemma+root
yawm,28:42:6,yawoma,يَوْمَ,yawom,ywm,N,,,lemma+root
yawm,28:61:14,yawoma,يَوْمَ,yawom,ywm,N,,,lemma+root
yawm,28:62:1,yawoma,يَوْمَ,yawom,ywm,N,,,lemma+root
yawm,28:65:1,yawoma,يَوْمَ,yawom,ywm,N,,,lemma+root
yawm,28:71:10,yawomi,يَوْمِ,yawom,ywm,N,,,lemma+root
yawm,28:72:10,yawomi,يَوْمِ,yawom,ywm,N,,,lemma+root
yawm,28:74:1,yawoma,يَوْمَ,yawom,ywm,N,,,lemma+root
yawm,29:13:7,yawoma,يَوْمَ,yawom,ywm,N,,,lemma+root
yawm,29:25:14,yawoma,يَوْمَ,yawom,ywm,N,,,lemma+root
yawm,29:36:10,yawoma,يَوْمَ,yawom,ywm,N,,,lemma+root
yawm,29:55:1,yawoma,يَوْمَ,yawom,ywm,N,,,lemma+root
yawm,30:12:1,yawoma,يَوْمَ,yawom,ywm,N,,,lemma+root
yawm,30:14:1,yawoma,يَوْمَ,yawom,ywm,N,,,lemma+root
yawm,30:43:9,yawomN,يَوْمٌ,yawom,ywm,N,,,lemma+root
yawm,30:55:1,yawoma,يَوْمَ,yawom,ywm,N,,,lemma+root
yawm,30:56:12,yawomi,يَوْمِ,yawom,ywm,N,,,lemma+root
yawm,30:56:15,yawomu,يَوْمُ,yawom,ywm,N,,,lemma+root
yawm,31:33:6,yawomFA,يَوْمًا,yawom,ywm,N,,,lemma+root
yawm,32:4:10,>ay~aAmK,أَيَّامٍ,yawom,ywm,N,P,MP,lemma+root
yawm,32:5:11,yawomK,يَوْمٍ,yawom,ywm,N,,,lemma+root
yawm,32:14:5,yawomi,يَوْمِ,yawom,ywm,N,,,lemma+root
yawm,32:25:6,yawoma,يَوْمَ,yawom,ywm,N,,,lemma+root
yawm,32:29:2,yawoma,يَوْمَ,yawom,ywm,N,,,lemma+root
yawm,33:21:13,yawoma,يَوْمَ,yawom,ywm,N,,,lemma+root
yawm,33:44:2,yawoma,يَوْمَ,yawom,ywm,N,,,lemma+root
yawm,33:66:1,yawoma,يَوْمَ,yawom,ywm,N,,,lemma+root
yawm,34:18:16,>ay~aAmFA,أَيَّامًا,yawom,ywm,N,P,MP,lemma+root
yawm,34:30:4,yawomK,يَوْمٍ,yawom,ywm,N,,,lemma+root
yawm,34:40:1,yawoma,يَوْمَ,yawom,ywm,N,,,lemma+root
yawm,34:42:1,yawoma,يَوْمَ,yawom,ywm,N,,,lemma+root
yawm,35:14:11,yawoma,يَوْمَ,yawom,ywm,N,,,lemma+root
yawm,36:54:1,yawoma,يَوْمَ,yawom,ywm,N,,,lemma+root
yawm,36:55:4,yawoma,يَوْمَ,yawom,ywm,N,,,lemma+root
yawm,36:59:2,yawoma,يَوْمَ,yawom,ywm,N,,,lemma+root
yawm,36:64:2,yawoma,يَوْمَ,yawom,ywm,N,,,lemma+root
yawm,36:65:1,yawoma,يَوْمَ,yawom,ywm,N,,,lemma+root
yawm,37:20:4,yawomu,يَوْمُ,yawom,ywm,N,,,lemma+root
yawm,37:21:2,yawomu,يَوْمُ,yawom,ywm,N,,,lemma+root
yawm,37:26:3,yawoma,يَوْمَ,yawom,ywm,N,,,lemma+root
yawm,37:144:5,yawomi,يَوْمِ,yawom,ywm,N,,,lemma+root
yawm,38:16:7,yawomi,يَوْمِ,yawom,ywm,N,,,lemma+root
yawm,38:26:29,yawoma,يَوْمَ,yawom,ywm,N,,,lemma+root
yawm,38:53:4,yawomi,يَوْمِ,yawom,ywm,N,,,lemma+root
yawm,38:78:5,yawomi,يَوْمِ,yawom,ywm,N,,,lemma+root
yawm,38:79:5,yawomi,يَوْمِ,yawom,ywm,N,,,lemma+root
yawm,38:81:2,yawomi,يَوْمِ,yawom,ywm,N,,,lemma+root
yawm,39:13:8,yawomK,يَوْمٍ,yawom,ywm,N,,,lemma+root
yawm,39:15:13,yawoma,يَوْمَ,yawom,ywm,N,,,lemma+root
yawm,39:24:6,yawoma,يَوْمَ,yawom,ywm,N,,,lemma+root
yawm,39:31:3,yawoma,يَوْمَ,yawom,ywm,N,,,lemma+root
yawm,39:47:16,yawoma,يَوْمَ,yawom,ywm,N,,,lemma+root
yawm,39:60:1,yawoma,يَوْمَ,yawom,ywm,N,,,lemma+root
yawm,39:67:9,yawoma,يَوْمَ,yawom,ywm,N,,,lemma+root
yawm,39:71:25,yawomi,يَوْمِ,yawom,ywm,N,,,lemma+root
yawm,40:15:15,yawoma,يَوْمَ,yawom,ywm,N,,,lemma+root
yawm,40:16:1,yawoma,يَوْمَ,yawom,ywm,N,,,lemma+root
yawm,40:16:12,yawoma,يَوْمَ,yawom,ywm,N,,,lemma+root
yawm,40:17:1,yawoma,يَوْمَ,yawom,ywm,N,,,lemma+root
yawm,40:17:9,yawoma,يَوْمَ,yawom,ywm,N,,,lemma+root
yawm,40:18:2,yawoma,يَوْمَ,yawom,ywm,N,,,lemma+root
yawm,40:27:12,yawomi,يَوْمِ,yawom,ywm,N,,,lemma+root
yawm,40:29:4,yawoma,يَوْمَ,yawom,ywm,N,,,lemma+root
yawm,40:30:9,yawomi,يَوْمِ,yawom,ywm,N,,,lemma+root
yawm,40:32:5,yawoma,يَوْمَ,yawom,ywm,N,,,lemma+root
yawm,40:33:1,yawoma,يَوْمَ,yawom,ywm,N,,,lemma+root
yawm,40:46:6,yawoma,يَوْمَ,yawom,ywm,N,,,lemma+root
yawm,40:49:11,yawomFA,يَوْمًا,yawom,ywm,N,,,lemma+root
yawm,40:51:9,yawoma,يَوْمَ,yawom,ywm,N,,,lemma+root
yawm,40:52:1,yawoma,يَوْمَ,yawom,ywm,N,,,lemma+root
yawm,41:9:8,yawomayoni,يَوْمَيْنِ,yawom,ywm,N,D,MD,lemma+root
yawm,41:10:13,>ay~aAmK,أَيَّامٍ,yawom,ywm,N,P,MP,lemma+root
yawm,41:12:5,yawomayoni,يَوْمَيْنِ,yawom,ywm,N,D,MD,lemma+root
yawm,41:16:6,>ay~aAmK,أَيَّامٍ,yawom,ywm,N,P,MP,lemma+root
yawm,41:19:1,yawoma,يَوْمَ,yawom,ywm,T,,,lemma+root
yawm,41:40:18,yawoma,يَوْمَ,yawom,ywm,N,,,lemma+root
yawm,41:47:19,yawoma,يَوْمَ,yawom,ywm,N,,,lemma+root
yawm,42:7:12,yawoma,يَوْمَ,yawom,ywm,N,,,lemma+root
yawm,42:45:20,yawoma,يَوْمَ,yawom,ywm,N,,,lemma+root
yawm,42:47:7,yawomN,يَوْمٌ,yawom,ywm,N,,,lemma+root
yawm,43:39:3,yawoma,يَوْمَ,yawom,ywm,N,,,lemma+root
yawm,43:65:10,yawomK,يَوْمٍ,yawom,ywm,N,,,lemma+root
yawm,43:68:5,yawoma,يَوْمَ,yawom,ywm,N,,,lemma+root
yawm,43:83:6,yawoma,يَوْمَ,yawom,ywm,N,,,lemma+root
yawm,44:10:2,yawoma,يَوْمَ,yawom,ywm,N,,,lemma+root
yawm,44:16:1,yawoma,يَوْمَ,yawom,ywm,N,,,lemma+root
yawm,44:40:2,yawoma,يَوْمَ,yawom,ywm,N,,,lemma+root
yawm,44:41:1,yawoma,يَوْمَ,yawom,ywm,N,,,lemma+root
yawm,45:14:8,>ay~aAma,أَيَّامَ,yawom,ywm,N,P,MP,lemma+root
yawm,45:17:19,yawoma,يَوْمَ,yawom,ywm,N,,,lemma+root
yawm,45:26:9,yawomi,يَوْمِ,yawom,ywm,N,,,lemma+root
yawm,45:27:5,yawoma,يَوْمَ,yawom,ywm,N,,,lemma+root
yawm,45:28:10,yawoma,يَوْمَ,yawom,ywm,N,,,lemma+root
yawm,45:34:2,yawoma,يَوْمَ,yawom,ywm,T,,,lemma+root
yawm,45:34:7,yawomi,يَوْمِ,yawom,ywm,N,,,lemma+root
yawm,45:35:10,yawoma,يَوْمَ,yawom,ywm,T,,,lemma+root
yawm,46:5:13,yawomi,يَوْمِ,yawom,ywm,N,,,lemma+root
yawm,46:20:1,yawoma,يَوْمَ,yawom,ywm,N,,,lemma+root
yawm,46:20:14,yawoma,يَوْمَ,yawom,ywm,N,,,lemma+root
yawm,46:21:24,yawomK,يَوْمٍ,yawom,ywm,N,,,lemma+root
yawm,46:34:1,yawoma,يَوْمَ,yawom,ywm,N,,,lemma+root
yawm,46:35:12,yawoma,يَوْمَ,yawom,ywm,N,,,lemma+root
yawm,50:20:5,yawomu,يَوْمُ,yawom,ywm,N,,,lemma+root
yawm,50:22:11,yawoma,يَوْمَ,yawom,ywm,N,,,lemma+root
yawm,50:30:1,yawoma,يَوْمَ,yawom,ywm,N,,,lemma+root
yawm,50:34:4,yawomu,يَوْمُ,yawom,ywm,N,,,lemma+root
yawm,50:38:9,>ay~aAmK,أَيَّامٍ,yawom,ywm,N,P,MP,lemma+root
yawm,50:41:2,yawoma,يَوْمَ,yawom,ywm,N,,,lemma+root
yawm,50:42:1,yawoma,يَوْمَ,yawom,ywm,N,,,lemma+root
yawm,50:42:6,yawomu,يَوْمُ,yawom,ywm,N,,,lemma+root
yawm,50:44:1,yawoma,يَوْمَ,yawom,ywm,T,,,lemma+root
yawm,51:12:3,yawomu,يَوْمُ,yawom,ywm,N,,,lemma+root
yawm,51:13:1,yawoma,يَوْمَ,yawom,ywm,N,,,lemma+root
yawm,51:60:5,yawomi,يَوْمِ,yawom,ywm,N,,,lemma+root
yawm,52:9:1,yawoma,يَوْمَ,yawom,ywm,N,,,lemma+root
yawm,52:13:1,yawoma,يَوْمَ,yawom,ywm,N,,,lemma+root
yawm,52:45:4,yawoma,يَوْمَ,yawom,ywm,N,,,lemma+root
yawm,52:46:1,yawoma,يَوْمَ,yawom,ywm,N,,,lemma+root
yawm,54:6:3,yawoma,يَوْمَ,yawom,ywm,T,,,lemma+root
yawm,54:8:7,yawomN,يَوْمٌ,yawom,ywm,N,,,lemma+root
yawm,54:19:7,yawomi,يَوْمِ,yawom,ywm,N,,,lemma+root
yawm,54:48:1,yawoma,يَوْمَ,yawom,ywm,N,,,lemma+root
yawm,55:29:7,yawomK,يَوْمٍ,yawom,ywm,N,,,lemma+root
yawm,56:50:4,yawomK,يَوْمٍ,yawom,ywm,N,,,lemma+root
yawm,56:56:3,yawoma,يَوْمَ,yawom,ywm,N,,,lemma+root
yawm,57:4:8,>ay~aAmK,أَيَّامٍ,yawom,ywm,N,P,MP,lemma+root
yawm,57:12:1,yawoma,يَوْمَ,yawom,ywm,N,,,lemma+root
yawm,57:12:11,yawoma,يَوْمَ,yawom,ywm,N,,,lemma+root
yawm,57:13:1,yawoma,يَوْمَ,yawom,ywm,N,,,lemma+root
yawm,57:15:1,yawoma,يَوْمَ,yawom,ywm,N,,,lemma+root
yawm,58:6:1,yawoma,يَوْمَ,yawom,ywm,N,,,lemma+root
yawm,58:7:41,yawoma,يَوْمَ,yawom,ywm,N,,,lemma+root
yawm,58:18:1,yawoma,يَوْمَ,yawom,ywm,N,,,lemma+root
yawm,58:22:6,yawomi,يَوْمِ,yawom,ywm,N,,,lemma+root
yawm,60:3:6,yawoma,يَوْمَ,yawom,ywm,T,,,lemma+root
yawm,60:6:11,yawoma,يَوْمَ,yawom,ywm,N,,,lemma+root
yawm,62:9:8,yawomi,يَوْمِ,yawom,ywm,N,,,lemma+root
yawm,64:9:1,yawoma,يَوْمَ,yawom,ywm,T,,,lemma+root
yawm,64:9:3,yawomi,يَوْمِ,yawom,ywm,N,,,lemma+root
yawm,64:9:6,yawomu,يَوْمُ,yawom,ywm,N,,,lemma+root
yawm,65:2:23,yawomi,يَوْمِ,yawom,ywm,N,,,lemma+root
yawm,66:7:6,yawoma,يَوْمَ,yawom,ywm,T,,,lemma+root
yawm,66:8:21,yawoma,يَوْمَ,yawom,ywm,T,,,lemma+root
yawm,68:24:4,yawoma,يَوْمَ,yawom,ywm,T,,,lemma+root
yawm,68:39:7,yawomi,يَوْمِ,yawom,ywm,N,,,lemma+root
yawm,68:42:1,yawoma,يَوْمَ,yawom,ywm,T,,,lemma+root
yawm,69:7:6,>ay~aAmK,أَيَّامٍ,yawom,ywm,N,P,MP,lemma+root
yawm,69:24:7,>ay~aAmi,أَيَّامِ,yawom,ywm,N,P,MP,lemma+root
yawm,69:35:3,yawoma,يَوْمَ,yawom,ywm,T,,,lemma+root
yawm,70:4:6,yawomK,يَوْمٍ,yawom,ywm,N,,,lemma+root
yawm,70:8:1,yawoma,يَوْمَ,yawom,ywm,T,,,lemma+root
yawm,70:26:3,yawomi,يَوْمِ,yawom,ywm,N,,,lemma+root
yawm,70:42:6,yawoma,يَوْمَ,yawom,ywm,N,,,lemma+root
yawm,70:43:1,yawoma,يَوْمَ,yawom,ywm,N,,,lemma+root
yawm,70:44:6,yawomu,يَوْمُ,yawom,ywm,N,,,lemma+root
yawm,73:14:1,yawoma,يَوْمَ,yawom,ywm,T,,,lemma+root
yawm,73:17:5,yawomFA,يَوْمًا,yawom,ywm,N,,,lemma+root
yawm,74:9:3,yawomN,يَوْمٌ,yawom,ywm,N,,,lemma+root
yawm,74:46:3,yawomi,يَوْمِ,yawom,ywm,N,,,lemma+root
yawm,75:1:3,yawomi,يَوْمِ,yawom,ywm,N,,,lemma+root
yawm,75:6:3,yawomu,يَوْمُ,yawom,ywm,N,,,lemma+root
yawm,76:7:4,yawomFA,يَوْمًا,yawom,ywm,N,,,lemma+root
yawm,76:10:5,yawomFA,يَوْمًا,yawom,ywm,N,,,lemma+root
yawm,76:11:5,yawomi,يَوْمِ,yawom,ywm,N,,,lemma+root
yawm,76:27:7,yawomFA,يَوْمًا,yawom,ywm,N,,,lemma+root
yawm,77:12:2,yawomK,يَوْمٍ,yawom,ywm,N,,,lemma+root
yawm,77:13:1,yawomi,يَوْمِ,yawom,ywm,N,,,lemma+root
yawm,77:14:4,yawomu,يَوْمُ,yawom,ywm,N,,,lemma+root
yawm,77:35:2,yawomu,يَوْمُ,yawom,ywm,N,,,lemma+root
yawm,77:38:2,yawomu,يَوْمُ,yawom,ywm,N,,,lemma+root
yawm,78:17:2,yawoma,يَوْمَ,yawom,ywm,N,,,lemma+root
yawm,78:18:1,yawoma,يَوْمَ,yawom,ywm,N,,,lemma+root
yawm,78:38:1,yawoma,يَوْمَ,yawom,ywm,T,,,lemma+root
yawm,78:39:2,yawomu,يَوْمُ,yawom,ywm,N,,,lemma+root
yawm,78:40:5,yawoma,يَوْمَ,yawom,ywm,T,,,lemma+root
yawm,79:6:1,yawoma,يَوْمَ,yawom,ywm,T,,,lemma+root
yawm,79:35:1,yawoma,يَوْمَ,yawom,ywm,T,,,lemma+root
yawm,79:46:2,yawoma,يَوْمَ,yawom,ywm,T,,,lemma+root
yawm,80:34:1,yawoma,يَوْمَ,yawom,ywm,T,,,lemma+root
yawm,82:15:2,yawoma,يَوْمَ,yawom,ywm,T,,,lemma+root
yawm,82:17:4,yawomu,يَوْمُ,yawom,ywm,N,,,lemma+root
yawm,82:18:5,yawomu,يَوْمُ,yawom,ywm,N,,,lemma+root
yawm,82:19:1,yawoma,يَوْمَ,yawom,ywm,N,,,lemma+root
yawm,83:5:1,yawomK,يَوْمٍ,yawom,ywm,N,,,lemma+root
yawm,83:6:1,yawoma,يَوْمَ,yawom,ywm,T,,,lemma+root
yawm,83:11:3,yawomi,يَوْمِ,yawom,ywm,N,,,lemma+root
yawm,83:34:1,yawoma,يَوْمَ,yawom,ywm,T,,,lemma+root
yawm,85:2:1,yawomi,يَوْمِ,yawom,ywm,N,,,lemma+root
yawm,86:9:1,yawoma,يَوْمَ,yawom,ywm,T,,,lemma+root
yawm,90:14:4,yawomK,يَوْمٍ,yawom,ywm,N,,,lemma+root
yawm,101:4:1,yawoma,يَوْمَ,yawom,ywm,T,,,lemma+root
shahr,2:185:1,$ahoru,شَهْرُ,$ahor,$hr,N,,,lemma+root
shahr,2:185:16,$~ahora,شَّهْرَ,$ahor,$hr,N,,,lemma+root
shahr,2:194:1,$~ahoru,شَّهْرُ,$ahor,$hr,N,,,lemma+root
shahr,2:194:3,$~ahori,شَّهْرِ,$ahor,$hr,N,,,lemma+root
shahr,2:197:2,>a$ohurN,أَشْهُرٌ,$ahor,$hr,N,P,MP,lemma+root
shahr,2:217:3,$~ahori,شَّهْرِ,$ahor,$hr,N,,,lemma+root
shahr,2:226:7,>a$ohurK,أَشْهُرٍ,$ahor,$hr,N,P,MP,lemma+root
shahr,2:234:9,>a$ohurK,أَشْهُرٍ,$ahor,$hr,N,P,MP,lemma+root
shahr,4:92:52,$ahorayoni,شَهْرَيْنِ,$ahor,$hr,N,D,MD,lemma+root
shahr,5:2:9,$~ahora,شَّهْرَ,$ahor,$hr,N,,,lemma+root
shahr,5:97:8,$~ahora,شَّهْرَ,$ahor,$hr,N,,,lemma+root
shahr,9:2:5,>a$ohurK,أَشْهُرٍ,$ahor,$hr,N,P,MP,lemma+root
shahr,9:5:3,>a$ohuru,أَشْهُرُ,$ahor,$hr,N,P,MP,lemma+root
shahr,9:36:3,$~uhuwri,شُّهُورِ,$ahor,$hr,N,P,MP,lemma+root
shahr,9:36:8,$ahorFA,شَهْرًا,$ahor,$hr,N,,,lemma+root
shahr,34:12:4,$ahorN,شَهْرٌ,$ahor,$hr,N,,,lemma+root
shahr,34:12:6,$ahorN,شَهْرٌ,$ahor,$hr,N,,,lemma+root
shahr,46:15:13,$ahorFA,شَهْرًا,$ahor,$hr,N,,,lemma+root
shahr,58:4:5,$ahorayoni,شَهْرَيْنِ,$ahor,$hr,N,D,MD,lemma+root
shahr,65:4:11,>a$ohurK,أَشْهُرٍ,$ahor,$hr,N,P,MP,lemma+root
shahr,97:3:6,$ahorK,شَهْرٍ,$ahor,$hr,N,,,lemma+root
bahr,2:50:4,baHora,بَحْرَ,baHor,bHr,N,,,lemma+root
bahr,2:164:13,baHori,بَحْرِ,baHor,bHr,N,,,lemma+root
bahr,5:96:4,baHori,بَحْرِ,baHor,bHr,N,,,lemma+root
bahr,5:103:5,baHiyrapK,بَحِيرَةٍ,baHiyrap,bHr,N,,,root
bahr,6:59:12,baHori,بَحْرِ,baHor,bHr,N,,,lemma+root
bahr,6:63:7,baHori,بَحْرِ,baHor,bHr,N,,,lemma+root
bahr,6:97:11,baHori,بَحْرِ,baHor,bHr,N,,,lemma+root
bahr,7:138:4,baHora,بَحْرَ,baHor,bHr,N,,,lemma+root
bahr,7:163:7,baHori,بَحْرِ,baHor,bHr,N,,,lemma+root
bahr,10:22:6,baHori,بَحْرِ,baHor,bHr,N,,,lemma+root
bahr,10:90:4,baHora,بَحْرَ,baHor,bHr,N,,,lemma+root
bahr,14:32:21,baHori,بَحْرِ,baHor,bHr,N,,,lemma+root
bahr,16:14:4,baHora,بَحْرَ,baHor,bHr,N,,,lemma+root
bahr,17:66:7,baHori,بَحْرِ,baHor,bHr,N,,,lemma+root
bahr,17:67:5,baHori,بَحْرِ,baHor,bHr,N,,,lemma+root
bahr,17:70:8,baHori,بَحْرِ,baHor,bHr,N,,,lemma+root
bahr,18:60:10,baHorayoni,بَحْرَيْنِ,baHor,bHr,N,D,MD,lemma+root
bahr,18:61:10,baHori,بَحْرِ,baHor,bHr,N,,,lemma+root
bahr,18:63:19,baHori,بَحْرِ,baHor,bHr,N,,,lemma+root
bahr,18:79:7,baHori,بَحْرِ,baHor,bHr,N,,,lemma+root
bahr,18:109:4,baHoru,بَحْرُ,baHor,bHr,N,,,lemma+root
bahr,18:109:9,baHoru,بَحْرُ,baHor,bHr,N,,,lemma+root
bahr,20:77:12,baHori,بَحْرِ,baHor,bHr,N,,,lemma+root
bahr,22:65:13,baHori,بَحْرِ,baHor,bHr,N,,,lemma+root
bahr,24:40:4,baHorK,بَحْرٍ,baHor,bHr,N,,,lemma+root
bahr,25:53:4,baHorayoni,بَحْرَيْنِ,baHor,bHr,N,D,MD,lemma+root
bahr,26:63:7,baHora,بَحْرَ,baHor,bHr,N,,,lemma+root
bahr,27:61:13,baHorayoni,بَحْرَيْنِ,baHor,bHr,N,D,MD,lemma+root
bahr,27:63:6,baHori,بَحْرِ,baHor,bHr,N,,,lemma+root
bahr,30:41:5,baHori,بَحْرِ,baHor,bHr,N,,,lemma+root
bahr,31:27:8,baHoru,بَحْرُ,baHor,bHr,N,,,lemma+root
bahr,31:27:13,>aboHurK,أَبْحُرٍ,baHor,bHr,N,P,MP,lemma+root
bahr,31:31:7,baHori,بَحْرِ,baHor,bHr,N,,,lemma+root
bahr,35:12:3,baHoraAni,بَحْرَانِ,baHor,bHr,N,D,MD,lemma+root
bahr,42:32:5,baHori,بَحْرِ,baHor,bHr,N,,,lemma+root
bahr,44:24:2,baHora,بَحْرَ,baHor,bHr,N,,,lemma+root
bahr,45:12:5,baHora,بَحْرَ,baHor,bHr,N,,,lemma+root
bahr,52:6:1,baHori,بَحْرِ,baHor,bHr,N,,,lemma+root
bahr,55:19:2,baHorayoni,بَحْرَيْنِ,baHor,bHr,N,D,MD,lemma+root
bahr,55:24:5,baHori,بَحْرِ,baHor,bHr,N,,,lemma+root
bahr,81:6:2,biHaAru,بِحَارُ,baHor,bHr,N,P,MP,lemma+root
bahr,82:3:2,biHaAru,بِحَارُ,baHor,bHr,N,P,MP,lemma+root
barr,2:44:3,bir~i,بِرِّ,bir~,brr,N,,,root
barr,2:177:2,bir~a,بِرَّ,bir~,brr,N,,,root
barr,2:177:10,bir~a,بِرَّ,bir~,brr,N,,,root
barr,2:189:10,bir~u,بِرُّ,bir~,brr,N,,,root
barr,2:189:17,bir~a,بِرَّ,bir~,brr,N,,,root
barr,2:224:7,tabar~u,تَبَرُّ,tabar~u,brr,V,P,2MP,root
barr,3:92:3,bir~a,بِرَّ,bir~,brr,N,,,root
barr,3:193:20,>aboraAri,أَبْرَارِ,bar~,brr,N,P,MP,lemma+root
barr,3:198:21,>aboraAri,أَبْرَارِ,bar~,brr,N,P,MP,lemma+root
barr,5:2:40,bir~i,بِرِّ,bir~,brr,N,,,root
barr,5:96:12,bar~i,بَرِّ,bar~,brr,N,,,lemma+root
barr,6:59:11,bar~i,بَرِّ,bar~,brr,N,,,lemma+root
barr,6:63:6,bar~i,بَرِّ,bar~,brr,N,,,lemma+root
barr,6:97:10,bar~i,بَرِّ,bar~,brr,N,,,lemma+root
barr,10:22:5,bar~i,بَرِّ,bar~,brr,N,,,lemma+root
barr,17:67:14,bar~i,بَرِّ,bar~,brr,N,,,lemma+root
barr,17:68:6,bar~i,بَرِّ,bar~,brr,N,,,lemma+root
barr,17:70:7,bar~i,بَرِّ,bar~,brr,N,,,lemma+root
barr,19:14:1,bar~F[A,بَرًّۢا,bar~,brr,N,,,lemma+root
barr,19:32:1,bar~F[A,بَرًّۢا,bar~,brr,N,,,lemma+root
barr,27:63:5,bar~i,بَرِّ,bar~,brr,N,,,lemma+root
barr,29:65:13,bar~i,بَرِّ,bar~,brr,N,,,lemma+root
barr,30:41:4,bar~i,بَرِّ,bar~,brr,N,,,lemma+root
barr,31:32:13,bar~i,بَرِّ,bar~,brr,N,,,lemma+root
barr,52:28:8,bar~u,بَرُّ,bar~,brr,N,,,lemma+root
barr,58:9:13,bir~i,بِرِّ,bir~,brr,N,,,root
barr,60:8:15,tabar~u,تَبَرُّ,tabar~u,brr,V,P,2MP,root
barr,76:5:2,>aboraAra,أَبْرَارَ,bar~,brr,N,P,MP,lemma+root
barr,80:16:2,bararapK,بَرَرَةٍ,bar~,brr,ADJ,P,FP,lemma+root
barr,82:13:2,>aboraAra,أَبْرَارَ,bar~,brr,N,P,MP,lemma+root
barr,83:18:4,>aboraAri,أَبْرَارِ,bar~,brr,N,P,MP,lemma+root
barr,83:22:2,>aboraAra,أَبْرَارَ,bar~,brr,N,P,MP,lemma+root
rahma,1:1:3,r~aHoma`ni,رَّحْمَٰنِ,r~aHoma`n,rHm,ADJ,S,MS,root
rahma,1:1:4,r~aHiymi,رَّحِيمِ,r~aHiym,rHm,ADJ,S,MS,root
rahma,1:3:1,r~aHoma`ni,رَّحْمَٰنِ,r~aHoma`n,rHm,ADJ,S,MS,root
rahma,1:3:2,r~aHiymi,رَّحِيمِ,r~aHiym,rHm,ADJ,S,MS,root
rahma,2:37:11,r~aHiymu,رَّحِيمُ,r~aHiym,rHm,ADJ,S,MS,root
rahma,2:54:26,r~aHiymu,رَّحِيمُ,r~aHiym,rHm,ADJ,S,MS,root
rahma,2:64:10,raHomatu,رَحْمَتُ,raHomap,rHm,N,,,lemma+root
rahma,2:105:19,raHomati,رَحْمَتِ,raHomap,rHm,N,,,lemma+root
rahma,2:128:17,r~aHiymu,رَّحِيمُ,r~aHiym,rHm,ADJ,S,MS,root
rahma,2:143:45,r~aHiymN,رَّحِيمٌ,r~aHiym,rHm,ADJ,S,MS,root
rahma,2:157:6,raHomapN,رَحْمَةٌ,raHomap,rHm,N,,,lemma+root
rahma,2:160:11,r~aHiymu,رَّحِيمُ,r~aHiym,rHm,ADJ,S,MS,root
rahma,2:163:8,r~aHoma`nu,رَّحْمَٰنُ,r~aHoma`n,rHm,N,S,MS,root
rahma,2:163:9,r~aHiymu,رَّحِيمُ,r~aHiym,rHm,ADJ,S,MS,root
rahma,2:173:25,r~aHiymN,رَّحِيمٌ,r~aHiym,rHm,ADJ,S,MS,root
rahma,2:178:30,raHomapN,رَحْمَةٌ,raHomap,rHm,N,,,lemma+root
rahma,2:182:16,r~aHiymN,رَّحِيمٌ,r~aHiym,rHm,ADJ,S,MS,root
rahma,2:192:6,r~aHiymN,رَّحِيمٌ,r~aHiym,rHm,ADJ,S,MS,root
rahma,2:199:12,r~aHiymN,رَّحِيمٌ,r~aHiym,rHm,ADJ,S,MS,root
rahma,2:218:12,raHomata,رَحْمَتَ,raHomap,rHm,N,,,lemma+root
rahma,2:218:16,r~aHiymN,رَّحِيمٌ,r~aHiym,rHm,ADJ,S,MS,root
rahma,2:226:13,r~aHiymN,رَّحِيمٌ,r~aHiym,rHm,ADJ,S,MS,root
rahma,2:228:15,>aroHaAmi,أَرْحَامِ,>aroHaAm,rHm,N,P,MP,root
rahma,2:286:43,{roHamo,ٱرْحَمْ,r~aHima,rHm,V,S,2MS,root
rahma,3:6:5,>aroHaAmi,أَرْحَامِ,>aroHaAm,rHm,N,P,MP,root
rahma,3:8:12,raHomapF,رَحْمَةً,raHomap,rHm,N,,,lemma+root
rahma,3:31:14,r~aHiymN,رَّحِيمٌ,r~aHiym,rHm,ADJ,S,MS,root
rahma,3:74:2,raHomati,رَحْمَتِ,raHomap,rHm,N,,,lemma+root
rahma,3:89:11,r~aHiymN,رَّحِيمٌ,r~aHiym,rHm,ADJ,S,MS,root
rahma,3:107:6,raHomapi,رَحْمَةِ,raHomap,rHm,N,,,lemma+root
rahma,3:129:16,r~aHiymN,رَّحِيمٌ,r~aHiym,rHm,ADJ,S,MS,root
rahma,3:132:5,turoHamu,تُرْحَمُ,r~aHima,rHm,V,P,2MP,root
rahma,3:157:11,raHomapN,رَحْمَةٌ,raHomap,rHm,N,,,lemma+root
rahma,3:159:2,raHomapK,رَحْمَةٍ,raHomap,rHm,N,,,lemma+root
rahma,4:1:23,>aroHaAma,أَرْحَامَ,>aroHaAm,rHm,N,P,MP,root
rahma,4:16:14,r~aHiymFA,رَّحِيمًا,r~aHiym,rHm,ADJ,S,MS,root
rahma,4:23:54,r~aHiymFA,رَّحِيمًا,r~aHiym,rHm,ADJ,S,MS,root
rahma,4:25:58,r~aHiymN,رَّحِيمٌ,r~aHiym,rHm,ADJ,S,MS,root
rahma,4:29:23,raHiymFA,رَحِيمًا,r~aHiym,rHm,N,S,MS,root
rahma,4:64:23,r~aHiymFA,رَّحِيمًا,r~aHiym,rHm,ADJ,S,MS,root
rahma,4:83:26,raHomatu,رَحْمَتُ,raHomap,rHm,N,,,lemma+root
rahma,4:96:4,raHomapF,رَحْمَةً,raHomap,rHm,N,,,lemma+root
rahma,4:96:8,r~aHiymFA,رَّحِيمًا,r~aHiym,rHm,ADJ,S,MS,root
rahma,4:100:31,r~aHiymFA,رَّحِيمًا,r~aHiym,rHm,ADJ,S,MS,root
rahma,4:106:7,r~aHiymFA,رَّحِيمًا,r~aHiym,rHm,ADJ,S,MS,root
rahma,4:110:13,r~aHiymFA,رَّحِيمًا,r~aHiym,rHm,ADJ,S,MS,root
rahma,4:113:5,raHomatu,رَحْمَتُ,raHomap,rHm,N,,,lemma+root
rahma,4:129:22,r~aHiymFA,رَّحِيمًا,r~aHiym,rHm,ADJ,S,MS,root
rahma,4:152:17,r~aHiymFA,رَّحِيمًا,r~aHiym,rHm,ADJ,S,MS,root
rahma,4:175:9,raHomapK,رَحْمَةٍ,raHomap,rHm,N,,,lemma+root
rahma,5:3:61,r~aHiymN,رَّحِيمٌ,r~aHiym,rHm,ADJ,S,MS,root
rahma,5:34:13,r~aHiymN,رَّحِيمٌ,r~aHiym,rHm,ADJ,S,MS,root
rahma,5:39:14,r~aHiymN,رَّحِيمٌ,r~aHiym,rHm,ADJ,S,MS,root
rahma,5:74:8,r~aHiymN,رَّحِيمٌ,r~aHiym,rHm,ADJ,S,MS,root
rahma,5:98:9,r~aHiymN,رَّحِيمٌ,r~aHiym,rHm,ADJ,S,MS,root
rahma,6:12:12,r~aHomapa,رَّحْمَةَ,raHomap,rHm,N,,,lemma+root
rahma,6:16:6,raHima,رَحِمَ,r~aHima,rHm,V,S,3MS,root
rahma,6:54:13,r~aHomapa,رَّحْمَةَ,raHomap,rHm,N,,,lemma+root
rahma,6:54:27,r~aHiymN,رَّحِيمٌ,r~aHiym,rHm,ADJ,S,MS,root
rahma,6:133:4,r~aHomapi,رَّحْمَةِ,raHomap,rHm,N,,,lemma+root
rahma,6:143:17,>aroHaAmu,أَرْحَامُ,>aroHaAm,rHm,N,P,MP,root
rahma,6:144:15,>aroHaAmu,أَرْحَامُ,>aroHaAm,rHm,N,P,MP,root
rahma,6:145:39,r~aHiymN,رَّحِيمٌ,r~aHiym,rHm,ADJ,S,MS,root
rahma,6:147:6,raHomapK,رَحْمَةٍ,raHomap,rHm,N,,,lemma+root
rahma,6:154:13,raHomapF,رَحْمَةً,raHomap,rHm,N,,,lemma+root
rahma,6:155:8,turoHamu,تُرْحَمُ,r~aHima,rHm,V,P,2MP,root
rahma,6:157:17,raHomapN,رَحْمَةٌ,raHomap,rHm,N,,,lemma+root
rahma,6:165:21,r~aHiymN[,رَّحِيمٌۢ,r~aHiym,rHm,ADJ,S,MS,root
rahma,7:23:9,taroHamo,تَرْحَمْ,r~aHima,rHm,V,S,3FS,root
rahma,7:49:7,raHomapK,رَحْمَةٍ,raHomap,rHm,N,,,lemma+root
rahma,7:52:8,raHomapF,رَحْمَةً,raHomap,rHm,N,,,lemma+root
rahma,7:56:11,raHomata,رَحْمَتَ,raHomap,rHm,N,,,lemma+root
rahma,7:57:8,raHomati,رَحْمَتِ,raHomap,rHm,N,,,lemma+root
rahma,7:63:13,turoHamu,تُرْحَمُ,r~aHima,rHm,V,P,2MP,root
rahma,7:72:4,raHomapK,رَحْمَةٍ,raHomap,rHm,N,,,lemma+root
rahma,7:149:12,yaroHamo,يَرْحَمْ,r~aHima,rHm,V,S,3MS,root
rahma,7:151:8,raHomati,رَحْمَتِ,raHomap,rHm,N,,,lemma+root
rahma,7:151:10,>aroHamu,أَرْحَمُ,>aroHam,rHm,N,S,MS,root
rahma,7:151:11,r~a`Himiyna,رَّٰحِمِينَ,r~a`Himiyn,rHm,N,P,MP,root
rahma,7:153:14,r~aHiymN,رَّحِيمٌ,r~aHiym,rHm,ADJ,S,MS,root
rahma,7:154:11,raHomapN,رَحْمَةٌ,raHomap,rHm,N,,,lemma+root
rahma,7:155:38,{roHamo,ٱرْحَمْ,r~aHima,rHm,V,S,2MS,root
rahma,7:156:18,raHomati,رَحْمَتِ,raHomap,rHm,N,,,lemma+root
rahma,7:167:19,r~aHiymN,رَّحِيمٌ,r~aHiym,rHm,ADJ,S,MS,root
rahma,7:203:21,raHomapN,رَحْمَةٌ,raHomap,rHm,N,,,lemma+root
rahma,7:204:8,turoHamu,تُرْحَمُ,r~aHima,rHm,V,P,2MP,root
rahma,8:69:11,r~aHiymN,رَّحِيمٌ,r~aHiym,rHm,ADJ,S,MS,root
rahma,8:70:24,r~aHiymN,رَّحِيمٌ,r~aHiym,rHm,ADJ,S,MS,root
rahma,8:75:11,>aroHaAmi,أَرْحَامِ,>aroHaAm,rHm,N,P,MP,root
rahma,9:5:26,r~aHiymN,رَّحِيمٌ,r~aHiym,rHm,ADJ,S,MS,root
rahma,9:21:3,raHomapK,رَحْمَةٍ,raHomap,rHm,N,,,lemma+root
rahma,9:27:12,r~aHiymN,رَّحِيمٌ,r~aHiym,rHm,ADJ,S,MS,root
rahma,9:61:16,raHomapN,رَحْمَةٌ,raHomap,rHm,N,,,lemma+root
rahma,9:71:19,yaroHamu,يَرْحَمُ,r~aHima,rHm,V,S,3MS,root
rahma,9:91:26,r~aHiymN,رَّحِيمٌ,r~aHiym,rHm,ADJ,S,MS,root
rahma,9:99:23,raHomati,رَحْمَتِ,raHomap,rHm,N,,,lemma+root
rahma,9:99:27,r~aHiymN,رَّحِيمٌ,r~aHiym,rHm,ADJ,S,MS,root
rahma,9:102:17,r~aHiymN,رَّحِيمٌ,r~aHiym,rHm,ADJ,S,MS,root
rahma,9:104:16,r~aHiymu,رَّحِيمُ,r~aHiym,rHm,ADJ,S,MS,root
rahma,9:117:27,r~aHiymN,رَّحِيمٌ,r~aHiym,rHm,ADJ,S,MS,root
rahma,9:118:31,r~aHiymu,رَّحِيمُ,r~aHiym,rHm,ADJ,S,MS,root
rahma,9:128:14,r~aHiymN,رَّحِيمٌ,r~aHiym,rHm,ADJ,S,MS,root
rahma,10:21:4,raHomapF,رَحْمَةً,raHomap,rHm,N,,,lemma+root
rahma,10:57:13,raHomapN,رَحْمَةٌ,raHomap,rHm,N,,,lemma+root
rahma,10:58:4,raHomati,رَحْمَتِ,raHomap,rHm,N,,,lemma+root
rahma,10:86:2,raHomati,رَحْمَتِ,raHomap,rHm,N,,,lemma+root
rahma,10:107:24,r~aHiymu,رَّحِيمُ,r~aHiym,rHm,ADJ,S,MS,root
rahma,11:9:5,raHomapF,رَحْمَةً,raHomap,rHm,N,,,lemma+root
rahma,11:17:15,raHomapF,رَحْمَةً,raHomap,rHm,N,,,lemma+root
rahma,11:28:11,raHomapF,رَحْمَةً,raHomap,rHm,N,,,lemma+root
rahma,11:41:11,r~aHiymN,رَّحِيمٌ,r~aHiym,rHm,ADJ,S,MS,root
rahma,11:43:17,r~aHima,رَّحِمَ,r~aHima,rHm,V,S,3MS,root
rahma,11:47:16,taroHamo,تَرْحَمْ,r~aHima,rHm,V,S,2MS,root
rahma,11:58:9,raHomapK,رَحْمَةٍ,raHomap,rHm,N,,,lemma+root
rahma,11:63:12,raHomapF,رَحْمَةً,raHomap,rHm,N,,,lemma+root
rahma,11:66:9,raHomapK,رَحْمَةٍ,raHomap,rHm,N,,,lemma+root
rahma,11:73:6,raHomatu,رَحْمَتُ,raHomap,rHm,N,,,lemma+root
rahma,11:90:8,raHiymN,رَحِيمٌ,r~aHiym,rHm,ADJ,S,MS,root
rahma,11:94:9,raHomapK,رَحْمَةٍ,raHomap,rHm,N,,,lemma+root
rahma,11:119:3,r~aHima,رَّحِمَ,r~aHima,rHm,V,S,3MS,root
rahma,12:53:10,raHima,رَحِمَ,r~aHima,rHm,V,S,3MS,root
rahma,12:53:15,r~aHiymN,رَّحِيمٌ,r~aHiym,rHm,ADJ,S,MS,root
rahma,12:56:11,raHomati,رَحْمَتِ,raHomap,rHm,N,,,lemma+root
rahma,12:64:16,>aroHamu,أَرْحَمُ,>aroHam,rHm,N,S,MS,root
rahma,12:64:17,r~a`Himiyna,رَّٰحِمِينَ,r~a`Himiyn,rHm,N,P,MP,root
rahma,12:92:10,>aroHamu,أَرْحَمُ,>aroHam,rHm,N,S,MS,root
rahma,12:92:11,r~a`Himiyna,رَّٰحِمِينَ,r~a`Himiyn,rHm,N,P,MP,root
rahma,12:98:9,r~aHiymu,رَّحِيمُ,r~aHiym,rHm,ADJ,S,MS,root
rahma,12:111:21,raHomapF,رَحْمَةً,raHomap,rHm,N,,,lemma+root
rahma,13:8:9,>aroHaAmu,أَرْحَامُ,>aroHaAm,rHm,N,P,MP,root
rahma,13:30:17,r~aHoma`ni,رَّحْمَٰنِ,r~aHoma`n,rHm,N,S,MS,root
rahma,14:36:15,r~aHiymN,رَّحِيمٌ,r~aHiym,rHm,ADJ,S,MS,root
rahma,15:49:6,r~aHiymu,رَّحِيمُ,r~aHiym,rHm,ADJ,S,MS,root
rahma,15:56:5,r~aHomapi,رَّحْمَةِ,raHomap,rHm,N,,,lemma+root
rahma,16:7:14,r~aHiymN,رَّحِيمٌ,r~aHiym,rHm,ADJ,S,MS,root
rahma,16:18:10,r~aHiymN,رَّحِيمٌ,r~aHiym,rHm,ADJ,S,MS,root
rahma,16:47:8,r~aHiymN,رَّحِيمٌ,r~aHiym,rHm,ADJ,S,MS,root
rahma,16:64:12,raHomapF,رَحْمَةً,raHomap,rHm,N,,,lemma+root
rahma,16:89:22,raHomapF,رَحْمَةً,raHomap,rHm,N,,,lemma+root
rahma,16:110:18,r~aHiymN,رَّحِيمٌ,r~aHiym,rHm,ADJ,S,MS,root
rahma,16:115:22,r~aHiymN,رَّحِيمٌ,r~aHiym,rHm,ADJ,S,MS,root
rahma,16:119:19,r~aHiymN,رَّحِيمٌ,r~aHiym,rHm,ADJ,S,MS,root
rahma,17:8:4,yaroHama,يَرْحَمَ,r~aHima,rHm,V,S,3MS,root
rahma,17:24:6,r~aHomapi,رَّحْمَةِ,raHomap,rHm,N,,,lemma+root
rahma,17:24:9,{roHamo,ٱرْحَمْ,r~aHima,rHm,V,S,2MS,root
rahma,17:28:5,raHomapK,رَحْمَةٍ,raHomap,rHm,N,,,lemma+root
rahma,17:54:6,yaroHamo,يَرْحَمْ,r~aHima,rHm,V,S,3MS,root
rahma,17:57:11,raHomata,رَحْمَتَ,raHomap,rHm,N,,,lemma+root
rahma,17:66:14,raHiymFA,رَحِيمًا,r~aHiym,rHm,N,S,MS,root
rahma,17:82:7,raHomapN,رَحْمَةٌ,raHomap,rHm,N,,,lemma+root
rahma,17:87:2,raHomapF,رَحْمَةً,raHomap,rHm,N,,,lemma+root
rahma,17:100:6,raHomapi,رَحْمَةِ,raHomap,rHm,N,,,lemma+root
rahma,17:110:6,r~aHoma`na,رَّحْمَٰنَ,r~aHoma`n,rHm,N,S,MS,root
rahma,18:10:11,raHomapF,رَحْمَةً,raHomap,rHm,N,,,lemma+root
rahma,18:16:14,r~aHomati,رَّحْمَتِ,raHomap,rHm,N,,,lemma+root
rahma,18:58:4,r~aHomapi,رَّحْمَةِ,raHomap,rHm,N,,,lemma+root
rahma,18:65:6,raHomapF,رَحْمَةً,raHomap,rHm,N,,,lemma+root
rahma,18:81:9,ruHomFA,رُحْمًا,ruHom,rHm,N,,,root
rahma,18:82:22,raHomapF,رَحْمَةً,raHomap,rHm,N,,,lemma+root
rahma,18:98:3,raHomapN,رَحْمَةٌ,raHomap,rHm,N,,,lemma+root
rahma,19:2:2,raHomati,رَحْمَتِ,raHomap,rHm,N,,,lemma+root
rahma,19:18:4,r~aHoma`ni,رَّحْمَٰنِ,r~aHoma`n,rHm,N,S,MS,root
rahma,19:21:11,raHomapF,رَحْمَةً,raHomap,rHm,N,,,lemma+root
rahma,19:26:13,r~aHoma`ni,رَّحْمَٰنِ,r~aHoma`n,rHm,N,S,MS,root
rahma,19:44:8,r~aHoma`ni,رَّحْمَٰنِ,r~aHoma`n,rHm,N,S,MS,root
rahma,19:45:8,r~aHoma`ni,رَّحْمَٰنِ,r~aHoma`n,rHm,N,S,MS,root
rahma,19:50:4,r~aHomati,رَّحْمَتِ,raHomap,rHm,N,,,lemma+root
rahma,19:53:4,r~aHomati,رَّحْمَتِ,raHomap,rHm,N,,,lemma+root
rahma,19:58:26,r~aHoma`ni,رَّحْمَٰنِ,r~aHoma`n,rHm,ADJ,S,MS,root
rahma,19:61:5,r~aHoma`nu,رَّحْمَٰنُ,r~aHoma`n,rHm,N,S,MS,root
rahma,19:69:9,r~aHoma`ni,رَّحْمَٰنِ,r~aHoma`n,rHm,N,S,MS,root
rahma,19:75:8,r~aHoma`nu,رَّحْمَٰنُ,r~aHoma`n,rHm,N,S,MS,root
rahma,19:78:6,r~aHoma`ni,رَّحْمَٰنِ,r~aHoma`n,rHm,N,S,MS,root
rahma,19:85:5,r~aHoma`ni,رَّحْمَٰنِ,r~aHoma`n,rHm,N,S,MS,root
rahma,19:87:8,r~aHoma`ni,رَّحْمَٰنِ,r~aHoma`n,rHm,N,S,MS,root
rahma,19:88:3,r~aHoma`nu,رَّحْمَٰنُ,r~aHoma`n,rHm,N,S,MS,root
rahma,19:91:3,r~aHoma`ni,رَّحْمَٰنِ,r~aHoma`n,rHm,N,S,MS,root
rahma,19:92:3,r~aHoma`ni,رَّحْمَٰنِ,r~aHoma`n,rHm,N,S,MS,root
rahma,19:93:9,r~aHoma`ni,رَّحْمَٰنِ,r~aHoma`n,rHm,N,S,MS,root
rahma,19:96:8,r~aHoma`nu,رَّحْمَٰنُ,r~aHoma`n,rHm,N,S,MS,root
rahma,20:5:1,r~aHoma`nu,رَّحْمَٰنُ,r~aHoma`n,rHm,ADJ,S,MS,root
rahma,20:90:13,r~aHoma`nu,رَّحْمَٰنُ,r~aHoma`n,rHm,ADJ,S,MS,root
rahma,20:108:9,r~aHoma`ni,رَّحْمَٰنِ,r~aHoma`n,rHm,N,S,MS,root
rahma,20:109:9,r~aHoma`nu,رَّحْمَٰنُ,r~aHoma`n,rHm,N,S,MS,root
rahma,21:26:3,r~aHoma`nu,رَّحْمَٰنُ,r~aHoma`n,rHm,N,S,MS,root
rahma,21:36:15,r~aHoma`ni,رَّحْمَٰنِ,r~aHoma`n,rHm,N,S,MS,root
rahma,21:42:7,r~aHoma`ni,رَّحْمَٰنِ,r~aHoma`n,rHm,N,S,MS,root
rahma,21:75:3,raHomati,رَحْمَتِ,raHomap,rHm,N,,,lemma+root
rahma,21:83:9,>aroHamu,أَرْحَمُ,>aroHam,rHm,N,S,MS,root
rahma,21:83:10,r~a`Himiyna,رَّٰحِمِينَ,r~a`Himiyn,rHm,N,P,MP,root
rahma,21:84:12,raHomapF,رَحْمَةً,raHomap,rHm,N,,,lemma+root
rahma,21:86:3,raHomati,رَحْمَتِ,raHomap,rHm,N,,,lemma+root
rahma,21:107:4,raHomapF,رَحْمَةً,raHomap,rHm,N,,,lemma+root
rahma,21:112:6,r~aHoma`nu,رَّحْمَٰنُ,r~aHoma`n,rHm,ADJ,S,MS,root
rahma,22:5:29,>aroHaAmi,أَرْحَامِ,>aroHaAm,rHm,N,P,MP,root
rahma,22:65:27,r~aHiymN,رَّحِيمٌ,r~aHiym,rHm,ADJ,S,MS,root
rahma,23:75:2,raHimo,رَحِمْ,r~aHima,rHm,V,P,1P,root
rahma,23:109:11,{roHamo,ٱرْحَمْ,r~aHima,rHm,V,S,2MS,root
rahma,23:109:14,r~a`Himiyna,رَّٰحِمِينَ,r~a`Himiyn,rHm,N,P,MP,root
rahma,23:118:4,{roHamo,ٱرْحَمْ,r~aHima,rHm,V,S,2MS,root
rahma,23:118:7,r~a`Himiyna,رَّٰحِمِينَ,r~a`Himiyn,rHm,N,P,MP,root
rahma,24:5:11,r~aHiymN,رَّحِيمٌ,r~aHiym,rHm,ADJ,S,MS,root
rahma,24:10:5,raHomatu,رَحْمَتُ,raHomap,rHm,N,,,lemma+root
rahma,24:14:5,raHomatu,رَحْمَتُ,raHomap,rHm,N,,,lemma+root
rahma,24:20:5,raHomatu,رَحْمَتُ,raHomap,rHm,N,,,lemma+root
rahma,24:20:9,r~aHiymN,رَّحِيمٌ,r~aHiym,rHm,ADJ,S,MS,root
rahma,24:21:20,raHomatu,رَحْمَتُ,raHomap,rHm,N,,,lemma+root
rahma,24:22:26,r~aHiymN,رَّحِيمٌ,r~aHiym,rHm,ADJ,S,MS,root
rahma,24:33:48,r~aHiymN,رَّحِيمٌ,r~aHiym,rHm,ADJ,S,MS,root
rahma,24:56:8,turoHamu,تُرْحَمُ,r~aHima,rHm,V,P,2MP,root
rahma,24:62:39,r~aHiymN,رَّحِيمٌ,r~aHiym,rHm,ADJ,S,MS,root
rahma,25:6:12,r~aHiymFA,رَّحِيمًا,r~aHiym,rHm,ADJ,S,MS,root
rahma,25:26:4,r~aHoma`ni,رَّحْمَٰنِ,r~aHoma`n,rHm,N,S,MS,root
rahma,25:48:8,raHomati,رَحْمَتِ,raHomap,rHm,N,,,lemma+root
rahma,25:59:14,r~aHoma`nu,رَّحْمَٰنُ,r~aHoma`n,rHm,ADJ,S,MS,root
rahma,25:60:5,r~aHoma`ni,رَّحْمَٰنِ,r~aHoma`n,rHm,N,S,MS,root
rahma,25:60:8,r~aHoma`nu,رَّحْمَٰنُ,r~aHoma`n,rHm,N,S,MS,root
rahma,25:63:2,r~aHoma`ni,رَّحْمَٰنِ,r~aHoma`n,rHm,ADJ,S,MS,root
rahma,25:70:16,r~aHiymFA,رَّحِيمًا,r~aHiym,rHm,ADJ,S,MS,root
rahma,26:5:6,r~aHoma`ni,رَّحْمَٰنِ,r~aHoma`n,rHm,N,S,MS,root
rahma,26:9:5,r~aHiymu,رَّحِيمُ,r~aHiym,rHm,ADJ,S,MS,root
rahma,26:68:5,r~aHiymu,رَّحِيمُ,r~aHiym,rHm,ADJ,S,MS,root
rahma,26:104:5,r~aHiymu,رَّحِيمُ,r~aHiym,rHm,ADJ,S,MS,root
rahma,26:122:5,r~aHiymu,رَّحِيمُ,r~aHiym,rHm,ADJ,S,MS,root
rahma,26:140:5,r~aHiymu,رَّحِيمُ,r~aHiym,rHm,ADJ,S,MS,root
rahma,26:159:5,r~aHiymu,رَّحِيمُ,r~aHiym,rHm,ADJ,S,MS,root
rahma,26:175:5,r~aHiymu,رَّحِيمُ,r~aHiym,rHm,ADJ,S,MS,root
rahma,26:191:5,r~aHiymu,رَّحِيمُ,r~aHiym,rHm,ADJ,S,MS,root
rahma,26:217:4,r~aHiymi,رَّحِيمِ,r~aHiym,rHm,ADJ,S,MS,root
rahma,27:11:11,r~aHiymN,رَّحِيمٌ,r~aHiym,rHm,ADJ,S,MS,root
rahma,27:19:21,raHomati,رَحْمَتِ,raHomap,rHm,N,,,lemma+root
rahma,27:30:7,r~aHoma`ni,رَّحْمَٰنِ,r~aHoma`n,rHm,ADJ,S,MS,root
rahma,27:30:8,r~aHiymi,رَّحِيمِ,r~aHiym,rHm,ADJ,S,MS,root
rahma,27:46:12,turoHamu,تُرْحَمُ,r~aHima,rHm,V,P,2MP,root
rahma,27:63:13,raHomati,رَحْمَتِ,raHomap,rHm,N,,,lemma+root
rahma,27:77:3,raHomapN,رَحْمَةٌ,raHomap,rHm,N,,,lemma+root
rahma,28:16:13,r~aHiymu,رَّحِيمُ,r~aHiym,rHm,ADJ,S,MS,root
rahma,28:43:14,raHomapF,رَحْمَةً,raHomap,rHm,N,,,lemma+root
rahma,28:46:8,r~aHomapF,رَّحْمَةً,raHomap,rHm,N,,,lemma+root
rahma,28:73:2,r~aHomati,رَّحْمَتِ,raHomap,rHm,N,,,lemma+root
rahma,28:86:9,raHomapF,رَحْمَةً,raHomap,rHm,N,,,lemma+root
rahma,29:21:4,yaroHamu,يَرْحَمُ,r~aHima,rHm,V,S,3MS,root
rahma,29:23:9,r~aHomati,رَّحْمَتِ,raHomap,rHm,N,,,lemma+root
rahma,29:51:12,raHomapF,رَحْمَةً,raHomap,rHm,N,,,lemma+root
rahma,30:5:8,r~aHiymu,رَّحِيمُ,r~aHiym,rHm,ADJ,S,MS,root
rahma,30:21:14,raHomapF,رَحْمَةً,raHomap,rHm,N,,,lemma+root
rahma,30:33:13,raHomapF,رَحْمَةً,raHomap,rHm,N,,,lemma+root
rahma,30:36:4,raHomapF,رَحْمَةً,raHomap,rHm,N,,,lemma+root
rahma,30:46:9,r~aHomati,رَّحْمَتِ,raHomap,rHm,N,,,lemma+root
rahma,30:50:4,raHomati,رَحْمَتِ,raHomap,rHm,N,,,lemma+root
rahma,31:3:2,raHomapF,رَحْمَةً,raHomap,rHm,N,,,lemma+root
rahma,31:34:11,>aroHaAmi,أَرْحَامِ,>aroHaAm,rHm,N,P,MP,root
rahma,32:6:6,r~aHiymu,رَّحِيمُ,r~aHiym,rHm,ADJ,S,MS,root
rahma,33:5:28,r~aHiymFA,رَّحِيمًا,r~aHiym,rHm,ADJ,S,MS,root
rahma,33:6:9,>aroHaAmi,أَرْحَامِ,>aroHaAm,rHm,N,P,MP,root
rahma,33:17:15,raHomapF,رَحْمَةً,raHomap,rHm,N,,,lemma+root
rahma,33:24:16,r~aHiymFA,رَّحِيمًا,r~aHiym,rHm,ADJ,S,MS,root
rahma,33:43:13,raHiymFA,رَحِيمًا,r~aHiym,rHm,ADJ,S,MS,root
rahma,33:50:61,r~aHiymFA,رَّحِيمًا,r~aHiym,rHm,ADJ,S,MS,root
rahma,33:59:21,r~aHiymFA,رَّحِيمًا,r~aHiym,rHm,ADJ,S,MS,root
rahma,33:73:15,r~aHiymF[A,رَّحِيمًۢا,r~aHiym,rHm,ADJ,S,MS,root
rahma,34:2:17,r~aHiymu,رَّحِيمُ,r~aHiym,rHm,N,S,MS,root
rahma,35:2:6,r~aHomapK,رَّحْمَةٍ,raHomap,rHm,N,,,lemma+root
rahma,36:5:3,r~aHiymi,رَّحِيمِ,r~aHiym,rHm,ADJ,S,MS,root
rahma,36:11:7,r~aHoma`na,رَّحْمَٰنَ,r~aHoma`n,rHm,N,S,MS,root
rahma,36:15:9,r~aHoma`nu,رَّحْمَٰنُ,r~aHoma`n,rHm,N,S,MS,root
rahma,36:23:7,r~aHoma`nu,رَّحْمَٰنُ,r~aHoma`n,rHm,N,S,MS,root
rahma,36:44:2,raHomapF,رَحْمَةً,raHomap,rHm,N,,,lemma+root
rahma,36:45:11,turoHamu,تُرْحَمُ,r~aHima,rHm,V,P,2MP,root
rahma,36:52:10,r~aHoma`nu,رَّحْمَٰنُ,r~aHoma`n,rHm,N,S,MS,root
rahma,36:58:5,r~aHiymK,رَّحِيمٍ,r~aHiym,rHm,ADJ,S,MS,root
rahma,38:9:4,raHomapi,رَحْمَةِ,raHomap,rHm,N,,,lemma+root
rahma,38:43:6,raHomapF,رَحْمَةً,raHomap,rHm,N,,,lemma+root
rahma,39:9:11,raHomapa,رَحْمَةَ,raHomap,rHm,N,,,lemma+root
rahma,39:38:26,raHomapK,رَحْمَةٍ,raHomap,rHm,N,,,lemma+root
rahma,39:38:30,raHomati,رَحْمَتِ,raHomap,rHm,N,,,lemma+root
rahma,39:53:10,r~aHomapi,رَّحْمَةِ,raHomap,rHm,N,,,lemma+root
rahma,39:53:20,r~aHiymu,رَّحِيمُ,r~aHiym,rHm,ADJ,S,MS,root
rahma,40:7:18,r~aHomapF,رَّحْمَةً,raHomap,rHm,N,,,lemma+root
rahma,40:9:8,raHimo,رَحِمْ,r~aHima,rHm,V,S,2MS,root
rahma,41:2:3,r~aHoma`ni,رَّحْمَٰنِ,r~aHoma`n,rHm,N,S,MS,root
rahma,41:2:4,r~aHiymi,رَّحِيمِ,r~aHiym,rHm,ADJ,S,MS,root
rahma,41:32:4,r~aHiymK,رَّحِيمٍ,r~aHiym,rHm,ADJ,S,MS,root
rahma,41:50:3,raHomapF,رَحْمَةً,raHomap,rHm,N,,,lemma+root
rahma,42:5:19,r~aHiymu,رَّحِيمُ,r~aHiym,rHm,ADJ,S,MS,root
rahma,42:8:12,raHomati,رَحْمَتِ,raHomap,rHm,N,,,lemma+root
rahma,42:28:10,raHomata,رَحْمَتَ,raHomap,rHm,N,,,lemma+root
rahma,42:48:16,raHomapF,رَحْمَةً,raHomap,rHm,N,,,lemma+root
rahma,43:17:6,r~aHoma`ni,رَّحْمَٰنِ,r~aHoma`n,rHm,N,S,MS,root
rahma,43:19:6,r~aHoma`ni,رَّحْمَٰنِ,r~aHoma`n,rHm,ADJ,S,MS,root
rahma,43:20:4,r~aHoma`nu,رَّحْمَٰنُ,r~aHoma`n,rHm,N,S,MS,root
rahma,43:32:3,raHomata,رَحْمَتَ,raHomap,rHm,N,,,lemma+root
rahma,43:32:21,raHomatu,رَحْمَتُ,raHomap,rHm,N,,,lemma+root
rahma,43:33:10,r~aHoma`ni,رَّحْمَٰنِ,r~aHoma`n,rHm,N,S,MS,root
rahma,43:36:5,r~aHoma`ni,رَّحْمَٰنِ,r~aHoma`n,rHm,ADJ,S,MS,root
rahma,43:45:11,r~aHoma`ni,رَّحْمَٰنِ,r~aHoma`n,rHm,N,S,MS,root
rahma,43:81:4,r~aHoma`ni,رَّحْمَٰنِ,r~aHoma`n,rHm,N,S,MS,root
rahma,44:6:1,raHomapF,رَحْمَةً,raHomap,rHm,N,,,lemma+root
rahma,44:42:3,r~aHima,رَّحِمَ,r~aHima,rHm,V,S,3MS,root
rahma,44:42:8,r~aHiymu,رَّحِيمُ,r~aHiym,rHm,ADJ,S,MS,root
rahma,45:20:5,raHomapN,رَحْمَةٌ,raHomap,rHm,N,,,lemma+root
rahma,45:30:9,raHomati,رَحْمَتِ,raHomap,rHm,N,,,lemma+root
rahma,46:8:25,r~aHiymu,رَّحِيمُ,r~aHiym,rHm,ADJ,S,MS,root
rahma,46:12:6,raHomapF,رَحْمَةً,raHomap,rHm,N,,,lemma+root
rahma,47:22:10,>aroHaAma,أَرْحَامَ,>aroHaAm,rHm,N,P,MP,root
rahma,48:14:14,r~aHiymFA,رَّحِيمًا,r~aHiym,rHm,ADJ,S,MS,root
rahma,48:25:30,raHomati,رَحْمَتِ,raHomap,rHm,N,,,lemma+root
rahma,48:29:9,ruHamaA^'u,رُحَمَآءُ,r~aHiym,rHm,ADJ,P,MP,root
rahma,49:5:12,r~aHiymN,رَّحِيمٌ,r~aHiym,rHm,ADJ,S,MS,root
rahma,49:10:10,turoHamu,تُرْحَمُ,r~aHima,rHm,V,P,2MP,root
rahma,49:12:31,r~aHiymN,رَّحِيمٌ,r~aHiym,rHm,ADJ,S,MS,root
rahma,49:14:27,r~aHiymN,رَّحِيمٌ,r~aHiym,rHm,ADJ,S,MS,root
rahma,50:33:3,r~aHoma`na,رَّحْمَٰنَ,r~aHoma`n,rHm,N,S,MS,root
rahma,52:28:9,r~aHiymu,رَّحِيمُ,r~aHiym,rHm,ADJ,S,MS,root
rahma,55:1:1,r~aHoma`nu,رَّحْمَٰنُ,r~aHoma`n,rHm,ADJ,S,MS,root
rahma,57:9:17,r~aHiymN,رَّحِيمٌ,r~aHiym,rHm,ADJ,S,MS,root
rahma,57:13:23,r~aHomapu,رَّحْمَةُ,raHomap,rHm,N,,,lemma+root
rahma,57:27:18,raHomapF,رَحْمَةً,raHomap,rHm,N,,,lemma+root
rahma,57:28:11,r~aHomati,رَّحْمَتِ,raHomap,rHm,N,,,lemma+root
rahma,57:28:21,r~aHiymN,رَّحِيمٌ,r~aHiym,rHm,ADJ,S,MS,root
rahma,58:12:22,r~aHiymN,رَّحِيمٌ,r~aHiym,rHm,ADJ,S,MS,root
rahma,59:10:23,r~aHiymN,رَّحِيمٌ,r~aHiym,rHm,ADJ,S,MS,root
rahma,59:22:12,r~aHoma`nu,رَّحْمَٰنُ,r~aHoma`n,rHm,N,S,MS,root
rahma,59:22:13,r~aHiymu,رَّحِيمُ,r~aHiym,rHm,ADJ,S,MS,root
rahma,60:3:3,>aroHaAmu,أَرْحَامُ,>aroHaAm,rHm,N,P,MP,root
rahma,60:7:15,r~aHiymN,رَّحِيمٌ,r~aHiym,rHm,ADJ,S,MS,root
rahma,60:12:38,r~aHiymN,رَّحِيمٌ,r~aHiym,rHm,ADJ,S,MS,root
rahma,64:14:18,r~aHiymN,رَّحِيمٌ,r~aHiym,rHm,ADJ,S,MS,root
rahma,66:1:14,r~aHiymN,رَّحِيمٌ,r~aHiym,rHm,ADJ,S,MS,root
rahma,67:3:10,r~aHoma`ni,رَّحْمَٰنِ,r~aHoma`n,rHm,N,S,MS,root
rahma,67:19:11,r~aHoma`nu,رَّحْمَٰنُ,r~aHoma`n,rHm,N,S,MS,root
rahma,67:20:10,r~aHoma`ni,رَّحْمَٰنِ,r~aHoma`n,rHm,N,S,MS,root
rahma,67:28:9,raHima,رَحِمَ,r~aHima,rHm,V,S,3MS,root
rahma,67:29:3,r~aHoma`nu,رَّحْمَٰنُ,r~aHoma`n,rHm,N,S,MS,root
rahma,73:20:78,r~aHiymN[,رَّحِيمٌۢ,r~aHiym,rHm,N,S,MS,root
rahma,76:31:5,raHomati,رَحْمَتِ,raHomap,rHm,N,,,lemma+root
rahma,78:37:6,r~aHoma`ni,رَّحْمَٰنِ,r~aHoma`n,rHm,N,S,MS,root
rahma,78:38:12,r~aHoma`nu,رَّحْمَٰنُ,r~aHoma`n,rHm,N,S,MS,root
rahma,90:17:9,maroHamapi,مَرْحَمَةِ,maroHamap,rHm,N,,,root
maghfira,2:58:16,n~agofiro,نَّغْفِرْ,gafara,gfr,V,P,1P,root
maghfira,2:173:24,gafuwrN,غَفُورٌ,gafuwr,gfr,N,S,MS,root
maghfira,2:175:7,magofirapi,مَغْفِرَةِ,m~agofirap,gfr,N,,,lemma+root
maghfira,2:182:15,gafuwrN,غَفُورٌ,gafuwr,gfr,N,S,MS,root
maghfira,2:192:5,gafuwrN,غَفُورٌ,gafuwr,gfr,N,S,MS,root
maghfira,2:199:7,{sotagofiru,ٱسْتَغْفِرُ,{sotagofara,gfr,V,P,2MP,root
maghfira,2:199:11,gafuwrN,غَفُورٌ,gafuwr,gfr,N,S,MS,root
maghfira,2:218:15,gafuwrN,غَفُورٌ,gafuwr,gfr,N,S,MS,root
maghfira,2:221:33,magofirapi,مَغْفِرَةِ,m~agofirap,gfr,N,,,lemma+root
maghfira,2:225:13,gafuwrN,غَفُورٌ,gafuwr,gfr,N,S,MS,root
maghfira,2:226:12,gafuwrN,غَفُورٌ,gafuwr,gfr,N,S,MS,root
maghfira,2:235:46,gafuwrN,غَفُورٌ,gafuwr,gfr,N,S,MS,root
maghfira,2:263:3,magofirapN,مَغْفِرَةٌ,m~agofirap,gfr,N,,,lemma+root
maghfira,2:268:8,m~agofirapF,مَّغْفِرَةً,m~agofirap,gfr,N,,,lemma+root
maghfira,2:284:18,yagofiru,يَغْفِرُ,gafara,gfr,V,S,3MS,root
maghfira,2:285:24,guforaAna,غُفْرَانَ,guforaAn,gfr,N,,,variant+root
maghfira,2:286:41,{gofiro,ٱغْفِرْ,gafara,gfr,V,S,2MS,root
maghfira,3:16:6,{gofiro,ٱغْفِرْ,gafara,gfr,V,S,2MS,root
maghfira,3:17:5,musotagofiriyna,مُسْتَغْفِرِينَ,musotagofiriyn,gfr,N,P,MP,root
maghfira,3:31:9,yagofiro,يَغْفِرْ,gafara,gfr,V,S,3MS,root
maghfira,3:31:13,gafuwrN,غَفُورٌ,gafuwr,gfr,N,S,MS,root
maghfira,3:89:10,gafuwrN,غَفُورٌ,gafuwr,gfr,N,S,MS,root
maghfira,3:129:8,yagofiru,يَغْفِرُ,gafara,gfr,V,S,3MS,root
maghfira,3:129:15,gafuwrN,غَفُورٌ,gafuwr,gfr,N,S,MS,root
maghfira,3:133:3,magofirapK,مَغْفِرَةٍ,m~agofirap,gfr,N,,,lemma+root
maghfira,3:135:10,{sotagofaru,ٱسْتَغْفَرُ,{sotagofara,gfr,V,P,3MP,root
maghfira,3:135:13,yagofiru,يَغْفِرُ,gafara,gfr,V,S,3MS,root
maghfira,3:136:3,m~agofirapN,مَّغْفِرَةٌ,m~agofirap,gfr,N,,,lemma+root
maghfira,3:147:8,{gofiro,ٱغْفِرْ,gafara,gfr,V,S,2MS,root
maghfira,3:155:20,gafuwrN,غَفُورٌ,gafuwr,gfr,N,S,MS,root
maghfira,3:157:8,magofirapN,مَغْفِرَةٌ,m~agofirap,gfr,N,,,lemma+root
maghfira,3:159:17,{sotagofiro,ٱسْتَغْفِرْ,{sotagofara,gfr,V,S,2MS,root
maghfira,3:193:12,{gofiro,ٱغْفِرْ,gafara,gfr,V,S,2MS,root
maghfira,4:23:53,gafuwrFA,غَفُورًا,gafuwr,gfr,N,S,MS,root
maghfira,4:25:57,gafuwrN,غَفُورٌ,gafuwr,gfr,N,S,MS,root
maghfira,4:43:48,gafuwrFA,غَفُورًا,gafuwr,gfr,ADJ,S,MS,root
maghfira,4:48:4,yagofiru,يَغْفِرُ,gafara,gfr,V,S,3MS,root
maghfira,4:48:8,yagofiru,يَغْفِرُ,gafara,gfr,V,S,3MS,root
maghfira,4:64:15,{sotagofaru,ٱسْتَغْفَرُ,{sotagofara,gfr,V,P,3MP,root
maghfira,4:64:17,{sotagofara,ٱسْتَغْفَرَ,{sotagofara,gfr,V,S,3MS,root
maghfira,4:96:3,magofirapF,مَغْفِرَةً,m~agofirap,gfr,N,,,lemma+root
maghfira,4:96:7,gafuwrFA,غَفُورًا,gafuwr,gfr,N,S,MS,root
maghfira,4:99:10,gafuwrFA,غَفُورًا,gafuwr,gfr,ADJ,S,MS,root
maghfira,4:100:30,gafuwrFA,غَفُورًا,gafuwr,gfr,N,S,MS,root
maghfira,4:106:1,{sotagofiri,ٱسْتَغْفِرِ,{sotagofara,gfr,V,S,2MS,root
maghfira,4:106:6,gafuwrFA,غَفُورًا,gafuwr,gfr,N,S,MS,root
maghfira,4:110:8,yasotagofiri,يَسْتَغْفِرِ,{sotagofara,gfr,V,S,3MS,root
maghfira,4:110:12,gafuwrFA,غَفُورًا,gafuwr,gfr,N,S,MS,root
maghfira,4:116:4,yagofiru,يَغْفِرُ,gafara,gfr,V,S,3MS,root
maghfira,4:116:8,yagofiru,يَغْفِرُ,gafara,gfr,V,S,3MS,root
maghfira,4:129:21,gafuwrFA,غَفُورًا,gafuwr,gfr,N,S,MS,root
maghfira,4:137:16,yagofira,يَغْفِرَ,gafara,gfr,V,S,3MS,root
maghfira,4:152:16,gafuwrFA,غَفُورًا,gafuwr,gfr,N,S,MS,root
maghfira,4:168:8,yagofira,يَغْفِرَ,gafara,gfr,V,S,3MS,root
maghfira,5:3:60,gafuwrN,غَفُورٌ,gafuwr,gfr,N,S,MS,root
maghfira,5:9:8,m~agofirapN,مَّغْفِرَةٌ,m~agofirap,gfr,N,,,lemma+root
maghfira,5:18:17,yagofiru,يَغْفِرُ,gafara,gfr,V,S,3MS,root
maghfira,5:34:12,gafuwrN,غَفُورٌ,gafuwr,gfr,N,S,MS,root
maghfira,5:39:13,gafuwrN,غَفُورٌ,gafuwr,gfr,N,S,MS,root
maghfira,5:40:12,yagofiru,يَغْفِرُ,gafara,gfr,V,S,3MS,root
maghfira,5:74:5,yasotagofiru,يَسْتَغْفِرُ,{sotagofara,gfr,V,P,3MP,root
maghfira,5:74:7,gafuwrN,غَفُورٌ,gafuwr,gfr,N,S,MS,root
maghfira,5:98:8,gafuwrN,غَفُورٌ,gafuwr,gfr,N,S,MS,root
maghfira,5:101:24,gafuwrN,غَفُورٌ,gafuwr,gfr,N,S,MS,root
maghfira,5:118:6,tagofiro,تَغْفِرْ,gafara,gfr,V,S,2MS,root
maghfira,6:54:26,gafuwrN,غَفُورٌ,gafuwr,gfr,N,S,MS,root
maghfira,6:145:38,gafuwrN,غَفُورٌ,gafuwr,gfr,N,S,MS,root
maghfira,6:165:20,gafuwrN,غَفُورٌ,gafuwr,gfr,N,S,MS,root
maghfira,7:23:7,tagofiro,تَغْفِرْ,gafara,gfr,V,S,2MS,root
maghfira,7:149:14,yagofiro,يَغْفِرْ,gafara,gfr,V,S,3MS,root
maghfira,7:151:3,{gofiro,ٱغْفِرْ,gafara,gfr,V,S,2MS,root
maghfira,7:153:13,gafuwrN,غَفُورٌ,gafuwr,gfr,N,S,MS,root
maghfira,7:155:36,{gofiro,ٱغْفِرْ,gafara,gfr,V,S,2MS,root
maghfira,7:155:41,ga`firiyna,غَٰفِرِينَ,gaAfir,gfr,N,P,MP,root
maghfira,7:161:16,n~agofiro,نَّغْفِرْ,gafara,gfr,V,P,1P,root
maghfira,7:167:18,gafuwrN,غَفُورٌ,gafuwr,gfr,N,S,MS,root
maghfira,7:169:12,yugofaru,يُغْفَرُ,gafara,gfr,V,S,3MS,root
maghfira,8:4:9,magofirapN,مَغْفِرَةٌ,m~agofirap,gfr,N,,,lemma+root
maghfira,8:29:13,yagofiro,يَغْفِرْ,gafara,gfr,V,S,3MS,root
maghfira,8:33:12,yasotagofiru,يَسْتَغْفِرُ,{sotagofara,gfr,V,P,3MP,root
maghfira,8:38:6,yugofaro,يُغْفَرْ,gafara,gfr,V,S,3MS,root
maghfira,8:69:10,gafuwrN,غَفُورٌ,gafuwr,gfr,N,S,MS,root
maghfira,8:70:20,yagofiro,يَغْفِرْ,gafara,gfr,V,S,3MS,root
maghfira,8:70:23,gafuwrN,غَفُورٌ,gafuwr,gfr,N,S,MS,root
maghfira,8:74:16,m~agofirapN,مَّغْفِرَةٌ,m~agofirap,gfr,N,,,lemma+root
maghfira,9:5:25,gafuwrN,غَفُورٌ,gafuwr,gfr,ADJ,S,MS,root
maghfira,9:27:11,gafuwrN,غَفُورٌ,gafuwr,gfr,ADJ,S,MS,root
maghfira,9:80:1,{sotagofiro,ٱسْتَغْفِرْ,{sotagofara,gfr,V,S,2MS,root
maghfira,9:80:5,tasotagofiro,تَسْتَغْفِرْ,{sotagofara,gfr,V,S,2MS,root
maghfira,9:80:8,tasotagofiro,تَسْتَغْفِرْ,{sotagofara,gfr,V,S,2MS,root
maghfira,9:80:13,yagofira,يَغْفِرَ,gafara,gfr,V,S,3MS,root
maghfira,9:91:25,gafuwrN,غَفُورٌ,gafuwr,gfr,ADJ,S,MS,root
maghfira,9:99:26,gafuwrN,غَفُورٌ,gafuwr,gfr,ADJ,S,MS,root
maghfira,9:102:16,gafuwrN,غَفُورٌ,gafuwr,gfr,ADJ,S,MS,root
maghfira,9:113:7,yasotagofiru,يَسْتَغْفِرُ,{sotagofara,gfr,V,P,3MP,root
maghfira,9:114:3,{sotigofaAru,ٱسْتِغْفَارُ,{sotigofaAr,gfr,N,,,root
maghfira,10:107:23,gafuwru,غَفُورُ,gafuwr,gfr,N,S,MS,root
maghfira,11:3:2,{sotagofiru,ٱسْتَغْفِرُ,{sotagofara,gfr,V,P,2MP,root
maghfira,11:11:8,m~agofirapN,مَّغْفِرَةٌ,m~agofirap,gfr,N,,,lemma+root
maghfira,11:41:10,gafuwrN,غَفُورٌ,gafuwr,gfr,N,S,MS,root
maghfira,11:47:14,tagofiro,تَغْفِرْ,gafara,gfr,V,S,2MS,root
maghfira,11:52:2,{sotagofiru,ٱسْتَغْفِرُ,{sotagofara,gfr,V,P,2MP,root
maghfira,11:61:20,{sotagofiru,ٱسْتَغْفِرُ,{sotagofara,gfr,V,P,2MP,root
maghfira,11:90:1,{sotagofiru,ٱسْتَغْفِرُ,{sotagofara,gfr,V,P,2MP,root
maghfira,12:29:5,{sotagofiri,ٱسْتَغْفِرِ,{sotagofara,gfr,V,S,2FS,root
maghfira,12:53:14,gafuwrN,غَفُورٌ,gafuwr,gfr,ADJ,S,MS,root
maghfira,12:92:6,yagofiru,يَغْفِرُ,gafara,gfr,V,S,3MS,root
maghfira,12:97:3,{sotagofiro,ٱسْتَغْفِرْ,{sotagofara,gfr,V,S,2MS,root
maghfira,12:98:3,>asotagofiru,أَسْتَغْفِرُ,{sotagofara,gfr,V,S,1S,root
maghfira,12:98:8,gafuwru,غَفُورُ,gafuwr,gfr,N,S,MS,root
maghfira,13:6:13,magofirapK,مَغْفِرَةٍ,m~agofirap,gfr,N,,,lemma+root
maghfira,14:10:10,yagofira,يَغْفِرَ,gafara,gfr,V,S,3MS,root
maghfira,14:36:14,gafuwrN,غَفُورٌ,gafuwr,gfr,N,S,MS,root
maghfira,14:41:2,{gofiro,ٱغْفِرْ,gafara,gfr,V,S,2MS,root
maghfira,15:49:5,gafuwru,غَفُورُ,gafuwr,gfr,N,S,MS,root
maghfira,16:18:9,gafuwrN,غَفُورٌ,gafuwr,gfr,N,S,MS,root
maghfira,16:110:17,gafuwrN,غَفُورٌ,gafuwr,gfr,N,S,MS,root
maghfira,16:115:21,gafuwrN,غَفُورٌ,gafuwr,gfr,ADJ,S,MS,root
maghfira,16:119:18,gafuwrN,غَفُورٌ,gafuwr,gfr,N,S,MS,root
maghfira,17:25:12,gafuwrFA,غَفُورًا,gafuwr,gfr,N,S,MS,root
maghfira,17:44:21,gafuwrFA,غَفُورًا,gafuwr,gfr,ADJ,S,MS,root
maghfira,18:55:9,yasotagofiru,يَسْتَغْفِرُ,{sotagofara,gfr,V,P,3MP,root
maghfira,18:58:2,gafuwru,غَفُورُ,gafuwr,gfr,ADJ,S,MS,root
maghfira,19:47:4,>asotagofiru,أَسْتَغْفِرُ,{sotagofara,gfr,V,S,1S,root
maghfira,20:73:4,yagofira,يَغْفِرَ,gafara,gfr,V,S,3MS,root
maghfira,20:82:2,gaf~aArN,غَفَّارٌ,gaf~aAr,gfr,N,S,MS,root
maghfira,22:50:6,m~agofirapN,مَّغْفِرَةٌ,m~agofirap,gfr,N,,,lemma+root
maghfira,22:60:16,gafuwrN,غَفُورٌ,gafuwr,gfr,ADJ,S,MS,root
maghfira,23:109:9,{gofiro,ٱغْفِرْ,gafara,gfr,V,S,2MS,root
maghfira,23:118:3,{gofiro,ٱغْفِرْ,gafara,gfr,V,S,2MS,root
maghfira,24:5:10,gafuwrN,غَفُورٌ,gafuwr,gfr,N,S,MS,root
maghfira,24:22:21,yagofira,يَغْفِرَ,gafara,gfr,V,S,3MS,root
maghfira,24:22:25,gafuwrN,غَفُورٌ,gafuwr,gfr,N,S,MS,root
maghfira,24:26:14,m~agofirapN,مَّغْفِرَةٌ,m~agofirap,gfr,N,,,lemma+root
maghfira,24:33:47,gafuwrN,غَفُورٌ,gafuwr,gfr,ADJ,S,MS,root
maghfira,24:62:33,{sotagofiro,ٱسْتَغْفِرْ,{sotagofara,gfr,V,S,2MS,root
maghfira,24:62:38,gafuwrN,غَفُورٌ,gafuwr,gfr,ADJ,S,MS,root
maghfira,25:6:11,gafuwrFA,غَفُورًا,gafuwr,gfr,N,S,MS,root
maghfira,25:70:15,gafuwrFA,غَفُورًا,gafuwr,gfr,ADJ,S,MS,root
maghfira,26:51:4,yagofira,يَغْفِرَ,gafara,gfr,V,S,3MS,root
maghfira,26:82:4,yagofira,يَغْفِرَ,gafara,gfr,V,S,3MS,root
maghfira,26:86:1,{gofiro,ٱغْفِرْ,gafara,gfr,V,S,2MS,root
maghfira,27:11:10,gafuwrN,غَفُورٌ,gafuwr,gfr,N,S,MS,root
maghfira,27:46:9,tasotagofiru,تَسْتَغْفِرُ,{sotagofara,gfr,V,P,2MP,root
maghfira,28:16:6,{gofiro,ٱغْفِرْ,gafara,gfr,V,S,2MS,root
maghfira,28:16:8,gafara,غَفَرَ,gafara,gfr,V,S,3MS,root
maghfira,28:16:12,gafuwru,غَفُورُ,gafuwr,gfr,N,S,MS,root
maghfira,33:5:27,gafuwrFA,غَفُورًا,gafuwr,gfr,ADJ,S,MS,root
maghfira,33:24:15,gafuwrFA,غَفُورًا,gafuwr,gfr,N,S,MS,root
maghfira,33:35:28,m~agofirapF,مَّغْفِرَةً,m~agofirap,gfr,N,,,lemma+root
maghfira,33:50:60,gafuwrFA,غَفُورًا,gafuwr,gfr,ADJ,S,MS,root
maghfira,33:59:20,gafuwrFA,غَفُورًا,gafuwr,gfr,N,S,MS,root
maghfira,33:71:4,yagofiro,يَغْفِرْ,gafara,gfr,V,S,3MS,root
maghfira,33:73:14,gafuwrFA,غَفُورًا,gafuwr,gfr,N,S,MS,root
maghfira,34:2:18,gafuwru,غَفُورُ,gafuwr,gfr,ADJ,S,MS,root
maghfira,34:4:8,m~agofirapN,مَّغْفِرَةٌ,m~agofirap,gfr,N,,,lemma+root
maghfira,34:15:20,gafuwrN,غَفُورٌ,gafuwr,gfr,ADJ,S,MS,root
maghfira,35:7:11,m~agofirapN,مَّغْفِرَةٌ,m~agofirap,gfr,N,,,lemma+root
maghfira,35:28:17,gafuwrN,غَفُورٌ,gafuwr,gfr,ADJ,S,MS,root
maghfira,35:30:7,gafuwrN,غَفُورٌ,gafuwr,gfr,N,S,MS,root
maghfira,35:34:10,gafuwrN,غَفُورٌ,gafuwr,gfr,N,S,MS,root
maghfira,35:41:19,gafuwrFA,غَفُورًا,gafuwr,gfr,ADJ,S,MS,root
maghfira,36:11:10,magofirapK,مَغْفِرَةٍ,m~agofirap,gfr,N,,,lemma+root
maghfira,36:27:2,gafara,غَفَرَ,gafara,gfr,V,S,3MS,root
maghfira,38:24:28,{sotagofara,ٱسْتَغْفَرَ,{sotagofara,gfr,V,S,3MS,root
maghfira,38:25:1,gafaro,غَفَرْ,gafara,gfr,V,P,1P,root
maghfira,38:35:3,{gofiro,ٱغْفِرْ,gafara,gfr,V,S,2MS,root
maghfira,38:66:7,gaf~a`ru,غَفَّٰرُ,gaf~aAr,gfr,ADJ,S,MS,root
maghfira,39:5:23,gaf~a`ru,غَفَّٰرُ,gaf~aAr,gfr,ADJ,S,MS,root
maghfira,39:53:14,yagofiru,يَغْفِرُ,gafara,gfr,V,S,3MS,root
maghfira,39:53:19,gafuwru,غَفُورُ,gafuwr,gfr,N,S,MS,root
maghfira,40:3:1,gaAfiri,غَافِرِ,gaAfir,gfr,N,,,root
maghfira,40:7:11,yasotagofiru,يَسْتَغْفِرُ,{sotagofara,gfr,V,P,3MP,root
maghfira,40:7:20,{gofiro,ٱغْفِرْ,gafara,gfr,V,S,2MS,root
maghfira,40:42:15,gaf~a`ri,غَفَّٰرِ,gaf~aAr,gfr,ADJ,S,MS,root
maghfira,40:55:6,{sotagofiro,ٱسْتَغْفِرْ,{sotagofara,gfr,V,S,2MS,root
maghfira,41:6:14,{sotagofiru,ٱسْتَغْفِرُ,{sotagofara,gfr,V,P,2MP,root
maghfira,41:32:3,gafuwrK,غَفُورٍ,gafuwr,gfr,N,S,MS,root
maghfira,41:43:14,magofirapK,مَغْفِرَةٍ,m~agofirap,gfr,N,,,lemma+root
maghfira,42:5:10,yasotagofiru,يَسْتَغْفِرُ,{sotagofara,gfr,V,P,3MP,root
maghfira,42:5:18,gafuwru,غَفُورُ,gafuwr,gfr,N,S,MS,root
maghfira,42:23:28,gafuwrN,غَفُورٌ,gafuwr,gfr,ADJ,S,MS,root
maghfira,42:37:10,yagofiru,يَغْفِرُ,gafara,gfr,V,P,3MP,root
maghfira,42:43:3,gafara,غَفَرَ,gafara,gfr,V,S,3MS,root
maghfira,45:14:4,yagofiru,يَغْفِرُ,gafara,gfr,V,P,3MP,root
maghfira,46:8:24,gafuwru,غَفُورُ,gafuwr,gfr,N,S,MS,root
maghfira,46:31:7,yagofiro,يَغْفِرْ,gafara,gfr,V,S,3MS,root
maghfira,47:15:32,magofirapN,مَغْفِرَةٌ,m~agofirap,gfr,N,,,lemma+root
maghfira,47:19:7,{sotagofiro,ٱسْتَغْفِرْ,{sotagofara,gfr,V,S,2MS,root
maghfira,47:34:13,yagofira,يَغْفِرَ,gafara,gfr,V,S,3MS,root
maghfira,48:2:1,yagofira,يَغْفِرَ,gafara,gfr,V,S,3MS,root
maghfira,48:11:9,{sotagofiro,ٱسْتَغْفِرْ,{sotagofara,gfr,V,S,2MS,root
maghfira,48:14:5,yagofiru,يَغْفِرُ,gafara,gfr,V,S,3MS,root
maghfira,48:14:13,gafuwrFA,غَفُورًا,gafuwr,gfr,ADJ,S,MS,root
maghfira,48:29:52,m~agofirapF,مَّغْفِرَةً,m~agofirap,gfr,N,,,lemma+root
maghfira,49:3:15,m~agofirapN,مَّغْفِرَةٌ,m~agofirap,gfr,N,,,lemma+root
maghfira,49:5:11,gafuwrN,غَفُورٌ,gafuwr,gfr,ADJ,S,MS,root
maghfira,49:14:26,gafuwrN,غَفُورٌ,gafuwr,gfr,ADJ,S,MS,root
maghfira,51:18:3,yasotagofiru,يَسْتَغْفِرُ,{sotagofara,gfr,V,P,3MP,root
maghfira,53:32:11,magofirapi,مَغْفِرَةِ,m~agofirap,gfr,N,,,lemma+root
maghfira,57:20:30,magofirapN,مَغْفِرَةٌ,m~agofirap,gfr,N,,,lemma+root
maghfira,57:21:3,magofirapK,مَغْفِرَةٍ,m~agofirap,gfr,N,,,lemma+root
maghfira,57:28:17,yagofiro,يَغْفِرْ,gafara,gfr,V,S,3MS,root
maghfira,57:28:20,gafuwrN,غَفُورٌ,gafuwr,gfr,ADJ,S,MS,root
maghfira,58:2:23,gafuwrN,غَفُورٌ,gafuwr,gfr,ADJ,S,MS,root
maghfira,58:12:21,gafuwrN,غَفُورٌ,gafuwr,gfr,ADJ,S,MS,root
maghfira,59:10:7,{gofiro,ٱغْفِرْ,gafara,gfr,V,S,2MS,root
maghfira,60:4:37,>asotagofira,أَسْتَغْفِرَ,{sotagofara,gfr,V,S,1S,root
maghfira,60:5:7,{gofiro,ٱغْفِرْ,gafara,gfr,V,S,2MS,root
maghfira,60:7:14,gafuwrN,غَفُورٌ,gafuwr,gfr,N,S,MS,root
maghfira,60:12:32,{sotagofiro,ٱسْتَغْفِرْ,{sotagofara,gfr,V,S,2MS,root
maghfira,60:12:37,gafuwrN,غَفُورٌ,gafuwr,gfr,N,S,MS,root
maghfira,61:12:1,yagofiro,يَغْفِرْ,gafara,gfr,V,S,3MS,root
maghfira,63:5:5,yasotagofiro,يَسْتَغْفِرْ,{sotagofara,gfr,V,S,3MS,root
maghfira,63:6:3,sotagofaro,سْتَغْفَرْ,{sotagofara,gfr,V,S,2MS,root
maghfira,63:6:7,tasotagofiro,تَسْتَغْفِرْ,{sotagofara,gfr,V,S,2MS,root
maghfira,63:6:10,yagofira,يَغْفِرَ,gafara,gfr,V,S,3MS,root
maghfira,64:14:14,tagofiru,تَغْفِرُ,gafara,gfr,V,P,2MP,root
maghfira,64:14:17,gafuwrN,غَفُورٌ,gafuwr,gfr,N,S,MS,root
maghfira,64:17:8,yagofiro,يَغْفِرْ,gafara,gfr,V,S,3MS,root
maghfira,66:1:13,gafuwrN,غَفُورٌ,gafuwr,gfr,N,S,MS,root
maghfira,66:8:39,{gofiro,ٱغْفِرْ,gafara,gfr,V,S,2MS,root
maghfira,67:2:11,gafuwru,غَفُورُ,gafuwr,gfr,ADJ,S,MS,root
maghfira,67:12:7,m~agofirapN,مَّغْفِرَةٌ,m~agofirap,gfr,N,,,lemma+root
maghfira,71:4:1,yagofiro,يَغْفِرْ,gafara,gfr,V,S,3MS,root
maghfira,71:7:4,tagofira,تَغْفِرَ,gafara,gfr,V,S,2MS,root
maghfira,71:10:2,{sotagofiru,ٱسْتَغْفِرُ,{sotagofara,gfr,V,P,2MP,root
maghfira,71:10:6,gaf~aArFA,غَفَّارًا,gaf~aAr,gfr,N,S,MS,root
maghfira,71:28:2,{gofiro,ٱغْفِرْ,gafara,gfr,V,S,2MS,root
maghfira,73:20:73,{sotagofiru,ٱسْتَغْفِرُ,{sotagofara,gfr,V,P,2MP,root
maghfira,73:20:77,gafuwrN,غَفُورٌ,gafuwr,gfr,N,S,MS,root
maghfira,74:56:11,magofirapi,مَغْفِرَةِ,m~agofirap,gfr,N,,,lemma+root
maghfira,85:14:2,gafuwru,غَفُورُ,gafuwr,gfr,N,S,MS,root
maghfira,110:3:4,{sotagofiro,ٱسْتَغْفِرْ,{sotagofara,gfr,V,S,2MS,root
salihat,2:11:11,muSoliHuwna,مُصْلِحُونَ,muSoliH,SlH,N,P,MP,root
salihat,2:25:5,S~a`liHa`ti,صَّٰلِحَٰتِ,S~a`liHa`t,SlH,N,P,FP,lemma+root
salihat,2:62:14,Sa`liHFA,صَٰلِحًا,Sa`liH,SlH,N,,,root
salihat,2:82:4,S~a`liHa`ti,صَّٰلِحَٰتِ,S~a`liHa`t,SlH,N,P,FP,lemma+root
salihat,2:130:18,S~a`liHiyna,صَّٰلِحِينَ,Sa`liH,SlH,N,P,MP,root
salihat,2:160:4,>aSolaHu,أَصْلَحُ,>aSolaHa,SlH,V,P,3MP,root
salihat,2:182:8,>aSolaHa,أَصْلَحَ,>aSolaHa,SlH,V,S,3MS,root
salihat,2:220:8,<iSolaAHN,إِصْلَاحٌ,<iSola`H,SlH,N,,,root
salihat,2:220:18,muSoliHi,مُصْلِحِ,muSoliH,SlH,N,,,root
salihat,2:224:9,tuSoliHu,تُصْلِحُ,>aSolaHa,SlH,V,P,2MP,root
salihat,2:228:29,<iSola`HFA,إِصْلَٰحًا,<iSola`H,SlH,N,,,root
salihat,2:277:5,S~a`liHa`ti,صَّٰلِحَٰتِ,S~a`liHa`t,SlH,N,P,FP,lemma+root
salihat,3:39:20,S~a`liHiyna,صَّٰلِحِينَ,Sa`liH,SlH,N,P,MP,root
salihat,3:46:7,S~a`liHiyna,صَّٰلِحِينَ,Sa`liH,SlH,N,P,MP,root
salihat,3:57:5,S~a`liHa`ti,صَّٰلِحَٰتِ,S~a`liHa`t,SlH,N,P,FP,lemma+root
salihat,3:89:7,>aSolaHu,أَصْلَحُ,>aSolaHa,SlH,V,P,3MP,root
salihat,3:114:15,S~a`liHiyna,صَّٰلِحِينَ,Sa`liH,SlH,N,P,MP,root
salihat,4:16:7,>aSolaHa,أَصْلَحَ,>aSolaHa,SlH,V,D,3MD,root
salihat,4:34:15,S~a`liHa`tu,صَّٰلِحَٰتُ,S~a`liHa`t,SlH,N,P,FP,lemma+root
salihat,4:35:14,<iSola`HFA,إِصْلَٰحًا,<iSola`H,SlH,N,,,root
salihat,4:57:4,S~a`liHa`ti,صَّٰلِحَٰتِ,S~a`liHa`t,SlH,N,P,FP,lemma+root
salihat,4:69:15,S~a`liHiyna,صَّٰلِحِينَ,Sa`liH,SlH,N,P,MP,root
salihat,4:114:14,<iSola`HK],إِصْلَٰحٍۭ,<iSola`H,SlH,N,,,root
salihat,4:122:4,S~a`liHa`ti,صَّٰلِحَٰتِ,S~a`liHa`t,SlH,N,P,FP,lemma+root
salihat,4:124:4,S~a`liHa`ti,صَّٰلِحَٰتِ,S~a`liHa`t,SlH,N,P,FP,lemma+root
salihat,4:128:13,yuSoliHa,يُصْلِحَ,>aSolaHa,SlH,V,D,3MD,root
salihat,4:128:15,SuloHFA,صُلْحًا,SuloH,SlH,N,,,root
salihat,4:128:16,S~uloHu,صُّلْحُ,SuloH,SlH,N,,,root
salihat,4:129:16,tuSoliHu,تُصْلِحُ,>aSolaHa,SlH,V,P,2MP,root
salihat,4:146:4,>aSolaHu,أَصْلَحُ,>aSolaHa,SlH,V,P,3MP,root
salihat,4:173:5,S~a`liHa`ti,صَّٰلِحَٰتِ,S~a`liHa`t,SlH,N,P,FP,lemma+root
salihat,5:9:6,S~a`liHa`ti,صَّٰلِحَٰتِ,S~a`liHa`t,SlH,N,P,FP,lemma+root
salihat,5:39:6,>aSolaHa,أَصْلَحَ,>aSolaHa,SlH,V,S,3MS,root
salihat,5:69:14,Sa`liHFA,صَٰلِحًا,Sa`liH,SlH,N,,,root
salihat,5:84:16,S~a`liHiyna,صَّٰلِحِينَ,Sa`liH,SlH,ADJ,P,MP,root
salihat,5:93:6,S~a`liHa`ti,صَّٰلِحَٰتِ,S~a`liHa`t,SlH,N,P,FP,lemma+root
salihat,5:93:15,S~a`liHa`ti,صَّٰلِحَٰتِ,S~a`liHa`t,SlH,N,P,FP,lemma+root
salihat,6:48:9,>aSolaHa,أَصْلَحَ,>aSolaHa,SlH,V,S,3MS,root
salihat,6:54:24,>aSolaHa,أَصْلَحَ,>aSolaHa,SlH,V,S,3MS,root
salihat,6:85:7,S~a`liHiyna,صَّٰلِحِينَ,Sa`liH,SlH,N,P,MP,root
salihat,7:35:12,>aSolaHa,أَصْلَحَ,>aSolaHa,SlH,V,S,3MS,root
salihat,7:42:4,S~a`liHa`ti,صَّٰلِحَٰتِ,S~a`liHa`t,SlH,N,P,FP,lemma+root
salihat,7:56:6,<iSola`Hi,إِصْلَٰحِ,<iSola`H,SlH,N,,,root
salihat,7:73:4,Sa`liHFA,صَٰلِحًا,Sa`liH2,SlH,PN,,,root
salihat,7:75:14,Sa`liHFA,صَٰلِحًا,Sa`liH2,SlH,PN,,,root
salihat,7:77:8,Sa`liHu,صَٰلِحُ,Sa`liH2,SlH,PN,,,root
salihat,7:85:31,<iSola`Hi,إِصْلَٰحِ,<iSola`H,SlH,N,,,root
salihat,7:142:19,>aSoliHo,أَصْلِحْ,>aSolaHa,SlH,V,S,2MS,root
salihat,7:168:6,S~a`liHuwna,صَّٰلِحُونَ,Sa`liH,SlH,N,P,MP,root
salihat,7:170:10,muSoliHiyna,مُصْلِحِينَ,muSoliH,SlH,N,P,MP,root
salihat,7:189:26,Sa`liHFA,صَٰلِحًا,Sa`liH,SlH,N,,,root
salihat,7:190:3,Sa`liHFA,صَٰلِحًا,Sa`liH,SlH,N,,,root
salihat,7:196:9,S~a`liHiyna,صَّٰلِحِينَ,Sa`liH,SlH,N,P,MP,root
salihat,8:1:10,>aSoliHu,أَصْلِحُ,>aSolaHa,SlH,V,P,2MP,root
salihat,9:75:12,S~a`liHiyna,صَّٰلِحِينَ,Sa`liH,SlH,N,P,MP,root
salihat,9:102:6,Sa`liHFA,صَٰلِحًا,Sa`liH,SlH,N,,,root
salihat,9:120:46,Sa`liHN,صَٰلِحٌ,Sa`liH,SlH,ADJ,,,root
salihat,10:4:16,S~a`liHa`ti,صَّٰلِحَٰتِ,S~a`liHa`t,SlH,N,P,FP,lemma+root
salihat,10:9:5,S~a`liHa`ti,صَّٰلِحَٰتِ,S~a`liHa`t,SlH,N,P,FP,lemma+root
salihat,10:81:15,yuSoliHu,يُصْلِحُ,>aSolaHa,SlH,V,S,3MS,root
salihat,11:11:5,S~a`liHa`ti,صَّٰلِحَٰتِ,S~a`liHa`t,SlH,N,P,FP,lemma+root
salihat,11:23:5,S~a`liHa`ti,صَّٰلِحَٰتِ,S~a`liHa`t,SlH,N,P,FP,lemma+root
salihat,11:46:10,Sa`liHK,صَٰلِحٍ,Sa`liH,SlH,N,,,root
salihat,11:61:4,Sa`liHFA,صَٰلِحًا,Sa`liH2,SlH,PN,,,root
salihat,11:62:2,Sa`liHu,صَٰلِحُ,Sa`liH2,SlH,PN,,,root
salihat,11:66:5,Sa`liHFA,صَٰلِحًا,Sa`liH2,SlH,PN,,,root
salihat,11:88:25,<iSola`Ha,إِصْلَٰحَ,<iSola`H,SlH,N,,,root
salihat,11:89:17,Sa`liHK,صَٰلِحٍ,Sa`liH2,SlH,PN,,,root
salihat,11:117:8,muSoliHuwna,مُصْلِحُونَ,muSoliH,SlH,N,P,MP,root
salihat,12:9:14,Sa`liHiyna,صَٰلِحِينَ,Sa`liH,SlH,ADJ,P,MP,root
salihat,12:101:21,S~a`liHiyna,صَّٰلِحِينَ,Sa`liH,SlH,N,P,MP,root
salihat,13:23:5,SalaHa,صَلَحَ,SalaHa,SlH,V,S,3MS,root
salihat,13:29:4,S~a`liHa`ti,صَّٰلِحَٰتِ,S~a`liHa`t,SlH,N,P,FP,lemma+root
salihat,14:23:5,S~a`liHa`ti,صَّٰلِحَٰتِ,S~a`liHa`t,SlH,N,P,FP,lemma+root
salihat,16:97:3,Sa`liHFA,صَٰلِحًا,Sa`liH,SlH,N,,,root
salihat,16:119:13,>aSolaHu,أَصْلَحُ,>aSolaHa,SlH,V,P,3MP,root
salihat,16:122:9,S~a`liHiyna,صَّٰلِحِينَ,Sa`liH,SlH,N,P,MP,root
salihat,17:9:12,S~a`liHa`ti,صَّٰلِحَٰتِ,S~a`liHa`t,SlH,N,P,FP,lemma+root
salihat,17:25:8,Sa`liHiyna,صَٰلِحِينَ,Sa`liH,SlH,N,P,MP,root
salihat,18:2:11,S~a`liHa`ti,صَّٰلِحَٰتِ,S~a`liHa`t,SlH,N,P,FP,lemma+root
salihat,18:30:5,S~a`liHa`ti,صَّٰلِحَٰتِ,S~a`liHa`t,SlH,N,P,FP,lemma+root
salihat,18:46:7,S~a`liHa`tu,صَّٰلِحَٰتُ,S~a`liHa`t,SlH,N,P,FP,lemma+root
salihat,18:82:14,Sa`liHFA,صَٰلِحًا,Sa`liH,SlH,N,,,root
salihat,18:88:5,Sa`liHFA,صَٰلِحًا,Sa`liH,SlH,N,,,root
salihat,18:107:5,S~a`liHa`ti,صَّٰلِحَٰتِ,S~a`liHa`t,SlH,N,P,FP,lemma+root
salihat,18:110:19,Sa`liHFA,صَٰلِحًا,Sa`liH,SlH,N,,,root
salihat,19:60:6,Sa`liHFA,صَٰلِحًا,Sa`liH,SlH,N,,,root
salihat,19:76:7,S~a`liHa`tu,صَّٰلِحَٰتُ,S~a`liHa`t,SlH,N,P,FP,lemma+root
salihat,19:96:5,S~a`liHa`ti,صَّٰلِحَٰتِ,S~a`liHa`t,SlH,N,P,FP,lemma+root
salihat,20:75:6,S~a`liHa`ti,صَّٰلِحَٰتِ,S~a`liHa`t,SlH,N,P,FP,lemma+root
salihat,20:82:7,Sa`liHFA,صَٰلِحًا,Sa`liH,SlH,N,,,root
salihat,20:112:4,S~a`liHa`ti,صَّٰلِحَٰتِ,S~a`liHa`t,SlH,N,P,FP,lemma+root
salihat,21:72:8,Sa`liHiyna,صَٰلِحِينَ,Sa`liH,SlH,N,P,MP,root
salihat,21:75:6,S~a`liHiyna,صَّٰلِحِينَ,Sa`liH,SlH,N,P,MP,root
salihat,21:86:6,S~a`liHiyna,صَّٰلِحِينَ,Sa`liH,SlH,N,P,MP,root
salihat,21:90:6,>aSolaHo,أَصْلَحْ,>aSolaHa,SlH,V,P,1P,root
salihat,21:94:4,S~a`liHa`ti,صَّٰلِحَٰتِ,S~a`liHa`t,SlH,N,P,FP,lemma+root
salihat,21:105:12,S~a`liHuwna,صَّٰلِحُونَ,Sa`liH,SlH,N,P,MP,root
salihat,22:14:7,S~a`liHa`ti,صَّٰلِحَٰتِ,S~a`liHa`t,SlH,N,P,FP,lemma+root
salihat,22:23:7,S~a`liHa`ti,صَّٰلِحَٰتِ,S~a`liHa`t,SlH,N,P,FP,lemma+root
salihat,22:50:4,S~a`liHa`ti,صَّٰلِحَٰتِ,S~a`liHa`t,SlH,N,P,FP,lemma+root
salihat,22:56:9,S~a`liHa`ti,صَّٰلِحَٰتِ,S~a`liHa`t,SlH,N,P,FP,lemma+root
salihat,23:51:7,Sa`liHFA,صَٰلِحًا,Sa`liH,SlH,N,,,root
salihat,23:100:3,Sa`liHFA,صَٰلِحًا,Sa`liH,SlH,N,,,root
salihat,24:5:7,>aSolaHu,أَصْلَحُ,>aSolaHa,SlH,V,P,3MP,root
salihat,24:32:4,S~a`liHiyna,صَّٰلِحِينَ,Sa`liH,SlH,N,P,MP,root
salihat,24:55:7,S~a`liHa`ti,صَّٰلِحَٰتِ,S~a`liHa`t,SlH,N,P,FP,lemma+root
salihat,25:70:7,Sa`liHFA,صَٰلِحًا,Sa`liH,SlH,N,,,root
salihat,25:71:4,Sa`liHFA,صَٰلِحًا,Sa`liH,SlH,N,,,root
salihat,26:83:6,S~a`liHiyna,صَّٰلِحِينَ,Sa`liH,SlH,N,P,MP,root
salihat,26:142:5,Sa`liHN,صَٰلِحٌ,Sa`liH2,SlH,PN,,,root
salihat,26:152:6,yuSoliHu,يُصْلِحُ,>aSolaHa,SlH,V,P,3MP,root
salihat,26:227:5,S~a`liHa`ti,صَّٰلِحَٰتِ,S~a`liHa`t,SlH,N,P,FP,lemma+root
salihat,27:19:18,Sa`liHFA,صَٰلِحًا,Sa`liH,SlH,N,,,root
salihat,27:19:24,S~a`liHiyna,صَّٰلِحِينَ,Sa`liH,SlH,ADJ,P,MP,root
salihat,27:45:6,Sa`liHFA,صَٰلِحًا,Sa`liH2,SlH,PN,,,root
salihat,27:48:10,yuSoliHu,يُصْلِحُ,>aSolaHa,SlH,V,P,3MP,root
salihat,28:19:32,muSoliHiyna,مُصْلِحِينَ,muSoliH,SlH,N,P,MP,root
salihat,28:27:29,S~a`liHiyna,صَّٰلِحِينَ,Sa`liH,SlH,N,P,MP,root
salihat,28:67:6,Sa`liHFA,صَٰلِحًا,Sa`liH,SlH,N,,,root
salihat,28:80:12,Sa`liHFA,صَٰلِحًا,Sa`liH,SlH,N,,,root
salihat,29:7:4,S~a`liHa`ti,صَّٰلِحَٰتِ,S~a`liHa`t,SlH,N,P,FP,lemma+root
salihat,29:9:4,S~a`liHa`ti,صَّٰلِحَٰتِ,S~a`liHa`t,SlH,N,P,FP,lemma+root
salihat,29:9:7,S~a`liHiyna,صَّٰلِحِينَ,Sa`liH,SlH,N,P,MP,root
salihat,29:27:18,S~a`liHiyna,صَّٰلِحِينَ,Sa`liH,SlH,N,P,MP,root
salihat,29:58:4,S~a`liHa`ti,صَّٰلِحَٰتِ,S~a`liHa`t,SlH,N,P,FP,lemma+root
salihat,30:15:5,S~a`liHa`ti,صَّٰلِحَٰتِ,S~a`liHa`t,SlH,N,P,FP,lemma+root
salihat,30:44:7,Sa`liHFA,صَٰلِحًا,Sa`liH,SlH,N,,,root
salihat,30:45:5,S~a`liHa`ti,صَّٰلِحَٰتِ,S~a`liHa`t,SlH,N,P,FP,lemma+root
salihat,31:8:5,S~a`liHa`ti,صَّٰلِحَٰتِ,S~a`liHa`t,SlH,N,P,FP,lemma+root
salihat,32:12:14,Sa`liHFA,صَٰلِحًا,Sa`liH,SlH,N,,,root
salihat,32:19:5,S~a`liHa`ti,صَّٰلِحَٰتِ,S~a`liHa`t,SlH,N,P,FP,lemma+root
salihat,33:31:7,Sa`liHFA,صَٰلِحًا,Sa`liH,SlH,N,,,root
salihat,33:71:1,yuSoliHo,يُصْلِحْ,>aSolaHa,SlH,V,S,3MS,root
salihat,34:4:5,S~a`liHa`ti,صَّٰلِحَٰتِ,S~a`liHa`t,SlH,N,P,FP,lemma+root
salihat,34:11:8,Sa`liHFA,صَٰلِحًا,Sa`liH,SlH,N,,,root
salihat,34:37:13,Sa`liHFA,صَٰلِحًا,Sa`liH,SlH,N,,,root
salihat,35:7:9,S~a`liHa`ti,صَّٰلِحَٰتِ,S~a`liHa`t,SlH,N,P,FP,lemma+root
salihat,35:10:13,S~a`liHu,صَّٰلِحُ,Sa`liH,SlH,N,,,root
salihat,35:37:7,Sa`liHFA,صَٰلِحًا,Sa`liH,SlH,N,,,root
salihat,37:100:5,S~a`liHiyna,صَّٰلِحِينَ,Sa`liH,SlH,N,P,MP,root
salihat,37:112:5,S~a`liHiyna,صَّٰلِحِينَ,Sa`liH,SlH,N,P,MP,root
salihat,38:24:20,S~a`liHa`ti,صَّٰلِحَٰتِ,S~a`liHa`t,SlH,N,P,FP,lemma+root
salihat,38:28:6,S~a`liHa`ti,صَّٰلِحَٰتِ,S~a`liHa`t,SlH,N,P,FP,lemma+root
salihat,40:8:8,SalaHa,صَلَحَ,SalaHa,SlH,V,S,3MS,root
salihat,40:40:10,Sa`liHFA,صَٰلِحًا,Sa`liH,SlH,N,,,root
salihat,40:58:8,S~a`liHa`ti,صَّٰلِحَٰتِ,S~a`liHa`t,SlH,N,P,FP,lemma+root
salihat,41:8:5,S~a`liHa`ti,صَّٰلِحَٰتِ,S~a`liHa`t,SlH,N,P,FP,lemma+root
salihat,41:33:9,Sa`liHFA,صَٰلِحًا,Sa`liH,SlH,N,,,root
salihat,41:46:3,Sa`liHFA,صَٰلِحًا,Sa`liH,SlH,N,,,root
salihat,42:22:12,S~a`liHa`ti,صَّٰلِحَٰتِ,S~a`liHa`t,SlH,N,P,FP,lemma+root
salihat,42:23:9,S~a`liHa`ti,صَّٰلِحَٰتِ,S~a`liHa`t,SlH,N,P,FP,lemma+root
salihat,42:26:5,S~a`liHa`ti,صَّٰلِحَٰتِ,S~a`liHa`t,SlH,N,P,FP,lemma+root
salihat,42:40:7,>aSolaHa,أَصْلَحَ,>aSolaHa,SlH,V,S,3MS,root
salihat,45:15:3,Sa`liHFA,صَٰلِحًا,Sa`liH,SlH,N,,,root
salihat,45:21:11,S~a`liHa`ti,صَّٰلِحَٰتِ,S~a`liHa`t,SlH,N,P,FP,lemma+root
salihat,45:30:5,S~a`liHa`ti,صَّٰلِحَٰتِ,S~a`liHa`t,SlH,N,P,FP,lemma+root
salihat,46:15:34,Sa`liHFA,صَٰلِحًا,Sa`liH,SlH,N,,,root
salihat,46:15:36,>aSoliHo,أَصْلِحْ,>aSolaHa,SlH,V,S,2MS,root
salihat,47:2:4,S~a`liHa`ti,صَّٰلِحَٰتِ,S~a`liHa`t,SlH,N,P,FP,lemma+root
salihat,47:2:17,>aSolaHa,أَصْلَحَ,>aSolaHa,SlH,V,S,3MS,root
salihat,47:5:2,yuSoliHu,يُصْلِحُ,>aSolaHa,SlH,V,S,3MS,root
salihat,47:12:7,S~a`liHa`ti,صَّٰلِحَٰتِ,S~a`liHa`t,SlH,N,P,FP,lemma+root
salihat,48:29:50,S~a`liHa`ti,صَّٰلِحَٰتِ,S~a`liHa`t,SlH,N,P,FP,lemma+root
salihat,49:9:6,>aSoliHu,أَصْلِحُ,>aSolaHa,SlH,V,P,2MP,root
salihat,49:9:23,>aSoliHu,أَصْلِحُ,>aSolaHa,SlH,V,P,2MP,root
salihat,49:10:4,>aSoliHu,أَصْلِحُ,>aSolaHa,SlH,V,P,2MP,root
salihat,63:10:21,S~a`liHiyna,صَّٰلِحِينَ,Sa`liH,SlH,N,P,MP,root
salihat,64:9:12,Sa`liHFA,صَٰلِحًا,Sa`liH,SlH,N,,,root
salihat,65:11:11,S~a`liHa`ti,صَّٰلِحَٰتِ,S~a`liHa`t,SlH,N,P,FP,lemma+root
salihat,65:11:20,Sa`liHFA,صَٰلِحًا,Sa`liH,SlH,N,,,root
salihat,66:4:16,Sa`liHu,صَٰلِحُ,Sa`liH,SlH,N,P,MP,root
salihat,66:10:15,Sa`liHayoni,صَٰلِحَيْنِ,Sa`liH,SlH,ADJ,D,MD,root
salihat,68:50:5,S~a`liHiyna,صَّٰلِحِينَ,Sa`liH,SlH,N,P,MP,root
salihat,72:11:3,S~a`liHuwna,صَّٰلِحُونَ,Sa`liH,SlH,N,P,MP,root
salihat,84:25:5,S~a`liHa`ti,صَّٰلِحَٰتِ,S~a`liHa`t,SlH,N,P,FP,lemma+root
salihat,85:11:5,S~a`liHa`ti,صَّٰلِحَٰتِ,S~a`liHa`t,SlH,N,P,FP,lemma+root
salihat,95:6:5,S~a`liHa`ti,صَّٰلِحَٰتِ,S~a`liHa`t,SlH,N,P,FP,lemma+root
salihat,98:7:5,S~a`liHa`ti,صَّٰلِحَٰتِ,S~a`liHa`t,SlH,N,P,FP,lemma+root
salihat,103:3:5,S~a`liHa`ti,صَّٰلِحَٰتِ,S~a`liHa`t,SlH,N,P,FP,lemma+root
sayyiat,2:49:7,suw^'a,سُوٓءَ,suw^',swA,N,,,root
sayyiat,2:81:4,say~i}apF,سَيِّئَةً,say~i}ap,swA,N,,,root
sayyiat,2:169:3,s~uw^'i,سُّوٓءِ,suw^',swA,N,,,root
sayyiat,2:271:16,say~i_#aAti,سَيِّـَٔاتِ,say~i_#aAt,swA,N,P,FP,lemma+root
sayyiat,3:30:13,suw^'K,سُوٓءٍ,suw^',swA,N,,,root
sayyiat,3:120:4,tasu&o,تَسُؤْ,saA^'a,swA,V,S,3FS,root
sayyiat,3:120:7,say~i}apN,سَيِّئَةٌ,say~i}ap,swA,N,,,root
sayyiat,3:174:8,suw^'N,سُوٓءٌ,suw^',swA,N,,,root
sayyiat,3:193:17,say~i_#aAti,سَيِّـَٔاتِ,say~i_#aAt,swA,N,P,FP,lemma+root
sayyiat,3:195:29,say~i_#aAti,سَيِّـَٔاتِ,say~i_#aAt,swA,N,P,FP,lemma+root
sayyiat,4:17:7,s~uw^'a,سُّوٓءَ,suw^',swA,N,,,root
sayyiat,4:18:5,s~ay~i_#aAti,سَّيِّـَٔاتِ,say~i_#aAt,swA,N,P,FP,lemma+root
sayyiat,4:22:16,saA^'a,سَآءَ,saA^'a,swA,V,S,3MS,root
sayyiat,4:31:9,say~i_#aAti,سَيِّـَٔاتِ,say~i_#aAt,swA,N,P,FP,lemma+root
sayyiat,4:38:17,saA^'a,سَآءَ,saA^'a,swA,V,S,3MS,root
sayyiat,4:78:20,say~i}apN,سَيِّئَةٌ,say~i}ap,swA,N,,,root
sayyiat,4:79:10,say~i}apK,سَيِّئَةٍ,say~i}ap,swA,N,,,root
sayyiat,4:85:12,say~i}apF,سَيِّئَةً,say~i}ap,swA,ADJ,,,root
sayyiat,4:97:26,saA^'ato,سَآءَتْ,saA^'a,swA,V,S,3FS,root
sayyiat,4:110:3,suw^'FA,سُوٓءًا,suw^',swA,N,,,root
sayyiat,4:115:19,saA^'ato,سَآءَتْ,saA^'a,swA,V,S,3FS,root
sayyiat,4:123:9,suw^'FA,سُوٓءًا,suw^',swA,N,,,root
sayyiat,4:148:5,s~uw^'i,سُّوٓءِ,suw^',swA,N,,,root
sayyiat,4:149:9,suw^'K,سُوٓءٍ,suw^',swA,N,,,root
sayyiat,5:12:30,say~i_#aAti,سَيِّـَٔاتِ,say~i_#aAt,swA,N,P,FP,lemma+root
sayyiat,5:31:10,sawo'apa,سَوْءَةَ,sawo'ap,swA,N,,,root
sayyiat,5:31:21,sawo'apa,سَوْءَةَ,sawo'ap,swA,N,,,root
sayyiat,5:65:9,say~i_#aAti,سَيِّـَٔاتِ,say~i_#aAt,swA,N,P,FP,lemma+root
sayyiat,5:66:22,saA^'a,سَآءَ,saA^'a,swA,V,S,3MS,root
sayyiat,5:101:11,tasu&o,تَسُؤْ,saA^'a,swA,V,S,3FS,root
sayyiat,6:31:24,saA^'a,سَآءَ,saA^'a,swA,V,S,3MS,root
sayyiat,6:54:18,suw^'F[A,سُوٓءًۢا,suw^',swA,N,,,root
sayyiat,6:136:29,saA^'a,سَآءَ,saA^'a,swA,V,S,3MS,root
sayyiat,6:157:31,suw^'a,سُوٓءَ,suw^',swA,N,,,root
sayyiat,6:160:9,s~ay~i}api,سَّيِّئَةِ,say~i}ap,swA,N,,,root
sayyiat,7:20:10,sawo'a`ti,سَوْءَٰتِ,sawo'a`t,swA,N,P,FP,root
sayyiat,7:22:8,sawo'a`tu,سَوْءَٰتُ,sawo'a`t,swA,N,P,FP,root
sayyiat,7:26:8,sawo'a`ti,سَوْءَٰتِ,sawo'a`t,swA,N,P,FP,root
sayyiat,7:27:15,sawo'a`ti,سَوْءَٰتِ,sawo'a`t,swA,N,P,FP,root
sayyiat,7:73:31,suw^'K,سُوٓءٍ,suw^',swA,N,,,root
sayyiat,7:95:4,s~ay~i}api,سَّيِّئَةِ,say~i}ap,swA,N,,,root
sayyiat,7:131:9,say~i}apN,سَيِّئَةٌ,say~i}ap,swA,N,,,root
sayyiat,7:141:7,suw^'a,سُوٓءَ,suw^',swA,N,,,root
sayyiat,7:153:3,s~ay~i_#aAti,سَّيِّـَٔاتِ,say~i_#aAt,swA,N,P,FP,lemma+root
sayyiat,7:165:10,s~uw^'i,سُّوٓءِ,suw^',swA,N,,,root
sayyiat,7:167:11,suw^'a,سُوٓءَ,suw^',swA,N,,,root
sayyiat,7:168:12,s~ay~i_#aAti,سَّيِّـَٔاتِ,say~i_#aAt,swA,N,P,FP,lemma+root
sayyiat,7:177:1,saA^'a,سَآءَ,saA^'a,swA,V,S,3MS,root
sayyiat,7:188:21,s~uw^'u,سُّوٓءُ,suw^',swA,N,,,root
sayyiat,8:29:12,say~i_#aAti,سَيِّـَٔاتِ,say~i_#aAt,swA,N,P,FP,lemma+root
sayyiat,9:9:10,saA^'a,سَآءَ,saA^'a,swA,V,S,3MS,root
sayyiat,9:37:25,suw^'u,سُوٓءُ,suw^',swA,N,,,root
sayyiat,9:50:4,tasu&o,تَسُؤْ,saA^'a,swA,V,S,3FS,root
sayyiat,9:98:13,s~awo'i,سَّوْءِ,sawo',swA,N,,,root
sayyiat,9:102:8,say~i}FA,سَيِّئًا,say~i},swA,ADJ,S,MS,root
sayyiat,10:27:3,s~ay~i_#aAti,سَّيِّـَٔاتِ,say~i_#aAt,swA,N,P,FP,lemma+root
sayyiat,10:27:5,say~i}apK],سَيِّئَةٍۭ,say~i}ap,swA,N,,,root
sayyiat,11:10:9,s~ay~i_#aAtu,سَّيِّـَٔاتُ,say~i_#aAt,swA,N,P,FP,lemma+root
sayyiat,11:54:7,suw^'K,سُوٓءٍ,suw^',swA,N,,,root
sayyiat,11:64:14,suw^'K,سُوٓءٍ,suw^',swA,N,,,root
sayyiat,11:77:5,siY^'a,سِىٓءَ,saA^'a,swA,V,S,3MS,root
sayyiat,11:78:9,s~ay~i_#aAti,سَّيِّـَٔاتِ,say~i_#aAt,swA,N,P,FP,lemma+root
sayyiat,11:114:11,s~ay~i_#aAti,سَّيِّـَٔاتِ,say~i_#aAt,swA,N,P,FP,lemma+root
sayyiat,12:24:14,s~uw^'a,سُّوٓءَ,suw^',swA,N,,,root
sayyiat,12:25:17,suw^'FA,سُوٓءًا,suw^',swA,N,,,root
sayyiat,12:51:16,suw^'K,سُوٓءٍ,suw^',swA,N,,,root
sayyiat,12:53:7,s~uw^'i,سُّوٓءِ,suw^',swA,N,,,root
sayyiat,13:6:2,s~ay~i}api,سَّيِّئَةِ,say~i}ap,swA,N,,,root
sayyiat,13:11:26,suw^'FA,سُوٓءًا,suw^',swA,N,,,root
sayyiat,13:18:22,suw^'u,سُوٓءُ,suw^',swA,N,,,root
sayyiat,13:21:12,suw^'a,سُوٓءَ,suw^',swA,N,,,root
sayyiat,13:22:15,s~ay~i}apa,سَّيِّئَةَ,say~i}ap,swA,N,,,root
sayyiat,13:25:22,suw^'u,سُوٓءُ,suw^',swA,N,,,root
sayyiat,14:6:15,suw^'a,سُوٓءَ,suw^',swA,N,,,root
sayyiat,16:25:13,saA^'a,سَآءَ,saA^'a,swA,V,S,3MS,root
sayyiat,16:27:19,s~uw^'a,سُّوٓءَ,suw^',swA,N,,,root
sayyiat,16:28:12,suw^'K],سُوٓءٍۭ,suw^',swA,N,,,root
sayyiat,16:34:2,say~i_#aAtu,سَيِّـَٔاتُ,say~i_#aAt,swA,N,,,lemma+root
sayyiat,16:45:4,s~ay~i_#aAti,سَّيِّـَٔاتِ,say~i_#aAt,swA,N,P,FP,lemma+root
sayyiat,16:59:5,suw^'i,سُوٓءِ,suw^',swA,N,,,root
sayyiat,16:59:17,saA^'a,سَآءَ,saA^'a,swA,V,S,3MS,root
sayyiat,16:60:6,s~awo'i,سَّوْءِ,sawo',swA,N,,,root
sayyiat,16:94:11,s~uw^'a,سُّوٓءَ,suw^',swA,N,,,root
sayyiat,16:119:6,s~uw^'a,سُّوٓءَ,suw^',swA,N,,,root
sayyiat,17:7:6,>asa>o,أَسَأْ,>asaA^'a,swA,V,P,2MP,root
sayyiat,17:7:12,"yasu,^_#u",يَسُۥٓـُٔ,saA^'a,swA,V,P,3MP,root
sayyiat,17:32:7,saA^'a,سَآءَ,saA^'a,swA,V,S,3MS,root
sayyiat,17:38:4,say~i}u,سَيِّئُ,say~i},swA,N,S,MS,root
sayyiat,18:29:27,saA^'ato,سَآءَتْ,saA^'a,swA,V,S,3FS,root
sayyiat,19:28:7,sawo'K,سَوْءٍ,sawo',swA,N,,,root
sayyiat,20:22:9,suw^'K,سُوٓءٍ,suw^',swA,N,,,root
sayyiat,20:101:3,saA^'a,سَآءَ,saA^'a,swA,V,S,3MS,root
sayyiat,20:121:5,sawo'a`tu,سَوْءَٰتُ,sawo'a`t,swA,N,,,root
sayyiat,21:74:15,sawo'K,سَوْءٍ,sawo',swA,N,,,root
sayyiat,21:77:10,sawo'K,سَوْءٍ,sawo',swA,N,,,root
sayyiat,23:96:5,s~ay~i}apa,سَّيِّئَةَ,say~i}ap,swA,N,,,root
sayyiat,25:40:8,s~awo'i,سَّوْءِ,sawo',swA,N,,,root
sayyiat,25:66:2,saA^'ato,سَآءَتْ,saA^'a,swA,V,S,3FS,root
sayyiat,25:70:11,say~i_#aAti,سَيِّـَٔاتِ,say~i_#aAt,swA,N,P,FP,lemma+root
sayyiat,26:156:3,suw^'K,سُوٓءٍ,suw^',swA,N,,,root
sayyiat,26:173:4,saA^'a,سَآءَ,saA^'a,swA,V,S,3MS,root
sayyiat,27:5:4,suw^'u,سُوٓءُ,suw^',swA,N,,,root
sayyiat,27:11:8,suw^'K,سُوٓءٍ,suw^',swA,N,,,root
sayyiat,27:12:9,suw^'K,سُوٓءٍ,suw^',swA,N,,,root
sayyiat,27:46:5,s~ay~i}api,سَّيِّئَةِ,say~i}ap,swA,N,,,root
sayyiat,27:58:4,saA^'a,سَآءَ,saA^'a,swA,V,S,3MS,root
sayyiat,27:62:7,s~uw^'a,سُّوٓءَ,suw^',swA,N,,,root
sayyiat,27:90:3,s~ay~i}api,سَّيِّئَةِ,say~i}ap,swA,N,,,root
sayyiat,28:32:9,suw^'K,سُوٓءٍ,suw^',swA,N,,,root
sayyiat,28:54:9,s~ay~i}apa,سَّيِّئَةَ,say~i}ap,swA,N,,,root
sayyiat,28:84:9,s~ay~i}api,سَّيِّئَةِ,say~i}ap,swA,N,,,root
sayyiat,28:84:14,s~ay~i_#aAti,سَّيِّـَٔاتِ,say~i_#aAt,swA,N,P,FP,lemma+root
sayyiat,29:4:5,s~ay~i_#aAti,سَّيِّـَٔاتِ,say~i_#aAt,swA,N,P,FP,lemma+root
sayyiat,29:4:8,saA^'a,سَآءَ,saA^'a,swA,V,S,3MS,root
sayyiat,29:7:7,say~i_#aAti,سَيِّـَٔاتِ,say~i_#aAt,swA,N,P,FP,lemma+root
sayyiat,29:33:6,siY^'a,سِىٓءَ,saA^'a,swA,V,S,3MS,root
sayyiat,30:10:5,>asa`^_#u,أَسَٰٓـُٔ,>asaA^'a,swA,V,P,3MP,root
sayyiat,30:10:6,s~uw^>aY`^,سُّوٓأَىٰٓ,s~uw^>aY`^,swA,N,,,root
sayyiat,30:36:9,say~i}apN[,سَيِّئَةٌۢ,say~i}ap,swA,N,,,root
sayyiat,33:17:11,suw^'FA,سُوٓءًا,suw^',swA,N,,,root
sayyiat,35:8:4,suw^'u,سُوٓءُ,suw^',swA,N,,,root
sayyiat,35:10:17,s~ay~i_#aAti,سَّيِّـَٔاتِ,say~i_#aAt,swA,N,P,FP,lemma+root
sayyiat,35:43:5,s~ay~i}i,سَّيِّئِ,say~i},swA,ADJ,S,MS,root
sayyiat,35:43:9,s~ay~i}u,سَّيِّئُ,say~i},swA,ADJ,S,MS,root
sayyiat,37:177:4,saA^'a,سَآءَ,saA^'a,swA,V,S,3MS,root
sayyiat,39:24:4,suw^'a,سُوٓءَ,suw^',swA,N,,,root
sayyiat,39:35:4,>asowa>a,أَسْوَأَ,>asowa>,swA,N,S,MS,root
sayyiat,39:47:14,suw^'i,سُوٓءِ,suw^',swA,N,,,root
sayyiat,39:48:3,say~i_#aAtu,سَيِّـَٔاتُ,say~i_#aAt,swA,N,P,FP,lemma+root
sayyiat,39:51:2,say~i_#aAtu,سَيِّـَٔاتُ,say~i_#aAt,swA,N,P,FP,lemma+root
sayyiat,39:51:10,say~i_#aAtu,سَيِّـَٔاتُ,say~i_#aAt,swA,N,P,FP,lemma+root
sayyiat,39:61:8,s~uw^'u,سُّوٓءُ,suw^',swA,N,,,root
sayyiat,40:9:2,s~ay~i_#aAti,سَّيِّـَٔاتِ,say~i_#aAt,swA,N,P,FP,lemma+root
sayyiat,40:9:5,s~ay~i_#aAti,سَّيِّـَٔاتِ,say~i_#aAt,swA,N,P,FP,lemma+root
sayyiat,40:37:13,suw^'u,سُوٓءُ,suw^',swA,N,,,root
sayyiat,40:40:3,say~i}apF,سَيِّئَةً,say~i}ap,swA,N,,,root
sayyiat,40:45:3,say~i_#aAti,سَيِّـَٔاتِ,say~i_#aAt,swA,N,P,FP,lemma+root
sayyiat,40:45:9,suw^'u,سُوٓءُ,suw^',swA,N,,,root
sayyiat,40:52:9,suw^'u,سُوٓءُ,suw^',swA,N,,,root
sayyiat,40:58:10,musiY^'u,مُسِىٓءُ,musiY^',swA,N,,,root
sayyiat,41:27:7,>asowa>a,أَسْوَأَ,>asowa>,swA,N,S,MS,root
sayyiat,41:34:5,s~ay~i}apu,سَّيِّئَةُ,say~i}ap,swA,N,,,root
sayyiat,41:46:6,>asaA^'a,أَسَآءَ,>asaA^'a,swA,V,S,3MS,root
sayyiat,42:25:9,s~ay~i_#aAti,سَّيِّـَٔاتِ,say~i_#aAt,swA,N,P,FP,lemma+root
sayyiat,42:40:2,say~i}apK,سَيِّئَةٍ,say~i}ap,swA,N,,,root
sayyiat,42:40:3,say~i}apN,سَيِّئَةٌ,say~i}ap,swA,N,,,root
sayyiat,42:48:21,say~i}apN[,سَيِّئَةٌۢ,say~i}ap,swA,N,,,root
sayyiat,45:15:6,>asaA^'a,أَسَآءَ,>asaA^'a,swA,V,S,3MS,root
sayyiat,45:21:5,s~ay~i_#aAti,سَّيِّـَٔاتِ,say~i_#aAt,swA,N,P,FP,lemma+root
sayyiat,45:21:15,saA^'a,سَآءَ,saA^'a,swA,V,S,3MS,root
sayyiat,45:33:3,say~i_#aAtu,سَيِّـَٔاتُ,say~i_#aAt,swA,N,P,FP,lemma+root
sayyiat,46:16:10,say~i_#aAti,سَيِّـَٔاتِ,say~i_#aAt,swA,N,P,FP,lemma+root
sayyiat,47:2:16,say~i_#aAti,سَيِّـَٔاتِ,say~i_#aAt,swA,N,P,FP,lemma+root
sayyiat,47:14:10,suw^'u,سُوٓءُ,suw^',swA,N,,,root
sayyiat,48:5:13,say~i_#aAti,سَيِّـَٔاتِ,say~i_#aAt,swA,N,P,FP,lemma+root
sayyiat,48:6:9,s~awo'i,سَّوْءِ,sawo',swA,N,,,root
sayyiat,48:6:12,s~awo'i,سَّوْءِ,sawo',swA,N,,,root
sayyiat,48:6:20,saA^'ato,سَآءَتْ,saA^'a,swA,V,S,3FS,root
sayyiat,48:12:17,s~awo'i,سَّوْءِ,sawo',swA,N,,,root
sayyiat,53:31:10,>asa`^_#u,أَسَٰٓـُٔ,>asaA^'a,swA,V,P,3MP,root
sayyiat,58:15:7,saA^'a,سَآءَ,saA^'a,swA,V,S,3MS,root
sayyiat,60:2:10,s~uw^'i,سُّوٓءِ,suw^',swA,N,,,root
sayyiat,63:2:9,saA^'a,سَآءَ,saA^'a,swA,V,S,3MS,root
sayyiat,64:9:15,say~i_#aAti,سَيِّـَٔاتِ,say~i_#aAt,swA,N,P,FP,lemma+root
sayyiat,65:5:11,say~i_#aAti,سَيِّـَٔاتِ,say~i_#aAt,swA,N,P,FP,lemma+root
sayyiat,66:8:14,say~i_#aAti,سَيِّـَٔاتِ,say~i_#aAt,swA,N,P,FP,lemma+root
sayyiat,67:27:4,siy^_#ato,سِيٓـَٔتْ,saA^'a,swA,V,S,3FS,root
istiadha,2:67:15,>aEuw*u,أَعُوذُ,Eu*o,Ew*,V,S,1S,lemma+root
istiadha,3:36:19,>uEiy*u,أُعِيذُ,>uEiy*u,Ew*,V,S,1S,lemma+root
istiadha,7:200:6,{sotaEi*o,ٱسْتَعِذْ,{sotaEi*o,Ew*,V,S,2MS,lemma+root
istiadha,11:47:4,>aEuw*u,أَعُوذُ,Eu*o,Ew*,V,S,1S,lemma+root
istiadha,12:23:14,maEaA*a,مَعَاذَ,maEaA*,Ew*,N,,,lemma+root
istiadha,12:79:2,maEaA*a,مَعَاذَ,maEaA*,Ew*,N,,,lemma+root
istiadha,16:98:4,{sotaEi*o,ٱسْتَعِذْ,{sotaEi*o,Ew*,V,S,2MS,lemma+root
istiadha,19:18:3,>aEuw*u,أَعُوذُ,Eu*o,Ew*,V,S,1S,lemma+root
istiadha,23:97:3,>aEuw*u,أَعُوذُ,Eu*o,Ew*,V,S,1S,lemma+root
istiadha,23:98:1,>aEuw*u,أَعُوذُ,Eu*o,Ew*,V,S,1S,lemma+root
istiadha,40:27:4,Eu*o,عُذْ,Eu*o,Ew*,V,S,1S,lemma+root
istiadha,40:56:18,{sotaEi*o,ٱسْتَعِذْ,{sotaEi*o,Ew*,V,S,2MS,lemma+root
istiadha,41:36:6,{sotaEi*o,ٱسْتَعِذْ,{sotaEi*o,Ew*,V,S,2MS,lemma+root
istiadha,44:20:2,Eu*o,عُذْ,Eu*o,Ew*,V,S,1S,lemma+root
istiadha,72:6:6,yaEuw*u,يَعُوذُ,Eu*o,Ew*,V,P,3MP,lemma+root
istiadha,113:1:2,>aEuw*u,أَعُوذُ,Eu*o,Ew*,V,S,1S,lemma+root
istiadha,114:1:2,>aEuw*u,أَعُوذُ,Eu*o,Ew*,V,S,1S,lemma+root
abrar,2:44:3,bir~i,بِرِّ,bir~,brr,N,,,root
abrar,2:177:2,bir~a,بِرَّ,bir~,brr,N,,,root
abrar,2:177:10,bir~a,بِرَّ,bir~,brr,N,,,root
abrar,2:189:10,bir~u,بِرُّ,bir~,brr,N,,,root
abrar,2:189:17,bir~a,بِرَّ,bir~,brr,N,,,root
abrar,2:224:7,tabar~u,تَبَرُّ,tabar~u,brr,V,P,2MP,root
abrar,3:92:3,bir~a,بِرَّ,bir~,brr,N,,,root
abrar,3:193:20,>aboraAri,أَبْرَارِ,bar~,brr,N,P,MP,root+form
abrar,3:198:21,>aboraAri,أَبْرَارِ,bar~,brr,N,P,MP,root+form
abrar,5:2:40,bir~i,بِرِّ,bir~,brr,N,,,root
abrar,5:96:12,bar~i,بَرِّ,bar~,brr,N,,,root
abrar,6:59:11,bar~i,بَرِّ,bar~,brr,N,,,root
abrar,6:63:6,bar~i,بَرِّ,bar~,brr,N,,,root
abrar,6:97:10,bar~i,بَرِّ,bar~,brr,N,,,root
abrar,10:22:5,bar~i,بَرِّ,bar~,brr,N,,,root
abrar,17:67:14,bar~i,بَرِّ,bar~,brr,N,,,root
abrar,17:68:6,bar~i,بَرِّ,bar~,brr,N,,,root
abrar,17:70:7,bar~i,بَرِّ,bar~,brr,N,,,root
abrar,19:14:1,bar~F[A,بَرًّۢا,bar~,brr,N,,,root
abrar,19:32:1,bar~F[A,بَرًّۢا,bar~,brr,N,,,root
abrar,27:63:5,bar~i,بَرِّ,bar~,brr,N,,,root
abrar,29:65:13,bar~i,بَرِّ,bar~,brr,N,,,root
abrar,30:41:4,bar~i,بَرِّ,bar~,brr,N,,,root
abrar,31:32:13,bar~i,بَرِّ,bar~,brr,N,,,root
abrar,52:28:8,bar~u,بَرُّ,bar~,brr,N,,,root
abrar,58:9:13,bir~i,بِرِّ,bir~,brr,N,,,root
abrar,60:8:15,tabar~u,تَبَرُّ,tabar~u,brr,V,P,2MP,root
abrar,76:5:2,>aboraAra,أَبْرَارَ,bar~,brr,N,P,MP,root+form
abrar,80:16:2,bararapK,بَرَرَةٍ,bar~,brr,ADJ,P,FP,root
abrar,82:13:2,>aboraAra,أَبْرَارَ,bar~,brr,N,P,MP,root+form
abrar,83:18:4,>aboraAri,أَبْرَارِ,bar~,brr,N,P,MP,root+form
abrar,83:22:2,>aboraAra,أَبْرَارَ,bar~,brr,N,P,MP,root+form
fujjar,2:60:9,{nfajarato,ٱنفَجَرَتْ,{nfajarato,fjr,V,S,3FS,root
fujjar,2:74:16,yatafaj~aru,يَتَفَجَّرُ,yatafaj~aru,fjr,V,S,3MS,root
fujjar,2:187:42,fajori,فَجْرِ,fajor,fjr,N,,,root
fujjar,17:78:9,fajori,فَجْرِ,fajor,fjr,N,,,root
fujjar,17:78:12,fajori,فَجْرِ,fajor,fjr,N,,,root
fujjar,17:90:6,tafojura,تَفْجُرَ,yafojura,fjr,V,S,2MS,root
fujjar,17:91:8,tufaj~ira,تُفَجِّرَ,fuj~irato,fjr,V,S,2MS,root
fujjar,17:91:11,tafojiyrFA,تَفْجِيرًا,tafojiyr,fjr,N,,,root
fujjar,18:33:9,faj~aro,فَجَّرْ,fuj~irato,fjr,V,P,1P,root
fujjar,24:58:18,fajori,فَجْرِ,fajor,fjr,N,,,root
fujjar,36:34:7,faj~aro,فَجَّرْ,fuj~irato,fjr,V,P,1P,root
fujjar,38:28:13,fuj~aAri,فُجَّارِ,fuj~aAr,fjr,N,P,MP,lemma+root+form
fujjar,54:12:1,faj~aro,فَجَّرْ,fuj~irato,fjr,V,P,1P,root
fujjar,71:27:9,faAjirFA,فَاجِرًا,faAjir,fjr,N,S,MS,root
fujjar,75:5:4,yafojura,يَفْجُرَ,yafojura,fjr,V,S,3MS,root
fujjar,76:6:6,yufaj~iru,يُفَجِّرُ,fuj~irato,fjr,V,P,3MP,root
fujjar,76:6:7,tafojiyrFA,تَفْجِيرًا,tafojiyr,fjr,N,,,root
fujjar,80:42:4,fajarapu,فَجَرَةُ,fuj~aAr,fjr,ADJ,P,MP,lemma+root
fujjar,82:3:3,fuj~irato,فُجِّرَتْ,fuj~irato,fjr,V,S,3FS,root
fujjar,82:14:2,fuj~aAra,فُجَّارَ,fuj~aAr,fjr,N,P,MP,lemma+root+form
fujjar,83:7:4,fuj~aAri,فُجَّارِ,fuj~aAr,fjr,N,P,MP,lemma+root+form
fujjar,89:1:1,fajori,فَجْرِ,fajor,fjr,N,,,root
fujjar,91:8:2,fujuwra,فُجُورَ,fujuwr,fjr,N,,,root
fujjar,97:5:5,fajori,فَجْرِ,fajor,fjr,N,,,root
yusr,2:185:31,yusora,يُسْرَ,yusor,ysr,N,,,lemma+root
yusr,2:196:8,{sotayosara,ٱسْتَيْسَرَ,{sotayosara,ysr,V,S,3MS,root
yusr,2:196:42,{sotayosara,ٱسْتَيْسَرَ,{sotayosara,ysr,V,S,3MS,root
yusr,2:219:4,mayosiri,مَيْسِرِ,mayosir,ysr,N,,,root
yusr,2:280:7,mayosarapK,مَيْسَرَةٍ,mayosarap,ysr,N,,,root
yusr,4:30:13,yasiyrFA,يَسِيرًا,yasiyr,ysr,N,S,MS,root
yusr,4:169:11,yasiyrFA,يَسِيرًا,yasiyr,ysr,N,S,MS,root
yusr,5:90:6,mayosiru,مَيْسِرُ,mayosir,ysr,N,,,root
yusr,5:91:11,mayosiri,مَيْسِرِ,mayosir,ysr,N,,,root
yusr,12:65:25,yasiyrN,يَسِيرٌ,yasiyr,ysr,ADJ,S,MS,root
yusr,17:28:12,m~ayosuwrFA,مَّيْسُورًا,m~ayosuwr,ysr,N,,,root
yusr,18:88:13,yusorFA,يُسْرًا,yusor,ysr,N,,,lemma+root
yusr,19:97:2,yas~aro,يَسَّرْ,yas~ara,ysr,V,P,1P,root
yusr,20:26:1,yas~iro,يَسِّرْ,yas~ara,ysr,V,S,2MS,root
yusr,22:70:18,yasiyrN,يَسِيرٌ,yasiyr,ysr,ADJ,S,MS,root
yusr,25:46:5,yasiyrFA,يَسِيرًا,yasiyr,ysr,ADJ,S,MS,root
yusr,29:19:13,yasiyrN,يَسِيرٌ,yasiyr,ysr,ADJ,S,MS,root
yusr,33:14:14,yasiyrFA,يَسِيرًا,yasiyr,ysr,N,S,MS,root
yusr,33:19:35,yasiyrFA,يَسِيرًا,yasiyr,ysr,ADJ,S,MS,root
yusr,33:30:16,yasiyrFA,يَسِيرًا,yasiyr,ysr,ADJ,S,MS,root
yusr,35:11:34,yasiyrN,يَسِيرٌ,yasiyr,ysr,ADJ,S,MS,root
yusr,44:58:2,yas~aro,يَسَّرْ,yas~ara,ysr,V,P,1P,root
yusr,50:44:9,yasiyrN,يَسِيرٌ,yasiyr,ysr,ADJ,S,MS,root
yusr,51:3:2,yusorFA,يُسْرًا,yusor,ysr,N,,,lemma+root
yusr,54:17:2,yas~aro,يَسَّرْ,yas~ara,ysr,V,P,1P,root
yusr,54:22:2,yas~aro,يَسَّرْ,yas~ara,ysr,V,P,1P,root
yusr,54:32:2,yas~aro,يَسَّرْ,yas~ara,ysr,V,P,1P,root
yusr,54:40:2,yas~aro,يَسَّرْ,yas~ara,ysr,V,P,1P,root
yusr,57:22:21,yasiyrN,يَسِيرٌ,yasiyr,ysr,ADJ,S,MS,root
yusr,64:7:18,yasiyrN,يَسِيرٌ,yasiyr,ysr,N,S,MS,root
yusr,65:4:28,yusorFA,يُسْرًا,yusor,ysr,N,,,lemma+root
yusr,65:7:25,yusorFA,يُسْرًا,yusor,ysr,N,,,lemma+root
yusr,73:20:28,tayas~ara,تَيَسَّرَ,tayas~ara,ysr,V,S,3MS,root
yusr,73:20:51,tayas~ara,تَيَسَّرَ,tayas~ara,ysr,V,S,3MS,root
yusr,74:10:4,yasiyrK,يَسِيرٍ,yasiyr,ysr,N,S,MS,root
yusr,80:20:3,yas~ara,يَسَّرَ,yas~ara,ysr,V,S,3MS,root
yusr,84:8:4,yasiyrFA,يَسِيرًا,yasiyr,ysr,ADJ,S,MS,root
yusr,87:8:1,nuyas~iru,نُيَسِّرُ,yas~ara,ysr,V,P,1P,root
yusr,87:8:2,yusoraY`,يُسْرَىٰ,yusoraY`,ysr,N,S,FS,root
yusr,92:7:1,nuyas~iru,نُيَسِّرُ,yas~ara,ysr,V,P,1P,root
yusr,92:7:2,yusoraY`,يُسْرَىٰ,yusoraY`,ysr,N,S,FS,root
yusr,92:10:1,nuyas~iru,نُيَسِّرُ,yas~ara,ysr,V,P,1P,root
yusr,94:5:4,yusorFA,يُسْرًا,yusor,ysr,N,,,lemma+root
yusr,94:6:4,yusorFA,يُسْرًا,yusor,ysr,N,,,lemma+root
usr,2:185:35,Eusora,عُسْرَ,Eusor,Esr,N,,,lemma+root
usr,2:280:4,EusorapK,عُسْرَةٍ,Eusorap,Esr,N,,,root
usr,9:117:12,Eusorapi,عُسْرَةِ,Eusorap,Esr,N,,,root
usr,18:73:10,EusorFA,عُسْرًا,Eusor,Esr,N,,,lemma+root
usr,25:26:9,EasiyrFA,عَسِيرًا,Easiyr,Esr,ADJ,S,MS,root
usr,54:8:8,EasirN,عَسِرٌ,Easir,Esr,ADJ,S,MS,root
usr,65:6:29,taEaAsaro,تَعَاسَرْ,taEaAsaro,Esr,V,P,2MP,root
usr,65:7:24,EusorK,عُسْرٍ,Eusor,Esr,N,,,lemma+root
usr,74:9:4,EasiyrN,عَسِيرٌ,Easiyr,Esr,ADJ,S,MS,root
usr,92:10:2,EusoraY`,عُسْرَىٰ,EusoraY`,Esr,N,,,root
usr,94:5:3,Eusori,عُسْرِ,Eusor,Esr,N,,,lemma+root
usr,94:6:3,Eusori,عُسْرِ,Eusor,Esr,N,,,lemma+root
naf,2:102:56,yanfaEu,يَنفَعُ,nafaEa,nfE,V,S,3MS,root
naf,2:123:14,tanfaEu,تَنفَعُ,nafaEa,nfE,V,S,3FS,root
naf,2:164:15,yanfaEu,يَنفَعُ,nafaEa,nfE,V,S,3MS,root
naf,2:219:9,mana`fiEu,مَنَٰفِعُ,mana`fiE,nfE,N,P,FP,root
naf,2:219:14,n~afoEi,نَّفْعِ,nafoE,nfE,N,,,lemma+root
naf,4:11:63,nafoEFA,نَفْعًا,nafoE,nfE,N,,,lemma+root
naf,5:76:12,nafoEFA,نَفْعًا,nafoE,nfE,N,,,lemma+root
naf,5:119:5,yanfaEu,يَنفَعُ,nafaEa,nfE,V,S,3MS,root
naf,6:71:8,yanfaEu,يَنفَعُ,nafaEa,nfE,V,S,3MS,root
naf,6:158:21,yanfaEu,يَنفَعُ,nafaEa,nfE,V,S,3MS,root
naf,7:188:5,nafoEFA,نَفْعًا,nafoE,nfE,N,,,lemma+root
naf,10:18:9,yanfaEu,يَنفَعُ,nafaEa,nfE,V,S,3MS,root
naf,10:49:7,nafoEFA,نَفْعًا,nafoE,nfE,N,,,lemma+root
naf,10:98:5,nafaEa,نَفَعَ,nafaEa,nfE,V,S,3MS,root
naf,10:106:8,yanfaEu,يَنفَعُ,nafaEa,nfE,V,S,3MS,root
naf,11:34:2,yanfaEu,يَنفَعُ,nafaEa,nfE,V,S,3MS,root
naf,12:21:11,yanfaEa,يَنفَعَ,nafaEa,nfE,V,S,3MS,root
naf,13:16:16,nafoEFA,نَفْعًا,nafoE,nfE,N,,,lemma+root
naf,13:17:34,yanfaEu,يَنفَعُ,nafaEa,nfE,V,S,3MS,root
naf,16:5:6,mana`fiEu,مَنَٰفِعُ,mana`fiE,nfE,N,P,FP,root
naf,20:89:12,nafoEFA,نَفْعًا,nafoE,nfE,N,,,lemma+root
naf,20:109:3,tanfaEu,تَنفَعُ,nafaEa,nfE,V,S,3FS,root
naf,21:66:8,yanfaEu,يَنفَعُ,nafaEa,nfE,V,S,3MS,root
naf,22:12:10,yanfaEu,يَنفَعُ,nafaEa,nfE,V,S,3MS,root
naf,22:13:6,n~afoEi,نَّفْعِ,nafoE,nfE,N,,,lemma+root
naf,22:28:2,mana`fiEa,مَنَٰفِعَ,mana`fiE,nfE,N,P,FP,root
naf,22:33:3,mana`fiEu,مَنَٰفِعُ,mana`fiE,nfE,N,P,FP,root
naf,23:21:12,mana`fiEu,مَنَٰفِعُ,mana`fiE,nfE,N,P,FP,root
naf,25:3:15,nafoEFA,نَفْعًا,nafoE,nfE,N,,,lemma+root
naf,25:55:7,yanfaEu,يَنفَعُ,nafaEa,nfE,V,S,3MS,root
naf,26:73:2,yanfaEu,يَنفَعُ,nafaEa,nfE,V,P,3MP,root
naf,26:88:3,yanfaEu,يَنفَعُ,nafaEa,nfE,V,S,3MS,root
naf,28:9:12,yanfaEa,يَنفَعَ,nafaEa,nfE,V,S,3MS,root
naf,30:57:3,yanfaEu,يَنفَعُ,nafaEa,nfE,V,S,3MS,root
naf,32:29:5,yanfaEu,يَنفَعُ,nafaEa,nfE,V,S,3MS,root
naf,33:16:3,yanfaEa,يَنفَعَ,nafaEa,nfE,V,S,3MS,root
naf,34:23:2,tanfaEu,تَنفَعُ,nafaEa,nfE,V,S,3FS,root
naf,34:42:6,n~afoEFA,نَّفْعًا,nafoE,nfE,N,,,lemma+root
naf,36:73:3,mana`fiEu,مَنَٰفِعُ,mana`fiE,nfE,N,P,FP,root
naf,40:52:3,yanfaEu,يَنفَعُ,nafaEa,nfE,V,S,3MS,root
naf,40:80:3,mana`fiEu,مَنَٰفِعُ,mana`fiE,nfE,N,P,FP,root
naf,40:85:3,yanfaEu,يَنفَعُ,nafaEa,nfE,V,S,3MS,root
naf,43:39:2,yanfaEa,يَنفَعَ,nafaEa,nfE,V,S,3MS,root
naf,48:11:31,nafoEF[A,نَفْعًۢا,nafoE,nfE,N,,,lemma+root
naf,51:55:4,tanfaEu,تَنفَعُ,nafaEa,nfE,V,S,3FS,root
naf,57:25:17,mana`fiEu,مَنَٰفِعُ,mana`fiE,nfE,N,P,FP,root
naf,60:3:2,tanfaEa,تَنفَعَ,nafaEa,nfE,V,S,2MS,root
naf,74:48:2,tanfaEu,تَنفَعُ,nafaEa,nfE,V,S,3FS,root
naf,80:4:3,tanfaEa,تَنفَعَ,nafaEa,nfE,V,S,3FS,root
naf,87:9:3,n~afaEati,نَّفَعَتِ,nafaEa,nfE,V,S,3FS,root
fasad,2:11:5,tufosidu,تُفْسِدُ,>afosadu,fsd,V,P,2MP,root
fasad,2:12:4,mufosiduwna,مُفْسِدُونَ,mufosid,fsd,N,P,MP,root
fasad,2:27:15,yufosidu,يُفْسِدُ,>afosadu,fsd,V,P,3MP,root
fasad,2:30:14,yufosidu,يُفْسِدُ,>afosadu,fsd,V,S,3MS,root
fasad,2:60:28,mufosidiyna,مُفْسِدِينَ,mufosid,fsd,N,P,MP,root
fasad,2:205:6,yufosida,يُفْسِدَ,>afosadu,fsd,V,S,3MS,root
fasad,2:205:14,fasaAda,فَسَادَ,fasaAd,fsd,N,,,lemma+root
fasad,2:220:16,mufosida,مُفْسِدَ,mufosid,fsd,N,,,root
fasad,2:251:20,fasadati,فَسَدَتِ,fasadati,fsd,V,S,3FS,root
fasad,3:63:6,mufosidiyna,مُفْسِدِينَ,mufosid,fsd,N,P,MP,root
fasad,5:32:15,fasaAdK,فَسَادٍ,fasaAd,fsd,N,,,lemma+root
fasad,5:33:10,fasaAdFA,فَسَادًا,fasaAd,fsd,N,,,lemma+root
fasad,5:64:43,fasaAdFA,فَسَادًا,fasaAd,fsd,N,,,lemma+root
fasad,5:64:47,mufosidiyna,مُفْسِدِينَ,mufosid,fsd,N,P,MP,root
fasad,7:56:2,tufosidu,تُفْسِدُ,>afosadu,fsd,V,P,2MP,root
fasad,7:74:25,mufosidiyna,مُفْسِدِينَ,mufosid,fsd,N,P,MP,root
fasad,7:85:27,tufosidu,تُفْسِدُ,>afosadu,fsd,V,P,2MP,root
fasad,7:86:24,mufosidiyna,مُفْسِدِينَ,mufosid,fsd,N,P,MP,root
fasad,7:103:16,mufosidiyna,مُفْسِدِينَ,mufosid,fsd,N,P,MP,root
fasad,7:127:9,yufosidu,يُفْسِدُ,>afosadu,fsd,V,P,3MP,root
fasad,7:142:23,mufosidiyna,مُفْسِدِينَ,mufosid,fsd,N,P,MP,root
fasad,8:73:12,fasaAdN,فَسَادٌ,fasaAd,fsd,N,,,lemma+root
fasad,10:40:12,mufosidiyna,مُفْسِدِينَ,mufosid,fsd,N,P,MP,root
fasad,10:81:17,mufosidiyna,مُفْسِدِينَ,mufosid,fsd,N,P,MP,root
fasad,10:91:7,mufosidiyna,مُفْسِدِينَ,mufosid,fsd,N,P,MP,root
fasad,11:85:14,mufosidiyna,مُفْسِدِينَ,mufosid,fsd,N,P,MP,root
fasad,11:116:11,fasaAdi,فَسَادِ,fasaAd,fsd,N,,,lemma+root
fasad,12:73:7,nufosida,نُفْسِدَ,>afosadu,fsd,V,P,1P,root
fasad,13:25:15,yufosidu,يُفْسِدُ,>afosadu,fsd,V,P,3MP,root
fasad,16:88:13,yufosidu,يُفْسِدُ,>afosadu,fsd,V,P,3MP,root
fasad,17:4:7,tufosidu,تُفْسِدُ,>afosadu,fsd,V,P,2MP,root
fasad,18:94:7,mufosiduwna,مُفْسِدُونَ,mufosid,fsd,N,P,MP,root
fasad,21:22:7,fasada,فَسَدَ,fasadati,fsd,V,D,3FD,root
fasad,23:71:5,fasadati,فَسَدَتِ,fasadati,fsd,V,S,3FS,root
fasad,26:152:2,yufosidu,يُفْسِدُ,>afosadu,fsd,V,P,3MP,root
fasad,26:183:9,mufosidiyna,مُفْسِدِينَ,mufosid,fsd,N,P,MP,root
fasad,27:14:11,mufosidiyna,مُفْسِدِينَ,mufosid,fsd,N,P,MP,root
fasad,27:34:7,>afosadu,أَفْسَدُ,>afosadu,fsd,V,P,3MP,root
fasad,27:48:6,yufosidu,يُفْسِدُ,>afosadu,fsd,V,P,3MP,root
fasad,28:4:19,mufosidiyna,مُفْسِدِينَ,mufosid,fsd,N,P,MP,root
fasad,28:77:19,fasaAda,فَسَادَ,fasaAd,fsd,N,,,lemma+root
fasad,28:77:26,mufosidiyna,مُفْسِدِينَ,mufosid,fsd,N,P,MP,root
fasad,28:83:12,fasaAdFA,فَسَادًا,fasaAd,fsd,N,,,lemma+root
fasad,29:30:6,mufosidiyna,مُفْسِدِينَ,mufosid,fsd,N,P,MP,root
fasad,29:36:16,mufosidiyna,مُفْسِدِينَ,mufosid,fsd,N,P,MP,root
fasad,30:41:2,fasaAdu,فَسَادُ,fasaAd,fsd,N,,,lemma+root
fasad,38:28:7,mufosidiyna,مُفْسِدِينَ,mufosid,fsd,N,P,MP,root
fasad,40:26:18,fasaAda,فَسَادَ,fasaAd,fsd,N,,,lemma+root
fasad,47:22:6,tufosidu,تُفْسِدُ,>afosadu,fsd,V,P,2MP,root
fasad,89:12:3,fasaAda,فَسَادَ,fasaAd,fsd,N,,,lemma+root
nas,2:8:2,n~aAsi,نَّاسِ,n~aAs,nws,N,P,MP,lemma+root
nas,2:13:7,n~aAsu,نَّاسُ,n~aAs,nws,N,P,MP,lemma+root
nas,2:21:2,n~aAsu,نَّاسُ,n~aAs,nws,N,P,MP,lemma+root
nas,2:24:10,n~aAsu,نَّاسُ,n~aAs,nws,N,P,MP,lemma+root
nas,2:44:2,n~aAsa,نَّاسَ,n~aAs,nws,N,P,MP,lemma+root
nas,2:83:17,n~aAsi,نَّاسِ,n~aAs,nws,N,P,MP,lemma+root
nas,2:94:12,n~aAsi,نَّاسِ,n~aAs,nws,N,P,MP,lemma+root
nas,2:96:3,n~aAsi,نَّاسِ,n~aAs,nws,N,P,MP,lemma+root
nas,2:102:15,n~aAsa,نَّاسَ,n~aAs,nws,N,P,MP,lemma+root
nas,2:124:10,n~aAsi,نَّاسِ,n~aAs,nws,N,P,MP,lemma+root
nas,2:125:5,n~aAsi,نَّاسِ,n~aAs,nws,N,P,MP,lemma+root
nas,2:142:4,n~aAsi,نَّاسِ,n~aAs,nws,N,P,MP,lemma+root
nas,2:143:8,n~aAsi,نَّاسِ,n~aAs,nws,N,P,MP,lemma+root
nas,2:143:43,n~aAsi,نَّاسِ,n~aAs,nws,N,P,MP,lemma+root
nas,2:150:17,n~aAsi,نَّاسِ,n~aAs,nws,N,P,MP,lemma+root
nas,2:159:13,n~aAsi,نَّاسِ,n~aAs,nws,N,P,MP,lemma+root
nas,2:161:12,n~aAsi,نَّاسِ,n~aAs,nws,N,P,MP,lemma+root
nas,2:164:16,n~aAsa,نَّاسَ,n~aAs,nws,N,P,MP,lemma+root
nas,2:165:2,n~aAsi,نَّاسِ,n~aAs,nws,N,P,MP,lemma+root
nas,2:168:2,n~aAsu,نَّاسُ,n~aAs,nws,N,P,MP,lemma+root
nas,2:185:8,n~aAsi,نَّاسِ,n~aAs,nws,N,P,MP,lemma+root
nas,2:187:63,n~aAsi,نَّاسِ,n~aAs,nws,N,P,MP,lemma+root
nas,2:188:14,n~aAsi,نَّاسِ,n~aAs,nws,N,P,MP,lemma+root
nas,2:189:7,n~aAsi,نَّاسِ,n~aAs,nws,N,P,MP,lemma+root
nas,2:199:6,n~aAsu,نَّاسُ,n~aAs,nws,N,P,MP,lemma+root
nas,2:200:12,n~aAsi,نَّاسِ,n~aAs,nws,N,P,MP,lemma+root
nas,2:204:2,n~aAsi,نَّاسِ,n~aAs,nws,N,P,MP,lemma+root
nas,2:207:2,n~aAsi,نَّاسِ,n~aAs,nws,N,P,MP,lemma+root
nas,2:213:2,n~aAsu,نَّاسُ,n~aAs,nws,N,P,MP,lemma+root
nas,2:213:16,n~aAsi,نَّاسِ,n~aAs,nws,N,P,MP,lemma+root
nas,2:219:10,n~aAsi,نَّاسِ,n~aAs,nws,N,P,MP,lemma+root
nas,2:221:37,n~aAsi,نَّاسِ,n~aAs,nws,N,P,MP,lemma+root
nas,2:224:11,n~aAsi,نَّاسِ,n~aAs,nws,N,P,MP,lemma+root
nas,2:243:23,n~aAsi,نَّاسِ,n~aAs,nws,N,P,MP,lemma+root
nas,2:243:26,n~aAsi,نَّاسِ,n~aAs,nws,N,P,MP,lemma+root
nas,2:251:17,n~aAsa,نَّاسَ,n~aAs,nws,N,P,MP,lemma+root
nas,2:259:48,n~aAsi,نَّاسِ,n~aAs,nws,N,P,MP,lemma+root
nas,2:264:13,n~aAsi,نَّاسِ,n~aAs,nws,N,P,MP,lemma+root
nas,2:273:21,n~aAsa,نَّاسَ,n~aAs,nws,N,P,MP,lemma+root
nas,3:4:4,n~aAsi,نَّاسِ,n~aAs,nws,N,P,MP,lemma+root
nas,3:9:4,n~aAsi,نَّاسِ,n~aAs,nws,N,P,MP,lemma+root
nas,3:14:2,n~aAsi,نَّاسِ,n~aAs,nws,N,P,MP,lemma+root
nas,3:21:15,n~aAsi,نَّاسِ,n~aAs,nws,N,P,MP,lemma+root
nas,3:41:10,n~aAsa,نَّاسَ,n~aAs,nws,N,P,MP,lemma+root
nas,3:46:2,n~aAsa,نَّاسَ,n~aAs,nws,N,P,MP,lemma+root
nas,3:68:3,n~aAsi,نَّاسِ,n~aAs,nws,N,P,MP,lemma+root
nas,3:79:12,n~aAsi,نَّاسِ,n~aAs,nws,N,P,MP,lemma+root
nas,3:87:8,n~aAsi,نَّاسِ,n~aAs,nws,N,P,MP,lemma+root
nas,3:96:5,n~aAsi,نَّاسِ,n~aAs,nws,N,P,MP,lemma+root
nas,3:97:12,n~aAsi,نَّاسِ,n~aAs,nws,N,P,MP,lemma+root
nas,3:110:5,n~aAsi,نَّاسِ,n~aAs,nws,N,P,MP,lemma+root
nas,3:112:13,n~aAsi,نَّاسِ,n~aAs,nws,N,P,MP,lemma+root
nas,3:134:10,n~aAsi,نَّاسِ,n~aAs,nws,N,P,MP,lemma+root
nas,3:138:3,n~aAsi,نَّاسِ,n~aAs,nws,N,P,MP,lemma+root
nas,3:140:13,n~aAsi,نَّاسِ,n~aAs,nws,N,P,MP,lemma+root
nas,3:173:4,n~aAsu,نَّاسُ,n~aAs,nws,N,P,MP,lemma+root
nas,3:173:6,n~aAsa,نَّاسَ,n~aAs,nws,N,P,MP,lemma+root
nas,3:187:9,n~aAsi,نَّاسِ,n~aAs,nws,N,P,MP,lemma+root
nas,4:1:2,n~aAsu,نَّاسُ,n~aAs,nws,N,P,MP,lemma+root
nas,4:37:4,n~aAsa,نَّاسَ,n~aAs,nws,N,P,MP,lemma+root
nas,4:38:5,n~aAsi,نَّاسِ,n~aAs,nws,N,P,MP,lemma+root
nas,4:53:9,n~aAsa,نَّاسَ,n~aAs,nws,N,P,MP,lemma+root
nas,4:54:3,n~aAsa,نَّاسَ,n~aAs,nws,N,P,MP,lemma+root
nas,4:58:12,n~aAsi,نَّاسِ,n~aAs,nws,N,P,MP,lemma+root
nas,4:77:21,n~aAsa,نَّاسَ,n~aAs,nws,N,P,MP,lemma+root
nas,4:79:14,n~aAsi,نَّاسِ,n~aAs,nws,N,P,MP,lemma+root
nas,4:105:8,n~aAsi,نَّاسِ,n~aAs,nws,N,P,MP,lemma+root
nas,4:108:3,n~aAsi,نَّاسِ,n~aAs,nws,N,P,MP,lemma+root
nas,4:114:16,n~aAsi,نَّاسِ,n~aAs,nws,N,P,MP,lemma+root
nas,4:133:5,n~aAsu,نَّاسُ,n~aAs,nws,N,P,MP,lemma+root
nas,4:142:14,n~aAsa,نَّاسَ,n~aAs,nws,N,P,MP,lemma+root
nas,4:161:8,n~aAsi,نَّاسِ,n~aAs,nws,N,P,MP,lemma+root
nas,4:165:6,n~aAsi,نَّاسِ,n~aAs,nws,N,P,MP,lemma+root
nas,4:170:2,n~aAsu,نَّاسُ,n~aAs,nws,N,P,MP,lemma+root
nas,4:174:2,n~aAsu,نَّاسُ,n~aAs,nws,N,P,MP,lemma+root
nas,5:32:20,n~aAsa,نَّاسَ,n~aAs,nws,N,P,MP,lemma+root
nas,5:32:26,n~aAsa,نَّاسَ,n~aAs,nws,N,P,MP,lemma+root
nas,5:44:26,n~aAsa,نَّاسَ,n~aAs,nws,N,P,MP,lemma+root
nas,5:49:32,n~aAsi,نَّاسِ,n~aAs,nws,N,P,MP,lemma+root
nas,5:67:18,n~aAsi,نَّاسِ,n~aAs,nws,N,P,MP,lemma+root
nas,5:82:3,n~aAsi,نَّاسِ,n~aAs,nws,N,P,MP,lemma+root
nas,5:97:7,n~aAsi,نَّاسِ,n~aAs,nws,N,P,MP,lemma+root
nas,5:110:17,n~aAsa,نَّاسَ,n~aAs,nws,N,P,MP,lemma+root
nas,5:116:9,n~aAsi,نَّاسِ,n~aAs,nws,N,P,MP,lemma+root
nas,6:91:25,n~aAsi,نَّاسِ,n~aAs,nws,N,P,MP,lemma+root
nas,6:122:11,n~aAsi,نَّاسِ,n~aAs,nws,N,P,MP,lemma+root
nas,6:144:32,n~aAsa,نَّاسَ,n~aAs,nws,N,P,MP,lemma+root
nas,7:85:24,n~aAsa,نَّاسَ,n~aAs,nws,N,P,MP,lemma+root
nas,7:116:7,n~aAsi,نَّاسِ,n~aAs,nws,N,P,MP,lemma+root
nas,7:144:6,n~aAsi,نَّاسِ,n~aAs,nws,N,P,MP,lemma+root
nas,7:158:3,n~aAsu,نَّاسُ,n~aAs,nws,N,P,MP,lemma+root
nas,7:187:35,n~aAsi,نَّاسِ,n~aAs,nws,N,P,MP,lemma+root
nas,8:26:11,n~aAsu,نَّاسُ,n~aAs,nws,N,P,MP,lemma+root
nas,8:47:9,n~aAsi,نَّاسِ,n~aAs,nws,N,P,MP,lemma+root
nas,8:48:12,n~aAsi,نَّاسِ,n~aAs,nws,N,P,MP,lemma+root
nas,9:3:6,n~aAsi,نَّاسِ,n~aAs,nws,N,P,MP,lemma+root
nas,9:34:11,n~aAsi,نَّاسِ,n~aAs,nws,N,P,MP,lemma+root
nas,10:2:2,n~aAsi,نَّاسِ,n~aAs,nws,N,P,MP,lemma+root
nas,10:2:11,n~aAsa,نَّاسَ,n~aAs,nws,N,P,MP,lemma+root
nas,10:11:4,n~aAsi,نَّاسِ,n~aAs,nws,N,P,MP,lemma+root
nas,10:19:3,n~aAsu,نَّاسُ,n~aAs,nws,N,P,MP,lemma+root
nas,10:21:3,n~aAsa,نَّاسَ,n~aAs,nws,N,P,MP,lemma+root
nas,10:23:11,n~aAsu,نَّاسُ,n~aAs,nws,N,P,MP,lemma+root
nas,10:24:15,n~aAsu,نَّاسُ,n~aAs,nws,N,P,MP,lemma+root
nas,10:44:5,n~aAsa,نَّاسَ,n~aAs,nws,N,P,MP,lemma+root
nas,10:44:8,n~aAsa,نَّاسَ,n~aAs,nws,N,P,MP,lemma+root
nas,10:57:2,n~aAsu,نَّاسُ,n~aAs,nws,N,P,MP,lemma+root
nas,10:60:15,n~aAsi,نَّاسِ,n~aAs,nws,N,P,MP,lemma+root
nas,10:92:11,n~aAsi,نَّاسِ,n~aAs,nws,N,P,MP,lemma+root
nas,10:99:12,n~aAsa,نَّاسَ,n~aAs,nws,N,P,MP,lemma+root
nas,10:104:3,n~aAsu,نَّاسُ,n~aAs,nws,N,P,MP,lemma+root
nas,10:108:3,n~aAsu,نَّاسُ,n~aAs,nws,N,P,MP,lemma+root
nas,11:17:37,n~aAsi,نَّاسِ,n~aAs,nws,N,P,MP,lemma+root
nas,11:85:8,n~aAsa,نَّاسَ,n~aAs,nws,N,P,MP,lemma+root
nas,11:103:13,n~aAsu,نَّاسُ,n~aAs,nws,N,P,MP,lemma+root
nas,11:118:5,n~aAsa,نَّاسَ,n~aAs,nws,N,P,MP,lemma+root
nas,11:119:14,n~aAsi,نَّاسِ,n~aAs,nws,N,P,MP,lemma+root
nas,12:21:30,n~aAsi,نَّاسِ,n~aAs,nws,N,P,MP,lemma+root
nas,12:38:21,n~aAsi,نَّاسِ,n~aAs,nws,N,P,MP,lemma+root
nas,12:38:24,n~aAsi,نَّاسِ,n~aAs,nws,N,P,MP,lemma+root
nas,12:40:30,n~aAsi,نَّاسِ,n~aAs,nws,N,P,MP,lemma+root
nas,12:46:20,n~aAsi,نَّاسِ,n~aAs,nws,N,P,MP,lemma+root
nas,12:49:9,n~aAsu,نَّاسُ,n~aAs,nws,N,P,MP,lemma+root
nas,12:68:28,n~aAsi,نَّاسِ,n~aAs,nws,N,P,MP,lemma+root
nas,12:103:3,n~aAsi,نَّاسِ,n~aAs,nws,N,P,MP,lemma+root
nas,13:1:13,n~aAsi,نَّاسِ,n~aAs,nws,N,P,MP,lemma+root
nas,13:6:14,n~aAsi,نَّاسِ,n~aAs,nws,N,P,MP,lemma+root
nas,13:17:35,n~aAsa,نَّاسَ,n~aAs,nws,N,P,MP,lemma+root
nas,13:31:28,n~aAsa,نَّاسَ,n~aAs,nws,N,P,MP,lemma+root
nas,14:1:6,n~aAsa,نَّاسَ,n~aAs,nws,N,P,MP,lemma+root
nas,14:25:10,n~aAsi,نَّاسِ,n~aAs,nws,N,P,MP,lemma+root
nas,14:36:6,n~aAsi,نَّاسِ,n~aAs,nws,N,P,MP,lemma+root
nas,14:37:19,n~aAsi,نَّاسِ,n~aAs,nws,N,P,MP,lemma+root
nas,14:44:2,n~aAsa,نَّاسَ,n~aAs,nws,N,P,MP,lemma+root
nas,14:52:3,n~aAsi,نَّاسِ,n~aAs,nws,N,P,MP,lemma+root
nas,16:38:16,n~aAsi,نَّاسِ,n~aAs,nws,N,P,MP,lemma+root
nas,16:44:7,n~aAsi,نَّاسِ,n~aAs,nws,N,P,MP,lemma+root
nas,16:61:4,n~aAsa,نَّاسَ,n~aAs,nws,N,P,MP,lemma+root
nas,16:69:18,n~aAsi,نَّاسِ,n~aAs,nws,N,P,MP,lemma+root
nas,17:60:7,n~aAsi,نَّاسِ,n~aAs,nws,N,P,MP,lemma+root
nas,17:60:15,n~aAsi,نَّاسِ,n~aAs,nws,N,P,MP,lemma+root
nas,17:89:3,n~aAsi,نَّاسِ,n~aAs,nws,N,P,MP,lemma+root
nas,17:89:12,n~aAsi,نَّاسِ,n~aAs,nws,N,P,MP,lemma+root
nas,17:94:3,n~aAsa,نَّاسَ,n~aAs,nws,N,P,MP,lemma+root
nas,17:106:5,n~aAsi,نَّاسِ,n~aAs,nws,N,P,MP,lemma+root
nas,18:54:6,n~aAsi,نَّاسِ,n~aAs,nws,N,P,MP,lemma+root
nas,18:55:3,n~aAsa,نَّاسَ,n~aAs,nws,N,P,MP,lemma+root
nas,19:10:10,n~aAsa,نَّاسَ,n~aAs,nws,N,P,MP,lemma+root
nas,19:21:10,n~aAsi,نَّاسِ,n~aAs,nws,N,P,MP,lemma+root
nas,20:59:7,n~aAsu,نَّاسُ,n~aAs,nws,N,P,MP,lemma+root
nas,21:1:2,n~aAsi,نَّاسِ,n~aAs,nws,N,P,MP,lemma+root
nas,21:61:6,n~aAsi,نَّاسِ,n~aAs,nws,N,P,MP,lemma+root
nas,22:1:2,n~aAsu,نَّاسُ,n~aAs,nws,N,P,MP,lemma+root
nas,22:2:14,n~aAsa,نَّاسَ,n~aAs,nws,N,P,MP,lemma+root
nas,22:3:2,n~aAsi,نَّاسِ,n~aAs,nws,N,P,MP,lemma+root
nas,22:5:2,n~aAsu,نَّاسُ,n~aAs,nws,N,P,MP,lemma+root
nas,22:8:2,n~aAsi,نَّاسِ,n~aAs,nws,N,P,MP,lemma+root
nas,22:11:2,n~aAsi,نَّاسِ,n~aAs,nws,N,P,MP,lemma+root
nas,22:18:21,n~aAsi,نَّاسِ,n~aAs,nws,N,P,MP,lemma+root
nas,22:25:12,n~aAsi,نَّاسِ,n~aAs,nws,N,P,MP,lemma+root
nas,22:27:3,n~aAsi,نَّاسِ,n~aAs,nws,N,P,MP,lemma+root
nas,22:40:15,n~aAsa,نَّاسَ,n~aAs,nws,N,P,MP,lemma+root
nas,22:49:3,n~aAsu,نَّاسُ,n~aAs,nws,N,P,MP,lemma+root
nas,22:65:25,n~aAsi,نَّاسِ,n~aAs,nws,N,P,MP,lemma+root
nas,22:73:2,n~aAsu,نَّاسُ,n~aAs,nws,N,P,MP,lemma+root
nas,22:75:7,n~aAsi,نَّاسِ,n~aAs,nws,N,P,MP,lemma+root
nas,22:78:32,n~aAsi,نَّاسِ,n~aAs,nws,N,P,MP,lemma+root
nas,24:35:44,n~aAsi,نَّاسِ,n~aAs,nws,N,P,MP,lemma+root
nas,25:37:8,n~aAsi,نَّاسِ,n~aAs,nws,N,P,MP,lemma+root
nas,25:50:7,n~aAsi,نَّاسِ,n~aAs,nws,N,P,MP,lemma+root
nas,26:39:2,n~aAsi,نَّاسِ,n~aAs,nws,N,P,MP,lemma+root
nas,26:183:3,n~aAsa,نَّاسَ,n~aAs,nws,N,P,MP,lemma+root
nas,27:16:6,n~aAsu,نَّاسُ,n~aAs,nws,N,P,MP,lemma+root
nas,27:73:6,n~aAsi,نَّاسِ,n~aAs,nws,N,P,MP,lemma+root
nas,27:82:12,n~aAsa,نَّاسَ,n~aAs,nws,N,P,MP,lemma+root
nas,28:23:9,n~aAsi,نَّاسِ,n~aAs,nws,N,P,MP,lemma+root
nas,28:43:12,n~aAsi,نَّاسِ,n~aAs,nws,N,P,MP,lemma+root
nas,29:2:2,n~aAsu,نَّاسُ,n~aAs,nws,N,P,MP,lemma+root
nas,29:10:2,n~aAsi,نَّاسِ,n~aAs,nws,N,P,MP,lemma+root
nas,29:10:13,n~aAsi,نَّاسِ,n~aAs,nws,N,P,MP,lemma+root
nas,29:43:4,n~aAsi,نَّاسِ,n~aAs,nws,N,P,MP,lemma+root
nas,29:67:8,n~aAsu,نَّاسُ,n~aAs,nws,N,P,MP,lemma+root
nas,30:6:9,n~aAsi,نَّاسِ,n~aAs,nws,N,P,MP,lemma+root
nas,30:8:19,n~aAsi,نَّاسِ,n~aAs,nws,N,P,MP,lemma+root
nas,30:30:9,n~aAsa,نَّاسَ,n~aAs,nws,N,P,MP,lemma+root
nas,30:30:20,n~aAsi,نَّاسِ,n~aAs,nws,N,P,MP,lemma+root
nas,30:33:3,n~aAsa,نَّاسَ,n~aAs,nws,N,P,MP,lemma+root
nas,30:36:3,n~aAsa,نَّاسَ,n~aAs,nws,N,P,MP,lemma+root
nas,30:39:8,n~aAsi,نَّاسِ,n~aAs,nws,N,P,MP,lemma+root
nas,30:41:9,n~aAsi,نَّاسِ,n~aAs,nws,N,P,MP,lemma+root
nas,30:58:3,n~aAsi,نَّاسِ,n~aAs,nws,N,P,MP,lemma+root
nas,31:6:2,n~aAsi,نَّاسِ,n~aAs,nws,N,P,MP,lemma+root
nas,31:18:4,n~aAsi,نَّاسِ,n~aAs,nws,N,P,MP,lemma+root
nas,31:20:19,n~aAsi,نَّاسِ,n~aAs,nws,N,P,MP,lemma+root
nas,31:33:2,n~aAsu,نَّاسُ,n~aAs,nws,N,P,MP,lemma+root
nas,32:13:15,n~aAsi,نَّاسِ,n~aAs,nws,N,P,MP,lemma+root
nas,33:37:21,n~aAsa,نَّاسَ,n~aAs,nws,N,P,MP,lemma+root
nas,33:63:2,n~aAsu,نَّاسُ,n~aAs,nws,N,P,MP,lemma+root
nas,34:28:5,n~aAsi,نَّاسِ,n~aAs,nws,N,P,MP,lemma+root
nas,34:28:10,n~aAsi,نَّاسِ,n~aAs,nws,N,P,MP,lemma+root
nas,34:36:11,n~aAsi,نَّاسِ,n~aAs,nws,N,P,MP,lemma+root
nas,35:2:4,n~aAsi,نَّاسِ,n~aAs,nws,N,P,MP,lemma+root
nas,35:3:2,n~aAsu,نَّاسُ,n~aAs,nws,N,P,MP,lemma+root
nas,35:5:2,n~aAsu,نَّاسُ,n~aAs,nws,N,P,MP,lemma+root
nas,35:15:2,n~aAsu,نَّاسُ,n~aAs,nws,N,P,MP,lemma+root
nas,35:28:2,n~aAsi,نَّاسِ,n~aAs,nws,N,P,MP,lemma+root
nas,35:45:4,n~aAsa,نَّاسَ,n~aAs,nws,N,P,MP,lemma+root
nas,38:26:9,n~aAsi,نَّاسِ,n~aAs,nws,N,P,MP,lemma+root
nas,39:27:3,n~aAsi,نَّاسِ,n~aAs,nws,N,P,MP,lemma+root
nas,39:41:5,n~aAsi,نَّاسِ,n~aAs,nws,N,P,MP,lemma+root
nas,40:57:7,n~aAsi,نَّاسِ,n~aAs,nws,N,P,MP,lemma+root
nas,40:57:10,n~aAsi,نَّاسِ,n~aAs,nws,N,P,MP,lemma+root
nas,40:59:9,n~aAsi,نَّاسِ,n~aAs,nws,N,P,MP,lemma+root
nas,40:61:15,n~aAsi,نَّاسِ,n~aAs,nws,N,P,MP,lemma+root
nas,40:61:18,n~aAsi,نَّاسِ,n~aAs,nws,N,P,MP,lemma+root
nas,42:42:6,n~aAsa,نَّاسَ,n~aAs,nws,N,P,MP,lemma+root
nas,43:33:4,n~aAsu,نَّاسُ,n~aAs,nws,N,P,MP,lemma+root
nas,44:11:2,n~aAsa,نَّاسَ,n~aAs,nws,N,P,MP,lemma+root
nas,45:20:3,n~aAsi,نَّاسِ,n~aAs,nws,N,P,MP,lemma+root
nas,45:26:16,n~aAsi,نَّاسِ,n~aAs,nws,N,P,MP,lemma+root
nas,46:6:3,n~aAsu,نَّاسُ,n~aAs,nws,N,P,MP,lemma+root
nas,47:3:17,n~aAsi,نَّاسِ,n~aAs,nws,N,P,MP,lemma+root
nas,48:20:11,n~aAsi,نَّاسِ,n~aAs,nws,N,P,MP,lemma+root
nas,49:13:2,n~aAsu,نَّاسُ,n~aAs,nws,N,P,MP,lemma+root
nas,54:20:2,n~aAsa,نَّاسَ,n~aAs,nws,N,P,MP,lemma+root
nas,57:24:4,n~aAsa,نَّاسَ,n~aAs,nws,N,P,MP,lemma+root
nas,57:25:10,n~aAsu,نَّاسُ,n~aAs,nws,N,P,MP,lemma+root
nas,57:25:18,n~aAsi,نَّاسِ,n~aAs,nws,N,P,MP,lemma+root
nas,59:21:16,n~aAsi,نَّاسِ,n~aAs,nws,N,P,MP,lemma+root
nas,62:6:12,n~aAsi,نَّاسِ,n~aAs,nws,N,P,MP,lemma+root
nas,66:6:9,n~aAsu,نَّاسُ,n~aAs,nws,N,P,MP,lemma+root
nas,83:2:5,n~aAsi,نَّاسِ,n~aAs,nws,N,P,MP,lemma+root
nas,83:6:3,n~aAsu,نَّاسُ,n~aAs,nws,N,P,MP,lemma+root
nas,99:6:3,n~aAsu,نَّاسُ,n~aAs,nws,N,P,MP,lemma+root
nas,101:4:3,n~aAsu,نَّاسُ,n~aAs,nws,N,P,MP,lemma+root
nas,110:2:2,n~aAsa,نَّاسَ,n~aAs,nws,N,P,MP,lemma+root
nas,114:1:4,n~aAsi,نَّاسِ,n~aAs,nws,N,P,MP,lemma+root
nas,114:2:2,n~aAsi,نَّاسِ,n~aAs,nws,N,P,MP,lemma+root
nas,114:3:2,n~aAsi,نَّاسِ,n~aAs,nws,N,P,MP,lemma+root
nas,114:5:5,n~aAsi,نَّاسِ,n~aAs,nws,N,P,MP,lemma+root
nas,114:6:3,n~aAsi,نَّاسِ,n~aAs,nws,N,P,MP,lemma+root
nabiy,2:31:10,>an[bi_#u,أَنۢبِـُٔ,>an[ba>a,nbA,V,P,2MP,root
nabiy,2:33:3,>an[bi}o,أَنۢبِئْ,>an[ba>a,nbA,V,S,2MS,root
nabiy,2:33:6,>an[ba>a,أَنۢبَأَ,>an[ba>a,nbA,V,S,3MS,root
nabiy,2:61:52,n~abiy~i.na,نَّبِيِّۦنَ,n~abiY~,nbA,N,P,MP,lemma+root
nabiy,2:91:24,>an[biyaA^'a,أَنۢبِيَآءَ,n~abiY~,nbA,N,P,MP,lemma+root
nabiy,2:136:21,n~abiy~uwna,نَّبِيُّونَ,n~abiY~,nbA,N,P,MP,lemma+root
nabiy,2:177:18,n~abiy~i.na,نَّبِيِّۦنَ,n~abiY~,nbA,N,P,MP,lemma+root
nabiy,2:213:7,n~abiy~i.na,نَّبِيِّۦنَ,n~abiY~,nbA,N,P,MP,lemma+root
nabiy,2:246:13,nabiY~K,نَبِىٍّ,n~abiY~,nbA,N,,,lemma+root
nabiy,2:247:3,nabiy~u,نَبِيُّ,n~abiY~,nbA,N,,,lemma+root
nabiy,2:248:3,nabiy~u,نَبِيُّ,n~abiY~,nbA,N,,,lemma+root
nabiy,3:15:2,&unab~i}u,ؤُنَبِّئُ,nab~a>a,nbA,V,S,1S,root
nabiy,3:21:7,n~abiy~i.na,نَّبِيِّۦنَ,n~abiY~,nbA,N,P,MP,lemma+root
nabiy,3:39:18,nabiy~FA,نَبِيًّا,n~abiY~,nbA,N,,,lemma+root
nabiy,3:44:3,>an[baA^'i,أَنۢبَآءِ,naba>,nbA,N,P,MP,root
nabiy,3:49:31,>unab~i}u,أُنَبِّئُ,nab~a>a,nbA,V,S,1S,root
nabiy,3:68:8,n~abiY~u,نَّبِىُّ,n~abiY~,nbA,N,,,lemma+root
nabiy,3:79:9,n~ubuw~apa,نُّبُوَّةَ,n~ubuw~ap,nbA,N,,,root
nabiy,3:80:6,n~abiy~i.na,نَّبِيِّۦنَ,n~abiY~,nbA,N,P,MP,lemma+root
nabiy,3:81:5,n~abiy~i.na,نَّبِيِّۦنَ,n~abiY~,nbA,N,P,MP,lemma+root
nabiy,3:84:19,n~abiy~uwna,نَّبِيُّونَ,n~abiY~,nbA,N,P,MP,lemma+root
nabiy,3:112:28,>an[biyaA^'a,أَنۢبِيَآءَ,n~abiY~,nbA,N,P,MP,lemma+root
nabiy,3:146:3,n~abiY~K,نَّبِىٍّ,n~abiY~,nbA,N,,,lemma+root
nabiy,3:161:3,nabiY~K,نَبِىٍّ,n~abiY~,nbA,N,,,lemma+root
nabiy,3:181:16,>an[biyaA^'a,أَنۢبِيَآءَ,n~abiY~,nbA,N,P,MP,lemma+root
nabiy,4:69:12,n~abiy~i.na,نَّبِيِّۦنَ,n~abiY~,nbA,N,P,MP,lemma+root
nabiy,4:155:8,>an[biyaA^'a,أَنۢبِيَآءَ,n~abiY~,nbA,N,P,MP,lemma+root
nabiy,4:163:8,n~abiy~i.na,نَّبِيِّۦنَ,n~abiY~,nbA,N,P,MP,lemma+root
nabiy,5:14:21,yunab~i}u,يُنَبِّئُ,nab~a>a,nbA,V,S,3MS,root
nabiy,5:20:13,>an[biyaA^'a,أَنۢبِيَآءَ,n~abiY~,nbA,N,P,MP,lemma+root
nabiy,5:27:3,naba>a,نَبَأَ,naba>,nbA,N,,,root
nabiy,5:44:9,n~abiy~uwna,نَّبِيُّونَ,n~abiY~,nbA,N,P,MP,lemma+root
nabiy,5:48:47,yunab~i}u,يُنَبِّئُ,nab~a>a,nbA,V,S,3MS,root
nabiy,5:60:3,>unab~i}u,أُنَبِّئُ,nab~a>a,nbA,V,S,1S,root
nabiy,5:81:5,n~abiY~i,نَّبِىِّ,n~abiY~,nbA,N,,,lemma+root
nabiy,5:105:16,yunab~i}u,يُنَبِّئُ,nab~a>a,nbA,V,S,3MS,root
nabiy,6:5:8,>an[ba`^&uA@,أَنۢبَٰٓؤُا۟,naba>,nbA,N,P,MP,root
nabiy,6:34:21,n~aba<iY@,نَّبَإِى۟,naba>,nbA,N,,,root
nabiy,6:60:19,yunab~i}u,يُنَبِّئُ,nab~a>a,nbA,V,S,3MS,root
nabiy,6:67:2,naba<K,نَبَإٍ,naba>,nbA,N,,,root
nabiy,6:89:6,n~ubuw~apa,نُّبُوَّةَ,n~ubuw~ap,nbA,N,,,root
nabiy,6:108:22,yunab~i}u,يُنَبِّئُ,nab~a>a,nbA,V,S,3MS,root
nabiy,6:112:4,nabiY~K,نَبِىٍّ,n~abiY~,nbA,N,,,lemma+root
nabiy,6:143:19,nab~i_#u,نَبِّـُٔ,nab~a>a,nbA,V,P,2MP,root
nabiy,6:159:16,yunab~i}u,يُنَبِّئُ,nab~a>a,nbA,V,S,3MS,root
nabiy,6:164:25,yunab~i}u,يُنَبِّئُ,nab~a>a,nbA,V,S,3MS,root
nabiy,7:94:6,n~abiY~K,نَّبِىٍّ,n~abiY~,nbA,N,,,lemma+root
nabiy,7:101:6,>an[baA^}i,أَنۢبَآئِ,naba>,nbA,N,P,MP,root
nabiy,7:157:4,n~abiY~a,نَّبِىَّ,n~abiY~,nbA,N,,,lemma+root
nabiy,7:158:23,n~abiY~i,نَّبِىِّ,n~abiY~,nbA,N,,,lemma+root
nabiy,7:175:3,naba>a,نَبَأَ,naba>,nbA,N,,,root
nabiy,8:64:2,n~abiY~u,نَّبِىُّ,n~abiY~,nbA,N,,,lemma+root
nabiy,8:65:2,n~abiY~u,نَّبِىُّ,n~abiY~,nbA,N,,,lemma+root
nabiy,8:67:3,nabiY~K,نَبِىٍّ,n~abiY~,nbA,N,,,lemma+root
nabiy,8:70:2,n~abiY~u,نَّبِىُّ,n~abiY~,nbA,N,,,lemma+root
nabiy,9:61:4,n~abiY~a,نَّبِىَّ,n~abiY~,nbA,N,,,lemma+root
nabiy,9:64:7,tunab~i}u,تُنَبِّئُ,nab~a>a,nbA,V,S,3FS,root
nabiy,9:70:3,naba>u,نَبَأُ,naba>,nbA,N,,,root
nabiy,9:73:2,n~abiY~u,نَّبِىُّ,n~abiY~,nbA,N,,,lemma+root
nabiy,9:94:13,nab~a>a,نَبَّأَ,nab~a>a,nbA,V,S,3MS,root
nabiy,9:94:27,yunab~i}u,يُنَبِّئُ,nab~a>a,nbA,V,S,3MS,root
nabiy,9:105:13,yunab~i}u,يُنَبِّئُ,nab~a>a,nbA,V,S,3MS,root
nabiy,9:113:3,n~abiY~i,نَّبِىِّ,n~abiY~,nbA,N,,,lemma+root
nabiy,9:117:5,n~abiY~i,نَّبِىِّ,n~abiY~,nbA,N,,,lemma+root
nabiy,10:18:16,tunab~i_#u,تُنَبِّـُٔ,nab~a>a,nbA,V,P,2MP,root
nabiy,10:23:22,nunab~i}u,نُنَبِّئُ,nab~a>a,nbA,V,P,1P,root
nabiy,10:53:1,yasotan[bi_#u,يَسْتَنۢبِـُٔ,yasotan[bi_#u,nbA,V,P,3MP,root
nabiy,10:71:3,naba>a,نَبَأَ,naba>,nbA,N,,,root
nabiy,11:49:3,>an[baA^'i,أَنۢبَآءِ,naba>,nbA,N,P,MP,root
nabiy,11:100:3,>an[baA^'i,أَنۢبَآءِ,naba>,nbA,N,P,MP,root
nabiy,11:120:5,>an[baA^'i,أَنۢبَآءِ,naba>,nbA,N,P,MP,root
nabiy,12:15:12,tunab~i}a,تُنَبِّئَ,nab~a>a,nbA,V,S,2MS,root
nabiy,12:36:22,nab~i}o,نَبِّئْ,nab~a>a,nbA,V,S,2MS,root
nabiy,12:37:7,nab~a>o,نَبَّأْ,nab~a>a,nbA,V,S,1S,root
nabiy,12:45:9,>unab~i}u,أُنَبِّئُ,nab~a>a,nbA,V,S,1S,root
nabiy,12:102:3,>an[baA^'i,أَنۢبَآءِ,naba>,nbA,N,P,MP,root
nabiy,13:33:15,tunab~i_#u,تُنَبِّـُٔ,nab~a>a,nbA,V,P,2MP,root
nabiy,14:9:3,naba&uA@,نَبَؤُا۟,naba>,nbA,N,,,root
nabiy,15:49:1,nab~i}o,نَبِّئْ,nab~a>a,nbA,V,S,2MS,root
nabiy,15:51:1,nab~i}o,نَبِّئْ,nab~a>a,nbA,V,S,2MS,root
nabiy,17:55:10,n~abiy~i.na,نَّبِيِّۦنَ,n~abiY~,nbA,N,P,MP,lemma+root
nabiy,18:13:4,naba>a,نَبَأَ,naba>,nbA,N,,,root
nabiy,18:78:6,>unab~i}u,أُنَبِّئُ,nab~a>a,nbA,V,S,1S,root
nabiy,18:103:3,nunab~i}u,نُنَبِّئُ,nab~a>a,nbA,V,P,1P,root
nabiy,19:30:8,nabiy~FA,نَبِيًّا,n~abiY~,nbA,N,,,lemma+root
nabiy,19:41:8,n~abiy~FA,نَّبِيًّا,n~abiY~,nbA,N,,,lemma+root
nabiy,19:49:14,nabiy~FA,نَبِيًّا,n~abiY~,nbA,N,,,lemma+root
nabiy,19:51:10,n~abiy~FA,نَّبِيًّا,n~abiY~,nbA,N,,,lemma+root
nabiy,19:53:7,nabiy~FA,نَبِيًّا,n~abiY~,nbA,N,,,lemma+root
nabiy,19:54:11,n~abiy~FA,نَّبِيًّا,n~abiY~,nbA,N,,,lemma+root
nabiy,19:56:8,n~abiy~FA,نَّبِيًّا,n~abiY~,nbA,N,,,lemma+root
nabiy,19:58:7,n~abiy~i.na,نَّبِيِّۦنَ,n~abiY~,nbA,N,P,MP,lemma+root
nabiy,20:99:5,>an[baA^'i,أَنۢبَآءِ,naba>,nbA,N,P,MP,root
nabiy,22:52:8,nabiY~K,نَبِىٍّ,n~abiY~,nbA,N,,,lemma+root
nabiy,22:72:19,>unab~i}u,أُنَبِّئُ,nab~a>a,nbA,V,S,1S,root
nabiy,24:64:16,yunab~i}u,يُنَبِّئُ,nab~a>a,nbA,V,S,3MS,root
nabiy,25:31:4,nabiY~K,نَبِىٍّ,n~abiY~,nbA,N,,,lemma+root
nabiy,26:6:4,>an[ba`^&uA@,أَنۢبَٰٓؤُا۟,naba>,nbA,N,P,MP,root
nabiy,26:69:3,naba>a,نَبَأَ,naba>,nbA,N,,,root
nabiy,26:221:2,>unab~i}u,أُنَبِّئُ,nab~a>a,nbA,V,S,1S,root
nabiy,27:22:13,naba<K,نَبَإٍ,naba>,nbA,N,,,root
nabiy,28:3:4,n~aba<i,نَّبَإِ,naba>,nbA,N,,,root
nabiy,28:66:3,>an[baA^'u,أَنۢبَآءُ,naba>,nbA,N,P,MP,root
nabiy,29:8:18,>unab~i}u,أُنَبِّئُ,nab~a>a,nbA,V,S,1S,root
nabiy,29:27:8,n~ubuw~apa,نُّبُوَّةَ,n~ubuw~ap,nbA,N,,,root
nabiy,31:15:26,>unab~i}u,أُنَبِّئُ,nab~a>a,nbA,V,S,1S,root
nabiy,31:23:8,nunab~i}u,نُنَبِّئُ,nab~a>a,nbA,V,P,1P,root
nabiy,33:1:2,n~abiY~u,نَّبِىُّ,n~abiY~,nbA,N,,,lemma+root
nabiy,33:6:1,n~abiY~u,نَّبِىُّ,n~abiY~,nbA,N,,,lemma+root
nabiy,33:7:4,n~abiy~i.na,نَّبِيِّۦنَ,n~abiY~,nbA,N,P,MP,lemma+root
nabiy,33:13:14,n~abiY~a,نَّبِىَّ,n~abiY~,nbA,N,,,lemma+root
nabiy,33:20:16,>an[baA^}i,أَنۢبَآئِ,naba>,nbA,N,P,MP,root
nabiy,33:28:2,n~abiY~u,نَّبِىُّ,n~abiY~,nbA,N,,,lemma+root
nabiy,33:30:2,n~abiY~i,نَّبِىِّ,n~abiY~,nbA,N,,,lemma+root
nabiy,33:32:2,n~abiY~i,نَّبِىِّ,n~abiY~,nbA,N,,,lemma+root
nabiy,33:38:4,n~abiY~i,نَّبِىِّ,n~abiY~,nbA,N,,,lemma+root
nabiy,33:40:12,n~abiy~i.na,نَّبِيِّۦنَ,n~abiY~,nbA,N,P,MP,lemma+root
nabiy,33:45:2,n~abiY~u,نَّبِىُّ,n~abiY~,nbA,N,,,lemma+root
nabiy,33:50:2,n~abiY~u,نَّبِىُّ,n~abiY~,nbA,N,,,lemma+root
nabiy,33:50:33,n~abiY~i,نَّبِىِّ,n~abiY~,nbA,N,,,lemma+root
nabiy,33:50:36,n~abiY~u,نَّبِىُّ,n~abiY~,nbA,N,,,lemma+root
nabiy,33:53:7,n~abiY~i,نَّبِىِّ,n~abiY~,nbA,N,,,lemma+root
nabiy,33:53:31,n~abiY~a,نَّبِىَّ,n~abiY~,nbA,N,,,lemma+root
nabiy,33:56:6,n~abiY~i,نَّبِىِّ,n~abiY~,nbA,N,,,lemma+root
nabiy,33:59:2,n~abiY~u,نَّبِىُّ,n~abiY~,nbA,N,,,lemma+root
nabiy,34:7:8,yunab~i}u,يُنَبِّئُ,nab~a>a,nbA,V,S,3MS,root
nabiy,35:14:16,yunab~i}u,يُنَبِّئُ,nab~a>a,nbA,V,S,3MS,root
nabiy,37:112:3,nabiy~FA,نَبِيًّا,n~abiY~,nbA,N,,,lemma+root
nabiy,38:21:3,naba&uA@,نَبَؤُا۟,naba>,nbA,N,,,root
nabiy,38:67:3,naba&NA@,نَبَؤٌا۟,naba>,nbA,N,,,root
nabiy,38:88:2,naba>a,نَبَأَ,naba>,nbA,N,,,root
nabiy,39:7:24,yunab~i}u,يُنَبِّئُ,nab~a>a,nbA,V,S,3MS,root
nabiy,39:69:8,n~abiy~i.na,نَّبِيِّۦنَ,n~abiY~,nbA,N,P,MP,lemma+root
nabiy,41:50:24,nunab~i}a,نُنَبِّئَ,nab~a>a,nbA,V,P,1P,root
nabiy,43:6:4,n~abiY~K,نَّبِىٍّ,n~abiY~,nbA,N,,,lemma+root
nabiy,43:7:4,n~abiY~K,نَّبِىٍّ,n~abiY~,nbA,N,,,lemma+root
nabiy,45:16:7,n~ubuw~apa,نُّبُوَّةَ,n~ubuw~ap,nbA,N,,,root
nabiy,49:2:9,n~abiY~i,نَّبِىِّ,n~abiY~,nbA,N,,,lemma+root
nabiy,49:6:7,naba<K,نَبَإٍ,naba>,nbA,N,,,root
nabiy,53:36:3,yunab~a>o,يُنَبَّأْ,nab~a>a,nbA,V,S,3MS,root
nabiy,54:4:4,>an[baA^'i,أَنۢبَآءِ,naba>,nbA,N,P,MP,root
nabiy,54:28:1,nab~i}o,نَبِّئْ,nab~a>a,nbA,V,S,2MS,root
nabiy,57:26:8,n~ubuw~apa,نُّبُوَّةَ,n~ubuw~ap,nbA,N,,,root
nabiy,58:6:5,yunab~i}u,يُنَبِّئُ,nab~a>a,nbA,V,S,3MS,root
nabiy,58:7:38,yunab~i}u,يُنَبِّئُ,nab~a>a,nbA,V,S,3MS,root
nabiy,60:12:2,n~abiY~u,نَّبِىُّ,n~abiY~,nbA,N,,,lemma+root
nabiy,62:8:15,yunab~i}u,يُنَبِّئُ,nab~a>a,nbA,V,S,3MS,root
nabiy,64:5:3,naba&uA@,نَبَؤُا۟,naba>,nbA,N,,,root
nabiy,64:7:12,tunab~a&u,تُنَبَّؤُ,nab~a>a,nbA,V,P,2MP,root
nabiy,65:1:2,n~abiY~u,نَّبِىُّ,n~abiY~,nbA,N,,,lemma+root
nabiy,66:1:2,n~abiY~u,نَّبِىُّ,n~abiY~,nbA,N,,,lemma+root
nabiy,66:3:3,n~abiY~u,نَّبِىُّ,n~abiY~,nbA,N,,,lemma+root
nabiy,66:3:9,nab~a>ato,نَبَّأَتْ,nab~a>a,nbA,V,S,3FS,root
nabiy,66:3:20,nab~a>a,نَبَّأَ,nab~a>a,nbA,V,S,3MS,root
nabiy,66:3:24,>an[ba>a,أَنۢبَأَ,>an[ba>a,nbA,V,S,3MS,root
nabiy,66:3:27,nab~a>a,نَبَّأَ,nab~a>a,nbA,V,S,3MS,root
nabiy,66:8:25,n~abiY~a,نَّبِىَّ,n~abiY~,nbA,N,,,lemma+root
nabiy,66:9:2,n~abiY~u,نَّبِىُّ,n~abiY~,nbA,N,,,lemma+root
nabiy,75:13:1,yunab~a&uA@,يُنَبَّؤُا۟,nab~a>a,nbA,V,S,3MS,root
nabiy,78:2:2,n~aba<i,نَّبَإِ,naba>,nbA,N,S,MS,root
muhammad,3:144:2,muHam~adN,مُحَمَّدٌ,muHam~ad,,PN,,,lemma
muhammad,33:40:3,muHam~adN,مُحَمَّدٌ,muHam~ad,,PN,,,lemma
muhammad,47:2:9,muHam~adK,مُحَمَّدٍ,muHam~ad,,PN,,,lemma
muhammad,48:29:1,m~uHam~adN,مُّحَمَّدٌ,muHam~ad,,PN,,,lemma
sharia,5:48:28,$iroEapF,شِرْعَةً,$iroEap,$rE,N,,,variant+root
sharia,7:163:17,$ur~aEFA,شُرَّعًا,$ur~aE,$rE,N,P,MP,root
sharia,42:13:1,$araEa,شَرَعَ,$araEa,$rE,V,S,3MS,root
sharia,42:21:4,$araEu,شَرَعُ,$araEa,$rE,V,P,3MP,root
sharia,45:18:4,$ariyEapK,شَرِيعَةٍ,$ariyEap,$rE,N,,,lemma+root
musiba,2:19:2,Say~ibK,صَيِّبٍ,Say~ib,Swb,N,,,root
musiba,2:156:3,>aSa`bato,أَصَٰبَتْ,>aSaAba,Swb,V,S,3FS,root
musiba,2:156:4,m~uSiybapN,مُّصِيبَةٌ,m~uSiybap,Swb,N,,,lemma+root
musiba,2:264:24,>aSaAba,أَصَابَ,>aSaAba,Swb,V,S,3MS,root
musiba,2:265:14,>aSaAba,أَصَابَ,>aSaAba,Swb,V,S,3MS,root
musiba,2:265:21,yuSibo,يُصِبْ,>aSaAba,Swb,V,S,3MS,root
musiba,2:266:19,>aSaAba,أَصَابَ,>aSaAba,Swb,V,S,3MS,root
musiba,2:266:24,>aSaAba,أَصَابَ,>aSaAba,Swb,V,S,3MS,root
musiba,3:117:12,>aSaAbato,أَصَابَتْ,>aSaAba,Swb,V,S,3FS,root
musiba,3:120:6,tuSibo,تُصِبْ,>aSaAba,Swb,V,S,2MS,root
musiba,3:146:11,>aSaAba,أَصَابَ,>aSaAba,Swb,V,S,3MS,root
musiba,3:153:21,>aSa`ba,أَصَٰبَ,>aSaAba,Swb,V,S,3MS,root
musiba,3:165:2,>aSa`bato,أَصَٰبَتْ,>aSaAba,Swb,V,S,3FS,root
musiba,3:165:3,m~uSiybapN,مُّصِيبَةٌ,m~uSiybap,Swb,N,,,lemma+root
musiba,3:165:5,>aSabo,أَصَبْ,>aSaAba,Swb,V,P,2MP,root
musiba,3:166:2,>aSa`ba,أَصَٰبَ,>aSaAba,Swb,V,S,3MS,root
musiba,3:172:8,>aSaAba,أَصَابَ,>aSaAba,Swb,V,S,3MS,root
musiba,4:62:3,>aSa`bato,أَصَٰبَتْ,>aSaAba,Swb,V,S,3FS,root
musiba,4:62:4,m~uSiybapN[,مُّصِيبَةٌۢ,m~uSiybap,Swb,N,,,lemma+root
musiba,4:72:6,>aSa`bato,أَصَٰبَتْ,>aSaAba,Swb,V,S,3FS,root
musiba,4:72:7,m~uSiybapN,مُّصِيبَةٌ,m~uSiybap,Swb,N,,,lemma+root
musiba,4:73:2,>aSa`ba,أَصَٰبَ,>aSaAba,Swb,V,S,3MS,root
musiba,4:78:11,tuSibo,تُصِبْ,>aSaAba,Swb,V,S,3FS,root
musiba,4:78:19,tuSibo,تُصِبْ,>aSaAba,Swb,V,S,3FS,root
musiba,4:79:2,>aSaAba,أَصَابَ,>aSaAba,Swb,V,S,3MS,root
musiba,4:79:8,>aSaAba,أَصَابَ,>aSaAba,Swb,V,S,3MS,root
musiba,5:49:26,yuSiyba,يُصِيبَ,>aSaAba,Swb,V,S,3MS,root
musiba,5:52:11,tuSiyba,تُصِيبَ,>aSaAba,Swb,V,S,3FS,root
musiba,5:106:25,>aSa`bato,أَصَٰبَتْ,>aSaAba,Swb,V,S,3FS,root
musiba,5:106:26,m~uSiybapu,مُّصِيبَةُ,m~uSiybap,Swb,N,,,lemma+root
musiba,6:124:19,yuSiybu,يُصِيبُ,>aSaAba,Swb,V,S,3MS,root
musiba,7:100:12,>aSabo,أَصَبْ,>aSaAba,Swb,V,P,1P,root
musiba,7:131:8,tuSibo,تُصِبْ,>aSaAba,Swb,V,S,3FS,root
musiba,7:156:14,>uSiybu,أُصِيبُ,>aSaAba,Swb,V,S,1S,root
musiba,8:25:4,tuSiyba,تُصِيبَ,>aSaAba,Swb,V,S,3FS,root
musiba,9:50:2,tuSibo,تُصِبْ,>aSaAba,Swb,V,S,2MS,root
musiba,9:50:6,tuSibo,تُصِبْ,>aSaAba,Swb,V,S,2MS,root
musiba,9:50:7,muSiybapN,مُصِيبَةٌ,m~uSiybap,Swb,N,,,lemma+root
musiba,9:51:3,yuSiyba,يُصِيبَ,>aSaAba,Swb,V,S,3MS,root
musiba,9:52:12,yuSiyba,يُصِيبَ,>aSaAba,Swb,V,S,3MS,root
musiba,9:90:12,yuSiybu,يُصِيبُ,>aSaAba,Swb,V,S,3MS,root
musiba,9:120:22,yuSiybu,يُصِيبُ,>aSaAba,Swb,V,S,3MS,root
musiba,10:107:16,yuSiybu,يُصِيبُ,>aSaAba,Swb,V,S,3MS,root
musiba,11:81:21,muSiybu,مُصِيبُ,muSiyb,Swb,N,,,root
musiba,11:81:23,>aSaAba,أَصَابَ,>aSaAba,Swb,V,S,3MS,root
musiba,11:89:6,yuSiyba,يُصِيبَ,>aSaAba,Swb,V,S,3MS,root
musiba,11:89:9,>aSaAba,أَصَابَ,>aSaAba,Swb,V,S,3MS,root
musiba,12:56:10,nuSiybu,نُصِيبُ,>aSaAba,Swb,V,P,1P,root
musiba,13:13:9,yuSiybu,يُصِيبُ,>aSaAba,Swb,V,S,3MS,root
musiba,13:31:34,tuSiybu,تُصِيبُ,>aSaAba,Swb,V,S,3FS,root
musiba,16:34:1,>aSaAba,أَصَابَ,>aSaAba,Swb,V,S,3MS,root
musiba,22:11:9,>aSaAba,أَصَابَ,>aSaAba,Swb,V,S,3MS,root
musiba,22:11:14,>aSaAbato,أَصَابَتْ,>aSaAba,Swb,V,S,3FS,root
musiba,22:35:10,>aSaAba,أَصَابَ,>aSaAba,Swb,V,S,3MS,root
musiba,24:43:26,yuSiybu,يُصِيبُ,>aSaAba,Swb,V,S,3MS,root
musiba,24:63:22,tuSiyba,تُصِيبَ,>aSaAba,Swb,V,S,3FS,root
musiba,24:63:25,yuSiyba,يُصِيبَ,>aSaAba,Swb,V,S,3MS,root
musiba,28:47:3,tuSiyba,تُصِيبَ,>aSaAba,Swb,V,S,3FS,root
musiba,28:47:4,m~uSiybapN[,مُّصِيبَةٌۢ,m~uSiybap,Swb,N,,,lemma+root
musiba,30:36:8,tuSibo,تُصِبْ,>aSaAba,Swb,V,S,3FS,root
musiba,30:48:20,>aSaAba,أَصَابَ,>aSaAba,Swb,V,S,3MS,root
musiba,31:17:12,>aSaAba,أَصَابَ,>aSaAba,Swb,V,S,3MS,root
musiba,38:36:8,>aSaAba,أَصَابَ,>aSaAba,Swb,V,S,3MS,root
musiba,39:51:1,>aSaAba,أَصَابَ,>aSaAba,Swb,V,S,3MS,root
musiba,39:51:9,yuSiybu,يُصِيبُ,>aSaAba,Swb,V,S,3MS,root
musiba,40:28:28,yuSibo,يُصِبْ,>aSaAba,Swb,V,S,3MS,root
musiba,42:30:2,>aSa`ba,أَصَٰبَ,>aSaAba,Swb,V,S,3MS,root
musiba,42:30:4,m~uSiybapK,مُّصِيبَةٍ,m~uSiybap,Swb,N,,,lemma+root
musiba,42:39:3,>aSaAba,أَصَابَ,>aSaAba,Swb,V,S,3MS,root
musiba,42:48:20,tuSibo,تُصِبْ,>aSaAba,Swb,V,S,3FS,root
musiba,48:25:22,tuSiyba,تُصِيبَ,>aSaAba,Swb,V,S,2MS,root
musiba,49:6:10,tuSiybu,تُصِيبُ,>aSaAba,Swb,V,P,2MP,root
musiba,57:22:2,>aSaAba,أَصَابَ,>aSaAba,Swb,V,S,3MS,root
musiba,57:22:4,m~uSiybapK,مُّصِيبَةٍ,m~uSiybap,Swb,N,,,lemma+root
musiba,64:11:2,>aSaAba,أَصَابَ,>aSaAba,Swb,V,S,3MS,root
musiba,64:11:4,m~uSiybapK,مُّصِيبَةٍ,m~uSiybap,Swb,N,,,lemma+root
musiba,78:38:14,SawaAbFA,صَوَابًا,SawaAb,Swb,N,,,root
shukr,2:52:8,ta$okuru,تَشْكُرُ,$akara,$kr,V,P,2MP,root
shukr,2:56:7,ta$okuru,تَشْكُرُ,$akara,$kr,V,P,2MP,root
shukr,2:152:3,{$okuru,ٱشْكُرُ,$akara,$kr,V,P,2MP,root
shukr,2:158:23,$aAkirN,شَاكِرٌ,$aAkir,$kr,N,,,root
shukr,2:172:9,{$okuru,ٱشْكُرُ,$akara,$kr,V,P,2MP,root
shukr,2:185:44,ta$okuru,تَشْكُرُ,$akara,$kr,V,P,2MP,root
shukr,2:243:28,ya$okuru,يَشْكُرُ,$akara,$kr,V,P,3MP,root
shukr,3:123:10,ta$okuru,تَشْكُرُ,$akara,$kr,V,P,2MP,root
shukr,3:144:27,$~a`kiriyna,شَّٰكِرِينَ,$aAkir,$kr,N,P,MP,root
shukr,3:145:24,$~a`kiriyna,شَّٰكِرِينَ,$aAkir,$kr,N,P,MP,root
shukr,4:147:6,$akaro,شَكَرْ,$akara,$kr,V,P,2MP,root
shukr,4:147:10,$aAkirFA,شَاكِرًا,$aAkir,$kr,N,,,root
shukr,5:6:61,ta$okuru,تَشْكُرُ,$akara,$kr,V,P,2MP,root
shukr,5:89:45,ta$okuru,تَشْكُرُ,$akara,$kr,V,P,2MP,root
shukr,6:53:15,$~a`kiriyna,شَّٰكِرِينَ,$aAkir,$kr,N,P,MP,root
shukr,6:63:17,$~a`kiriyna,شَّٰكِرِينَ,$aAkir,$kr,N,P,MP,root
shukr,7:10:11,ta$okuru,تَشْكُرُ,$akara,$kr,V,P,2MP,root
shukr,7:17:15,$a`kiriyna,شَٰكِرِينَ,$aAkir,$kr,N,P,MP,root
shukr,7:58:17,ya$okuru,يَشْكُرُ,$akara,$kr,V,P,3MP,root
shukr,7:144:14,$~a`kiriyna,شَّٰكِرِينَ,$aAkir,$kr,N,P,MP,root
shukr,7:189:29,$~a`kiriyna,شَّٰكِرِينَ,$aAkir,$kr,N,P,MP,root
shukr,8:26:19,ta$okuru,تَشْكُرُ,$akara,$kr,V,P,2MP,root
shukr,10:22:41,$~a`kiriyna,شَّٰكِرِينَ,$aAkir,$kr,N,P,MP,root
shukr,10:60:19,ya$okuru,يَشْكُرُ,$akara,$kr,V,P,3MP,root
shukr,12:38:26,ya$okuru,يَشْكُرُ,$akara,$kr,V,P,3MP,root
shukr,14:5:21,$akuwrK,شَكُورٍ,$akuwr,$kr,ADJ,S,MS,root
shukr,14:7:5,$akaro,شَكَرْ,$akara,$kr,V,P,2MP,root
shukr,14:37:26,ya$okuru,يَشْكُرُ,$akara,$kr,V,P,3MP,root
shukr,16:14:21,ta$okuru,تَشْكُرُ,$akara,$kr,V,P,2MP,root
shukr,16:78:15,ta$okuru,تَشْكُرُ,$akara,$kr,V,P,2MP,root
shukr,16:114:7,{$okuru,ٱشْكُرُ,$akara,$kr,V,P,2MP,root
shukr,16:121:1,$aAkirFA,شَاكِرًا,$aAkir,$kr,N,,,root
shukr,17:3:9,$akuwrFA,شَكُورًا,$akuwr,$kr,ADJ,S,MS,root
shukr,17:19:12,m~a$okuwrFA,مَّشْكُورًا,m~a$okuwr,$kr,N,,,root
shukr,21:80:10,$a`kiruwna,شَٰكِرُونَ,$aAkir,$kr,N,P,MP,root
shukr,22:36:27,ta$okuru,تَشْكُرُ,$akara,$kr,V,P,2MP,root
shukr,23:78:10,ta$okuru,تَشْكُرُ,$akara,$kr,V,P,2MP,root
shukr,25:62:13,$ukuwrFA,شُكُورًا,$ukuwr,$kr,N,,,root
shukr,27:19:9,>a$okura,أَشْكُرَ,$akara,$kr,V,S,1S,root
shukr,27:40:25,>a$okuru,أَشْكُرُ,$akara,$kr,V,S,1S,root
shukr,27:40:29,$akara,شَكَرَ,$akara,$kr,V,S,3MS,root
shukr,27:40:31,ya$okuru,يَشْكُرُ,$akara,$kr,V,S,3MS,root
shukr,27:73:10,ya$okuru,يَشْكُرُ,$akara,$kr,V,P,3MP,root
shukr,28:73:13,ta$okuru,تَشْكُرُ,$akara,$kr,V,P,2MP,root
shukr,29:17:24,{$okuru,ٱشْكُرُ,$akara,$kr,V,P,2MP,root
shukr,30:46:17,ta$okuru,تَشْكُرُ,$akara,$kr,V,P,2MP,root
shukr,31:12:6,{$okuro,ٱشْكُرْ,$akara,$kr,V,S,2MS,root
shukr,31:12:9,ya$okuro,يَشْكُرْ,$akara,$kr,V,S,3MS,root
shukr,31:12:11,ya$okuru,يَشْكُرُ,$akara,$kr,V,S,3MS,root
shukr,31:14:13,{$okuro,ٱشْكُرْ,$akara,$kr,V,S,2MS,root
shukr,31:31:19,$akuwrK,شَكُورٍ,$akuwr,$kr,ADJ,S,MS,root
shukr,32:9:14,ta$okuru,تَشْكُرُ,$akara,$kr,V,P,2MP,root
shukr,34:13:15,$ukorFA,شُكْرًا,$ukor,$kr,N,,,lemma+root
shukr,34:13:19,$~akuwru,شَّكُورُ,$akuwr,$kr,ADJ,S,MS,root
shukr,34:15:15,{$okuru,ٱشْكُرُ,$akara,$kr,V,P,2MP,root
shukr,34:19:19,$akuwrK,شَكُورٍ,$akuwr,$kr,ADJ,S,MS,root
shukr,35:12:28,ta$okuru,تَشْكُرُ,$akara,$kr,V,P,2MP,root
shukr,35:30:8,$akuwrN,شَكُورٌ,$akuwr,$kr,ADJ,S,MS,root
shukr,35:34:11,$akuwrN,شَكُورٌ,$akuwr,$kr,ADJ,S,MS,root
shukr,36:35:8,ya$okuru,يَشْكُرُ,$akara,$kr,V,P,3MP,root
shukr,36:73:6,ya$okuru,يَشْكُرُ,$akara,$kr,V,P,3MP,root
shukr,39:7:12,ta$okuru,تَشْكُرُ,$akara,$kr,V,P,2MP,root
shukr,39:66:6,$~a`kiriyna,شَّٰكِرِينَ,$aAkir,$kr,N,P,MP,root
shukr,40:61:20,ya$okuru,يَشْكُرُ,$akara,$kr,V,P,3MP,root
shukr,42:23:29,$akuwrN,شَكُورٌ,$akuwr,$kr,ADJ,S,MS,root
shukr,42:33:15,$akuwrK,شَكُورٍ,$akuwr,$kr,ADJ,S,MS,root
shukr,45:12:14,ta$okuru,تَشْكُرُ,$akara,$kr,V,P,2MP,root
shukr,46:15:25,>a$okura,أَشْكُرَ,$akara,$kr,V,S,1S,root
shukr,54:35:7,$akara,شَكَرَ,$akara,$kr,V,S,3MS,root
shukr,56:70:6,ta$okuru,تَشْكُرُ,$akara,$kr,V,P,2MP,root
shukr,64:17:11,$akuwrN,شَكُورٌ,$akuwr,$kr,N,S,MS,root
shukr,67:23:12,ta$okuru,تَشْكُرُ,$akara,$kr,V,P,2MP,root
shukr,76:3:5,$aAkirFA,شَاكِرًا,$aAkir,$kr,N,,,root
shukr,76:9:10,$ukuwrFA,شُكُورًا,$ukuwr,$kr,N,,,root
shukr,76:22:8,m~a$okuwrFA,مَّشْكُورًا,m~a$okuwr,$kr,N,,,root
jahr,2:55:10,jahorapF,جَهْرَةً,jahorap,jhr,N,,,root
jahr,4:148:4,jahora,جَهْرَ,jahor,jhr,N,,,lemma+root
jahr,4:153:19,jahorapF,جَهْرَةً,jahorap,jhr,N,,,root
jahr,6:3:9,jahora,جَهْرَ,jahor,jhr,N,,,lemma+root
jahr,6:47:9,jahorapF,جَهْرَةً,jahorap,jhr,N,,,root
jahr,7:205:8,jahori,جَهْرِ,jahor,jhr,N,,,lemma+root
jahr,13:10:7,jahara,جَهَرَ,jahara,jhr,V,S,3MS,root
jahr,16:75:19,jahorFA,جَهْرًا,jahor,jhr,N,,,lemma+root
jahr,17:110:14,tajoharo,تَجْهَرْ,jahara,jhr,V,S,2MS,root
jahr,20:7:2,tajoharo,تَجْهَرْ,jahara,jhr,V,S,2MS,root
jahr,21:110:3,jahora,جَهْرَ,jahor,jhr,N,,,lemma+root
jahr,49:2:11,tajoharu,تَجْهَرُ,jahara,jhr,V,P,2MP,root
jahr,49:2:14,jahori,جَهْرِ,jahor,jhr,N,,,lemma+root
jahr,67:13:4,{joharu,ٱجْهَرُ,jahara,jhr,V,P,2MP,root
jahr,71:8:4,jihaArFA,جِهَارًا,jihaAr,jhr,N,,,root
jahr,87:7:7,jahora,جَهْرَ,jahor,jhr,N,,,lemma+root
alaniya,2:77:9,yuEolinu,يُعْلِنُ,>aEolan,Eln,V,P,3MP,root
alaniya,2:274:7,EalaAniyapF,عَلَانِيَةً,EalaAniyap,Eln,N,,,lemma+root
alaniya,11:5:15,yuEolinu,يُعْلِنُ,>aEolan,Eln,V,P,3MP,root
alaniya,13:22:12,EalaAniyapF,عَلَانِيَةً,EalaAniyap,Eln,N,,,lemma+root
alaniya,14:31:11,EalaAniyapF,عَلَانِيَةً,EalaAniyap,Eln,N,,,lemma+root
alaniya,14:38:7,nuEolinu,نُعْلِنُ,>aEolan,Eln,V,P,1P,root
alaniya,16:19:6,tuEolinu,تُعْلِنُ,>aEolan,Eln,V,P,2MP,root
alaniya,16:23:9,yuEolinu,يُعْلِنُ,>aEolan,Eln,V,P,3MP,root
alaniya,27:25:14,tuEolinu,تُعْلِنُ,>aEolan,Eln,V,P,2MP,root
alaniya,27:74:8,yuEolinu,يُعْلِنُ,>aEolan,Eln,V,P,3MP,root
alaniya,28:69:7,yuEolinu,يُعْلِنُ,>aEolan,Eln,V,P,3MP,root
alaniya,35:29:12,EalaAniyapF,عَلَانِيَةً,EalaAniyap,Eln,N,,,lemma+root
alaniya,36:76:9,yuEolinu,يُعْلِنُ,>aEolan,Eln,V,P,3MP,root
alaniya,60:1:41,>aEolan,أَعْلَن,>aEolan,Eln,V,P,2MP,root
alaniya,64:4:10,tuEolinu,تُعْلِنُ,>aEolan,Eln,V,P,2MP,root
alaniya,71:9:3,>aEolan,أَعْلَن,>aEolan,Eln,V,S,1S,root
lisan,3:78:5,>alosinata,أَلْسِنَتَ,lisaAn,lsn,N,P,MP,lemma+root
lisan,4:46:16,>alosinati,أَلْسِنَتِ,lisaAn,lsn,N,P,MP,lemma+root
lisan,5:78:8,lisaAni,لِسَانِ,lisaAn,lsn,N,,,lemma+root
lisan,14:4:6,lisaAni,لِسَانِ,lisaAn,lsn,N,,,lemma+root
lisan,16:62:6,>alosinatu,أَلْسِنَتُ,lisaAn,lsn,N,P,MP,lemma+root
lisan,16:103:8,l~isaAnu,لِّسَانُ,lisaAn,lsn,N,,,lemma+root
lisan,16:103:14,lisaAnN,لِسَانٌ,lisaAn,lsn,N,,,lemma+root
lisan,16:116:5,>alosinatu,أَلْسِنَتُ,lisaAn,lsn,N,P,MP,lemma+root
lisan,19:50:7,lisaAna,لِسَانَ,lisaAn,lsn,N,,,lemma+root
lisan,19:97:3,lisaAni,لِسَانِ,lisaAn,lsn,N,,,lemma+root
lisan,20:27:4,l~isaAni,لِّسَانِ,lisaAn,lsn,N,,,lemma+root
lisan,24:15:3,>alosinati,أَلْسِنَتِ,lisaAn,lsn,N,P,MP,lemma+root
lisan,24:24:4,>alosinatu,أَلْسِنَتُ,lisaAn,lsn,N,P,MP,lemma+root
lisan,26:13:5,lisaAni,لِسَانِ,lisaAn,lsn,N,,,lemma+root
lisan,26:84:3,lisaAna,لِسَانَ,lisaAn,lsn,N,,,lemma+root
lisan,26:195:1,lisaAnK,لِسَانٍ,lisaAn,lsn,N,,,lemma+root
lisan,28:34:6,lisaAnFA,لِسَانًا,lisaAn,lsn,N,,,lemma+root
lisan,30:22:7,>alosinati,أَلْسِنَتِ,lisaAn,lsn,N,P,MP,lemma+root
lisan,33:19:20,>alosinapK,أَلْسِنَةٍ,lisaAn,lsn,N,P,MP,lemma+root
lisan,44:58:3,lisaAni,لِسَانِ,lisaAn,lsn,N,,,lemma+root
lisan,46:12:10,l~isaAnFA,لِّسَانًا,lisaAn,lsn,N,,,lemma+root
lisan,48:11:12,>alosinati,أَلْسِنَتِ,lisaAn,lsn,N,P,MP,lemma+root
lisan,60:2:9,>alosinata,أَلْسِنَتَ,lisaAn,lsn,N,P,MP,lemma+root
lisan,75:16:4,lisaAna,لِسَانَ,lisaAn,lsn,N,,,lemma+root
lisan,90:9:1,lisaAnFA,لِسَانًا,lisaAn,lsn,N,,,lemma+root
mawiza,2:66:8,mawoEiZapF,مَوْعِظَةً,m~awoEiZap,wEZ,N,,,lemma+root
mawiza,2:231:36,yaEiZu,يَعِظُ,waEaZo,wEZ,V,S,3MS,root
mawiza,2:232:16,yuwEaZu,يُوعَظُ,waEaZo,wEZ,V,S,3MS,root
mawiza,2:275:28,mawoEiZapN,مَوْعِظَةٌ,m~awoEiZap,wEZ,N,,,lemma+root
mawiza,3:138:5,mawoEiZapN,مَوْعِظَةٌ,m~awoEiZap,wEZ,N,,,lemma+root
mawiza,4:34:25,EiZu,عِظُ,waEaZo,wEZ,V,P,2MP,root
mawiza,4:58:19,yaEiZu,يَعِظُ,waEaZo,wEZ,V,S,3MS,root
mawiza,4:63:10,EiZo,عِظْ,waEaZo,wEZ,V,S,2MS,root
mawiza,4:66:21,yuwEaZu,يُوعَظُ,waEaZo,wEZ,V,P,3MP,root
mawiza,5:46:25,mawoEiZapF,مَوْعِظَةً,m~awoEiZap,wEZ,N,,,lemma+root
mawiza,7:145:8,m~awoEiZapF,مَّوْعِظَةً,m~awoEiZap,wEZ,N,,,lemma+root
mawiza,7:164:6,taEiZu,تَعِظُ,waEaZo,wEZ,V,P,2MP,root
mawiza,10:57:5,m~awoEiZapN,مَّوْعِظَةٌ,m~awoEiZap,wEZ,N,,,lemma+root
mawiza,11:46:19,>aEiZu,أَعِظُ,waEaZo,wEZ,V,S,1S,root
mawiza,11:120:15,mawoEiZapN,مَوْعِظَةٌ,m~awoEiZap,wEZ,N,,,lemma+root
mawiza,16:90:14,yaEiZu,يَعِظُ,waEaZo,wEZ,V,S,3MS,root
mawiza,16:125:6,mawoEiZapi,مَوْعِظَةِ,m~awoEiZap,wEZ,N,,,lemma+root
mawiza,24:17:1,yaEiZu,يَعِظُ,waEaZo,wEZ,V,S,3MS,root
mawiza,24:34:12,mawoEiZapF,مَوْعِظَةً,m~awoEiZap,wEZ,N,,,lemma+root
mawiza,26:136:4,waEaZo,وَعَظْ,waEaZo,wEZ,V,S,2MS,root
mawiza,26:136:9,wa`EiZiyna,وَٰعِظِينَ,wa`EiZiyn,wEZ,N,P,MP,root
mawiza,31:13:6,yaEiZu,يَعِظُ,waEaZo,wEZ,V,S,3MS,root
mawiza,34:46:3,>aEiZu,أَعِظُ,waEaZo,wEZ,V,S,1S,root
mawiza,58:3:16,tuwEaZu,تُوعَظُ,waEaZo,wEZ,V,P,2MP,root
mawiza,65:2:17,yuwEaZu,يُوعَظُ,waEaZo,wEZ,V,S,3MS,root
nabat,2:61:15,tun[bitu,تُنۢبِتُ,>an[bata,nbt,V,S,3FS,root
nabat,2:261:10,>an[batato,أَنۢبَتَتْ,>an[bata,nbt,V,S,3FS,root
nabat,3:37:5,>an[bata,أَنۢبَتَ,>an[bata,nbt,V,S,3MS,root
nabat,3:37:6,nabaAtFA,نَبَاتًا,nabaAt,nbt,N,,,lemma+root
nabat,6:99:9,nabaAta,نَبَاتَ,nabaAt,nbt,N,,,lemma+root
nabat,7:58:4,nabaAtu,نَبَاتُ,nabaAt,nbt,N,,,lemma+root
nabat,10:24:11,nabaAtu,نَبَاتُ,nabaAt,nbt,N,,,lemma+root
nabat,15:19:6,>an[bato,أَنۢبَتْ,>an[bata,nbt,V,P,1P,root
nabat,16:11:1,yun[bitu,يُنۢبِتُ,>an[bata,nbt,V,S,3MS,root
nabat,18:45:12,nabaAtu,نَبَاتُ,nabaAt,nbt,N,,,lemma+root
nabat,20:53:18,n~abaAtK,نَّبَاتٍ,nabaAt,nbt,N,,,lemma+root
nabat,22:5:65,>an[batato,أَنۢبَتَتْ,>an[bata,nbt,V,S,3FS,root
nabat,23:20:6,tan[butu,تَنۢبُتُ,tan[butu,nbt,V,S,3FS,root
nabat,26:7:6,>an[bato,أَنۢبَتْ,>an[bata,nbt,V,P,1P,root
nabat,27:60:10,>an[bato,أَنۢبَتْ,>an[bata,nbt,V,P,1P,root
nabat,27:60:19,tun[bitu,تُنۢبِتُ,>an[bata,nbt,V,P,2MP,root
nabat,31:10:22,>an[bato,أَنۢبَتْ,>an[bata,nbt,V,P,1P,root
nabat,36:36:7,tun[bitu,تُنۢبِتُ,>an[bata,nbt,V,S,3FS,root
nabat,37:146:1,>an[bato,أَنۢبَتْ,>an[bata,nbt,V,P,1P,root
nabat,50:7:6,>an[bato,أَنۢبَتْ,>an[bata,nbt,V,P,1P,root
nabat,50:9:6,>an[bato,أَنۢبَتْ,>an[bata,nbt,V,P,1P,root
nabat,57:20:18,nabaAtu,نَبَاتُ,nabaAt,nbt,N,,,lemma+root
nabat,71:17:2,>an[bata,أَنۢبَتَ,>an[bata,nbt,V,S,3MS,root
nabat,71:17:5,nabaAtFA,نَبَاتًا,nabaAt,nbt,N,,,lemma+root
nabat,78:15:4,nabaAtFA,نَبَاتًا,nabaAt,nbt,N,,,lemma+root
nabat,80:27:1,>an[bato,أَنۢبَتْ,>an[bata,nbt,V,P,1P,root
shajar,2:35:15,$~ajarapa,شَّجَرَةَ,$ajarap,$jr,N,,,lemma+root
shajar,4:65:8,$ajara,شَجَرَ,$ajara,$jr,V,S,3MS,root
shajar,7:19:13,$~ajarapa,شَّجَرَةَ,$ajarap,$jr,N,,,lemma+root
shajar,7:20:17,$~ajarapi,شَّجَرَةِ,$ajarap,$jr,N,,,lemma+root
shajar,7:22:5,$~ajarapa,شَّجَرَةَ,$ajarap,$jr,N,,,lemma+root
shajar,7:22:21,$~ajarapi,شَّجَرَةِ,$ajarap,$jr,N,,,lemma+root
shajar,14:24:9,$ajarapK,شَجَرَةٍ,$ajarap,$jr,N,,,lemma+root
shajar,14:26:4,$ajarapK,شَجَرَةٍ,$ajarap,$jr,N,,,lemma+root
shajar,16:10:11,$ajarN,شَجَرٌ,$ajar,$jr,N,,,lemma+root
shajar,16:68:11,$~ajari,شَّجَرِ,$ajar,$jr,N,,,lemma+root
shajar,17:60:16,$~ajarapa,شَّجَرَةَ,$ajarap,$jr,N,,,lemma+root
shajar,20:120:9,$ajarapi,شَجَرَةِ,$ajarap,$jr,N,,,lemma+root
shajar,22:18:17,$~ajaru,شَّجَرُ,$ajar,$jr,N,,,lemma+root
shajar,23:20:1,$ajarapF,شَجَرَةً,$ajarap,$jr,N,,,lemma+root
shajar,24:35:19,$ajarapK,شَجَرَةٍ,$ajarap,$jr,N,,,lemma+root
shajar,27:60:20,$ajara,شَجَرَ,$ajar,$jr,N,,,lemma+root
shajar,28:30:12,$~ajarapi,شَّجَرَةِ,$ajarap,$jr,N,,,lemma+root
shajar,31:27:6,$ajarapK,شَجَرَةٍ,$ajarap,$jr,N,,,lemma+root
shajar,36:80:5,$~ajari,شَّجَرِ,$ajar,$jr,N,,,lemma+root
shajar,37:62:5,$ajarapu,شَجَرَةُ,$ajarap,$jr,N,,,lemma+root
shajar,37:64:2,$ajarapN,شَجَرَةٌ,$ajarap,$jr,N,,,lemma+root
shajar,37:146:3,$ajarapF,شَجَرَةً,$ajarap,$jr,N,,,lemma+root
shajar,44:43:2,$ajarata,شَجَرَتَ,$ajarap,$jr,N,,,lemma+root
shajar,48:18:9,$~ajarapi,شَّجَرَةِ,$ajarap,$jr,N,,,lemma+root
shajar,55:6:2,$~ajaru,شَّجَرُ,$ajar,$jr,N,,,lemma+root
shajar,56:52:3,$ajarK,شَجَرٍ,$ajar,$jr,N,,,lemma+root
shajar,56:72:3,$ajarata,شَجَرَتَ,$ajarap,$jr,N,,,lemma+root
jaza,2:48:4,tajoziY,تَجْزِى,jazaY`,jzy,V,S,3FS,root
jaza,2:85:29,jazaA^'u,جَزَآءُ,jazaA^',jzy,N,,,lemma+root
jaza,2:123:4,tajoziY,تَجْزِى,jazaY`,jzy,V,S,3FS,root
jaza,2:191:24,jazaA^'u,جَزَآءُ,jazaA^',jzy,N,,,lemma+root
jaza,3:87:2,jazaA^&u,جَزَآؤُ,jazaA^',jzy,N,,,lemma+root
jaza,3:136:2,jazaA^&u,جَزَآؤُ,jazaA^',jzy,N,,,lemma+root
jaza,3:144:25,yajoziY,يَجْزِى,jazaY`,jzy,V,S,3MS,root
jaza,3:145:23,najoziY,نَجْزِى,jazaY`,jzy,V,P,1P,root
jaza,4:93:5,jazaA^&u,جَزَآؤُ,jazaA^',jzy,N,,,lemma+root
jaza,4:123:10,yujoza,يُجْزَ,jazaY`,jzy,V,S,3MS,root
jaza,5:29:12,jaza`^&uA@,جَزَٰٓؤُا۟,jazaA^',jzy,N,,,lemma+root
jaza,5:33:2,jaza`^&uA@,جَزَٰٓؤُا۟,jazaA^',jzy,N,,,lemma+root
jaza,5:38:5,jazaA^'F[,جَزَآءًۢ,jazaA^',jzy,N,,,lemma+root
jaza,5:85:13,jazaA^'u,جَزَآءُ,jazaA^',jzy,N,,,lemma+root
jaza,5:95:13,jazaA^'N,جَزَآءٌ,jazaA^',jzy,N,,,lemma+root
jaza,6:84:20,najoziY,نَجْزِى,jazaY`,jzy,V,P,1P,root
jaza,6:93:36,tujoza,تُجْزَ,jazaY`,jzy,V,P,2MP,root
jaza,6:120:9,yujoza,يُجْزَ,jazaY`,jzy,V,P,3MP,root
jaza,6:138:23,yajoziy,يَجْزِي,jazaY`,jzy,V,S,3MS,root
jaza,6:139:18,yajoziy,يَجْزِي,jazaY`,jzy,V,S,3MS,root
jaza,6:146:25,jazayo,جَزَيْ,jazaY`,jzy,V,P,1P,root
jaza,6:157:26,najoziY,نَجْزِى,jazaY`,jzy,V,P,1P,root
jaza,6:160:11,yujozaY`^,يُجْزَىٰٓ,jazaY`,jzy,V,S,3MS,root
jaza,7:40:22,najoziY,نَجْزِى,jazaY`,jzy,V,P,1P,root
jaza,7:41:9,najoziY,نَجْزِى,jazaY`,jzy,V,P,1P,root
jaza,7:147:9,yujoza,يُجْزَ,jazaY`,jzy,V,P,3MP,root
jaza,7:152:14,najoziY,نَجْزِى,jazaY`,jzy,V,P,1P,root
jaza,7:180:11,yujoza,يُجْزَ,jazaY`,jzy,V,P,3MP,root
jaza,9:26:17,jazaA^'u,جَزَآءُ,jazaA^',jzy,N,,,lemma+root
jaza,9:29:25,jizoyapa,جِزْيَةَ,jizoyap,jzy,N,,,root
jaza,9:82:5,jazaA^'F[,جَزَآءًۢ,jazaA^',jzy,N,,,lemma+root
jaza,9:95:15,jazaA^'F[,جَزَآءًۢ,jazaA^',jzy,N,,,lemma+root
jaza,9:121:13,yajoziya,يَجْزِيَ,jazaY`,jzy,V,S,3MS,root
jaza,10:4:12,yajoziYa,يَجْزِىَ,jazaY`,jzy,V,S,3MS,root
jaza,10:13:15,najoziY,نَجْزِى,jazaY`,jzy,V,P,1P,root
jaza,10:27:4,jazaA^'u,جَزَآءُ,jazaA^',jzy,N,,,lemma+root
jaza,10:52:9,tujoza,تُجْزَ,jazaY`,jzy,V,P,2MP,root
jaza,12:22:8,najoziY,نَجْزِى,jazaY`,jzy,V,P,1P,root
jaza,12:25:13,jazaA^'u,جَزَآءُ,jazaA^',jzy,N,,,lemma+root
jaza,12:74:3,jaza`^&u,جَزَٰٓؤُ,jazaA^',jzy,N,,,lemma+root
jaza,12:75:2,jaza`^&u,جَزَٰٓؤُ,jazaA^',jzy,N,,,lemma+root
jaza,12:75:8,jaza`^&u,جَزَٰٓؤُ,jazaA^',jzy,N,,,lemma+root
jaza,12:75:10,najoziY,نَجْزِى,jazaY`,jzy,V,P,1P,root
jaza,12:88:20,yajoziY,يَجْزِى,jazaY`,jzy,V,S,3MS,root
jaza,14:51:1,yajoziYa,يَجْزِىَ,jazaY`,jzy,V,S,3MS,root
jaza,16:31:13,yajoziY,يَجْزِى,jazaY`,jzy,V,S,3MS,root
jaza,16:96:8,najoziya,نَجْزِيَ,jazaY`,jzy,V,P,1P,root
jaza,16:97:13,najoziya,نَجْزِيَ,jazaY`,jzy,V,P,1P,root
jaza,17:63:8,jazaA^&u,جَزَآؤُ,jazaA^',jzy,N,,,lemma+root
jaza,17:63:9,jazaA^'F,جَزَآءً,jazaA^',jzy,N,,,lemma+root
jaza,17:98:2,jazaA^&u,جَزَآؤُ,jazaA^',jzy,N,,,lemma+root
jaza,18:88:7,jazaA^'F,جَزَآءً,jazaA^',jzy,N,,,lemma+root
jaza,18:106:2,jazaA^&u,جَزَآؤُ,jazaA^',jzy,N,,,lemma+root
jaza,20:15:6,tujozaY`,تُجْزَىٰ,jazaY`,jzy,V,S,3FS,root
jaza,20:76:10,jazaA^'u,جَزَآءُ,jazaA^',jzy,N,,,lemma+root
jaza,20:127:2,najoziY,نَجْزِى,jazaY`,jzy,V,P,1P,root
jaza,21:29:9,najoziy,نَجْزِي,jazaY`,jzy,V,P,1P,root
jaza,21:29:12,najoziY,نَجْزِى,jazaY`,jzy,V,P,1P,root
jaza,23:111:2,jazayo,جَزَيْ,jazaY`,jzy,V,S,1S,root
jaza,24:38:1,yajoziya,يَجْزِيَ,jazaY`,jzy,V,S,3MS,root
jaza,25:15:12,jazaA^'F,جَزَآءً,jazaA^',jzy,N,,,lemma+root
jaza,25:75:2,yujoza,يُجْزَ,jazaY`,jzy,V,P,3MP,root
jaza,27:90:9,tujoza,تُجْزَ,jazaY`,jzy,V,P,2MP,root
jaza,28:14:9,najoziY,نَجْزِى,jazaY`,jzy,V,P,1P,root
jaza,28:25:10,yajoziya,يَجْزِيَ,jazaY`,jzy,V,S,3MS,root
jaza,28:84:11,yujozaY,يُجْزَى,jazaY`,jzy,V,S,3MS,root
jaza,29:7:8,najoziya,نَجْزِيَ,jazaY`,jzy,V,P,1P,root
jaza,30:45:1,yajoziYa,يَجْزِىَ,jazaY`,jzy,V,S,3MS,root
jaza,31:33:8,yajoziY,يَجْزِى,jazaY`,jzy,V,S,3MS,root
jaza,31:33:15,jaAzK,جَازٍ,jaAz,jzy,N,,,root
jaza,32:17:10,jazaA^'F[,جَزَآءًۢ,jazaA^',jzy,N,,,lemma+root
jaza,33:24:1,yajoziYa,يَجْزِىَ,jazaY`,jzy,V,S,3MS,root
jaza,34:4:1,yajoziYa,يَجْزِىَ,jazaY`,jzy,V,S,3MS,root
jaza,34:17:2,jazayo,جَزَيْ,jazaY`,jzy,V,P,1P,root
jaza,34:17:6,nuja`ziY^,نُجَٰزِىٓ,nuja`ziY^,jzy,V,P,1P,root
jaza,34:33:30,yujoza,يُجْزَ,jazaY`,jzy,V,P,3MP,root
jaza,34:37:16,jazaA^'u,جَزَآءُ,jazaA^',jzy,N,,,lemma+root
jaza,35:36:16,najoziY,نَجْزِى,jazaY`,jzy,V,P,1P,root
jaza,36:54:7,tujoza,تُجْزَ,jazaY`,jzy,V,P,2MP,root
jaza,37:39:2,tujoza,تُجْزَ,jazaY`,jzy,V,P,2MP,root
jaza,37:80:3,najoziY,نَجْزِى,jazaY`,jzy,V,P,1P,root
jaza,37:105:6,najoziY,نَجْزِى,jazaY`,jzy,V,P,1P,root
jaza,37:110:2,najoziY,نَجْزِى,jazaY`,jzy,V,P,1P,root
jaza,37:121:3,najoziY,نَجْزِى,jazaY`,jzy,V,P,1P,root
jaza,37:131:3,najoziY,نَجْزِى,jazaY`,jzy,V,P,1P,root
jaza,39:34:7,jazaA^'u,جَزَآءُ,jazaA^',jzy,N,,,lemma+root
jaza,39:35:7,yajoziya,يَجْزِيَ,jazaY`,jzy,V,S,3MS,root
jaza,40:17:2,tujozaY`,تُجْزَىٰ,jazaY`,jzy,V,S,3FS,root
jaza,40:40:5,yujozaY`^,يُجْزَىٰٓ,jazaY`,jzy,V,S,3MS,root
jaza,41:27:6,najoziya,نَجْزِيَ,jazaY`,jzy,V,P,1P,root
jaza,41:28:2,jazaA^'u,جَزَآءُ,jazaA^',jzy,N,,,lemma+root
jaza,41:28:10,jazaA^'F[,جَزَآءًۢ,jazaA^',jzy,N,,,lemma+root
jaza,42:40:1,jaza`^&uA@,جَزَٰٓؤُا۟,jazaA^',jzy,N,,,lemma+root
jaza,45:14:10,yajoziYa,يَجْزِىَ,jazaY`,jzy,V,S,3MS,root
jaza,45:22:6,tujozaY`,تُجْزَىٰ,jazaY`,jzy,V,S,3FS,root
jaza,45:28:11,tujoza,تُجْزَ,jazaY`,jzy,V,P,2MP,root
jaza,46:14:6,jazaA^'F[,جَزَآءًۢ,jazaA^',jzy,N,,,lemma+root
jaza,46:20:15,tujoza,تُجْزَ,jazaY`,jzy,V,P,2MP,root
jaza,46:25:12,najoziY,نَجْزِى,jazaY`,jzy,V,P,1P,root
jaza,52:16:9,tujoza,تُجْزَ,jazaY`,jzy,V,P,2MP,root
jaza,53:31:8,yajoziYa,يَجْزِىَ,jazaY`,jzy,V,S,3MS,root
jaza,53:31:13,yajoziYa,يَجْزِىَ,jazaY`,jzy,V,S,3MS,root
jaza,53:41:2,yujozaY`,يُجْزَىٰ,jazaY`,jzy,V,S,3MS,root
jaza,53:41:3,jazaA^'a,جَزَآءَ,jazaA^',jzy,N,,,lemma+root
jaza,54:14:3,jazaA^'F,جَزَآءً,jazaA^',jzy,N,,,lemma+root
jaza,54:35:5,najoziY,نَجْزِى,jazaY`,jzy,V,P,1P,root
jaza,55:60:2,jazaA^'u,جَزَآءُ,jazaA^',jzy,N,,,lemma+root
jaza,56:24:1,jazaA^'F[,جَزَآءًۢ,jazaA^',jzy,N,,,lemma+root
jaza,59:17:9,jaza`^&uA@,جَزَٰٓؤُا۟,jazaA^',jzy,N,,,lemma+root
jaza,66:7:8,tujoza,تُجْزَ,jazaY`,jzy,V,P,2MP,root
jaza,76:9:8,jazaA^'F,جَزَآءً,jazaA^',jzy,N,,,lemma+root
jaza,76:12:1,jazaY`,جَزَىٰ,jazaY`,jzy,V,S,3MS,root
jaza,76:22:5,jazaA^'F,جَزَآءً,jazaA^',jzy,N,,,lemma+root
jaza,77:44:3,najoziY,نَجْزِى,jazaY`,jzy,V,P,1P,root
jaza,78:26:1,jazaA^'F,جَزَآءً,jazaA^',jzy,N,,,lemma+root
jaza,78:36:1,jazaA^'F,جَزَآءً,jazaA^',jzy,N,,,lemma+root
jaza,92:19:6,tujozaY`^,تُجْزَىٰٓ,jazaY`,jzy,V,S,3FS,root
jaza,98:8:1,jazaA^&u,جَزَآؤُ,jazaA^',jzy,N,,,lemma+root
salat,2:3:5,S~alaw`pa,صَّلَوٰةَ,Salaw`p,Slw,N,,,lemma+root
salat,2:43:2,S~alaw`pa,صَّلَوٰةَ,Salaw`p,Slw,N,,,lemma+root
salat,2:45:3,S~alaw`pi,صَّلَوٰةِ,Salaw`p,Slw,N,,,lemma+root
salat,2:83:20,S~alaw`pa,صَّلَوٰةَ,Salaw`p,Slw,N,,,lemma+root
salat,2:110:2,S~alaw`pa,صَّلَوٰةَ,Salaw`p,Slw,N,,,lemma+root
salat,2:125:11,muSal~FY,مُصَلًّى,muSal~FY,Slw,N,,,root
salat,2:153:6,S~alaw`pi,صَّلَوٰةِ,Salaw`p,Slw,N,,,lemma+root
salat,2:157:3,Salawa`tN,صَلَوَٰتٌ,Salaw`p,Slw,N,P,FP,lemma+root
salat,2:177:33,S~alaw`pa,صَّلَوٰةَ,Salaw`p,Slw,N,,,lemma+root
salat,2:238:3,S~alawa`ti,صَّلَوَٰتِ,Salaw`p,Slw,N,P,FP,lemma+root
salat,2:238:4,S~alaw`pi,صَّلَوٰةِ,Salaw`p,Slw,N,,,lemma+root
salat,2:277:7,S~alaw`pa,صَّلَوٰةَ,Salaw`p,Slw,N,,,lemma+root
salat,3:39:5,yuSal~iY,يُصَلِّى,Sal~aY`,Slw,V,S,3MS,root
salat,4:43:6,S~alaw`pa,صَّلَوٰةَ,Salaw`p,Slw,N,,,lemma+root
salat,4:77:10,S~alaw`pa,صَّلَوٰةَ,Salaw`p,Slw,N,,,lemma+root
salat,4:101:11,S~alaw`pi,صَّلَوٰةِ,Salaw`p,Slw,N,,,lemma+root
salat,4:102:6,S~alaw`pa,صَّلَوٰةَ,Salaw`p,Slw,N,,,lemma+root
salat,4:102:22,yuSal~u,يُصَلُّ,Sal~aY`,Slw,V,P,3MP,root
salat,4:102:23,yuSal~u,يُصَلُّ,Sal~aY`,Slw,V,P,3MP,root
salat,4:103:3,S~alaw`pa,صَّلَوٰةَ,Salaw`p,Slw,N,,,lemma+root
salat,4:103:13,S~alaw`pa,صَّلَوٰةَ,Salaw`p,Slw,N,,,lemma+root
salat,4:103:15,S~alaw`pa,صَّلَوٰةَ,Salaw`p,Slw,N,,,lemma+root
salat,4:142:10,S~alaw`pi,صَّلَوٰةِ,Salaw`p,Slw,N,,,lemma+root
salat,4:162:16,S~alaw`pa,صَّلَوٰةَ,Salaw`p,Slw,N,,,lemma+root
salat,5:6:7,S~alaw`pi,صَّلَوٰةِ,Salaw`p,Slw,N,,,lemma+root
salat,5:12:18,S~alaw`pa,صَّلَوٰةَ,Salaw`p,Slw,N,,,lemma+root
salat,5:55:9,S~alaw`pa,صَّلَوٰةَ,Salaw`p,Slw,N,,,lemma+root
salat,5:58:4,S~alaw`pi,صَّلَوٰةِ,Salaw`p,Slw,N,,,lemma+root
salat,5:91:17,S~alaw`pi,صَّلَوٰةِ,Salaw`p,Slw,N,,,lemma+root
salat,5:106:31,S~alaw`pi,صَّلَوٰةِ,Salaw`p,Slw,N,,,lemma+root
salat,6:72:3,S~alaw`pa,صَّلَوٰةَ,Salaw`p,Slw,N,,,lemma+root
salat,6:92:21,SalaAti,صَلَاتِ,Salaw`p,Slw,N,,,lemma+root
salat,6:162:3,SalaAti,صَلَاتِ,Salaw`p,Slw,N,,,lemma+root
salat,7:170:5,S~alaw`pa,صَّلَوٰةَ,Salaw`p,Slw,N,,,lemma+root
salat,8:3:3,S~alaw`pa,صَّلَوٰةَ,Salaw`p,Slw,N,,,lemma+root
salat,8:35:3,SalaAtu,صَلَاتُ,Salaw`p,Slw,N,,,lemma+root
salat,9:5:18,S~alaw`pa,صَّلَوٰةَ,Salaw`p,Slw,N,,,lemma+root
salat,9:11:4,S~alaw`pa,صَّلَوٰةَ,Salaw`p,Slw,N,,,lemma+root
salat,9:18:11,S~alaw`pa,صَّلَوٰةَ,Salaw`p,Slw,N,,,lemma+root
salat,9:54:14,S~alaw`pa,صَّلَوٰةَ,Salaw`p,Slw,N,,,lemma+root
salat,9:71:12,S~alaw`pa,صَّلَوٰةَ,Salaw`p,Slw,N,,,lemma+root
salat,9:84:2,tuSal~i,تُصَلِّ,Sal~aY`,Slw,V,S,3FS,root
salat,9:99:14,Salawa`ti,صَلَوَٰتِ,Salaw`p,Slw,N,P,FP,lemma+root
salat,9:103:8,Sal~i,صَلِّ,Sal~aY`,Slw,V,S,2MS,root
salat,9:103:11,Salaw`ta,صَلَوٰتَ,Salaw`p,Slw,N,,,lemma+root
salat,10:87:14,S~alaw`pa,صَّلَوٰةَ,Salaw`p,Slw,N,,,lemma+root
salat,11:87:3,Salaw`tu,صَلَوٰتُ,Salaw`p,Slw,N,,,lemma+root
salat,11:114:2,S~alaw`pa,صَّلَوٰةَ,Salaw`p,Slw,N,,,lemma+root
salat,13:22:7,S~alaw`pa,صَّلَوٰةَ,Salaw`p,Slw,N,,,lemma+root
salat,14:31:6,S~alaw`pa,صَّلَوٰةَ,Salaw`p,Slw,N,,,lemma+root
salat,14:37:15,S~alaw`pa,صَّلَوٰةَ,Salaw`p,Slw,N,,,lemma+root
salat,14:40:4,S~alaw`pi,صَّلَوٰةِ,Salaw`p,Slw,N,,,lemma+root
salat,17:78:2,S~alaw`pa,صَّلَوٰةَ,Salaw`p,Slw,N,,,lemma+root
salat,17:110:15,SalaAti,صَلَاتِ,Salaw`p,Slw,N,,,lemma+root
salat,19:31:7,S~alaw`pi,صَّلَوٰةِ,Salaw`p,Slw,N,,,lemma+root
salat,19:55:4,S~alaw`pi,صَّلَوٰةِ,Salaw`p,Slw,N,,,lemma+root
salat,19:59:6,S~alaw`pa,صَّلَوٰةَ,Salaw`p,Slw,N,,,lemma+root
salat,20:14:10,S~alaw`pa,صَّلَوٰةَ,Salaw`p,Slw,N,,,lemma+root
salat,20:132:3,S~alaw`pi,صَّلَوٰةِ,Salaw`p,Slw,N,,,lemma+root
salat,21:73:10,S~alaw`pi,صَّلَوٰةِ,Salaw`p,Slw,N,,,lemma+root
salat,22:35:12,S~alaw`pi,صَّلَوٰةِ,Salaw`p,Slw,N,,,lemma+root
salat,22:40:21,Salawa`tN,صَلَوَٰتٌ,Salaw`p,Slw,N,P,FP,lemma+root
salat,22:41:7,S~alaw`pa,صَّلَوٰةَ,Salaw`p,Slw,N,,,lemma+root
salat,22:78:34,S~alaw`pa,صَّلَوٰةَ,Salaw`p,Slw,N,,,lemma+root
salat,23:2:4,SalaAti,صَلَاتِ,Salaw`p,Slw,N,,,lemma+root
salat,23:9:4,Salawa`ti,صَلَوَٰتِ,Salaw`p,Slw,N,P,FP,lemma+root
salat,24:37:11,S~alaw`pi,صَّلَوٰةِ,Salaw`p,Slw,N,,,lemma+root
salat,24:41:16,SalaAta,صَلَاتَ,Salaw`p,Slw,N,,,lemma+root
salat,24:56:2,S~alaw`pa,صَّلَوٰةَ,Salaw`p,Slw,N,,,lemma+root
salat,24:58:17,Salaw`pi,صَلَوٰةِ,Salaw`p,Slw,N,,,lemma+root
salat,24:58:26,Salaw`pi,صَلَوٰةِ,Salaw`p,Slw,N,,,lemma+root
salat,27:3:3,S~alaw`pa,صَّلَوٰةَ,Salaw`p,Slw,N,,,lemma+root
salat,29:45:8,S~alaw`pa,صَّلَوٰةَ,Salaw`p,Slw,N,,,lemma+root
salat,29:45:10,S~alaw`pa,صَّلَوٰةَ,Salaw`p,Slw,N,,,lemma+root
salat,30:31:5,S~alaw`pa,صَّلَوٰةَ,Salaw`p,Slw,N,,,lemma+root
salat,31:4:3,S~alaw`pa,صَّلَوٰةَ,Salaw`p,Slw,N,,,lemma+root
salat,31:17:3,S~alaw`pa,صَّلَوٰةَ,Salaw`p,Slw,N,,,lemma+root
salat,33:33:10,S~alaw`pa,صَّلَوٰةَ,Salaw`p,Slw,N,,,lemma+root
salat,33:43:3,yuSal~iY,يُصَلِّى,Sal~aY`,Slw,V,S,3MS,root
salat,33:56:4,yuSal~u,يُصَلُّ,Sal~aY`,Slw,V,P,3MP,root
salat,33:56:10,Sal~u,صَلُّ,Sal~aY`,Slw,V,P,2MP,root
salat,35:18:26,S~alaw`pa,صَّلَوٰةَ,Salaw`p,Slw,N,,,lemma+root
salat,35:29:7,S~alaw`pa,صَّلَوٰةَ,Salaw`p,Slw,N,,,lemma+root
salat,42:38:5,S~alaw`pa,صَّلَوٰةَ,Salaw`p,Slw,N,,,lemma+root
salat,58:13:15,S~alaw`pa,صَّلَوٰةَ,Salaw`p,Slw,N,,,lemma+root
salat,62:9:6,S~alaw`pi,صَّلَوٰةِ,Salaw`p,Slw,N,,,lemma+root
salat,62:10:3,S~alaw`pu,صَّلَوٰةُ,Salaw`p,Slw,N,,,lemma+root
salat,70:22:2,muSal~iyna,مُصَلِّينَ,muSal~iyn,Slw,N,P,MP,root
salat,70:23:4,SalaAti,صَلَاتِ,Salaw`p,Slw,N,,,lemma+root
salat,70:34:4,SalaAti,صَلَاتِ,Salaw`p,Slw,N,,,lemma+root
salat,73:20:54,S~alaw`pa,صَّلَوٰةَ,Salaw`p,Slw,N,,,lemma+root
salat,74:43:5,muSal~iyna,مُصَلِّينَ,muSal~iyn,Slw,N,P,MP,root
salat,75:31:4,Sal~aY`,صَلَّىٰ,Sal~aY`,Slw,V,S,3MS,root
salat,87:15:4,Sal~aY`,صَلَّىٰ,Sal~aY`,Slw,V,S,3MS,root
salat,96:10:3,Sal~aY`^,صَلَّىٰٓ,Sal~aY`,Slw,V,S,3MS,root
salat,98:5:11,S~alaw`pa,صَّلَوٰةَ,Salaw`p,Slw,N,,,lemma+root
salat,107:4:2,muSal~iyna,مُصَلِّينَ,muSal~iyn,Slw,N,P,MP,root
salat,107:5:4,SalaAti,صَلَاتِ,Salaw`p,Slw,N,,,lemma+root
salat,108:2:1,Sal~i,صَلِّ,Sal~aY`,Slw,V,S,2MS,root
qul,2:8:4,yaquwlu,يَقُولُ,qaAla,qwl,V,S,3MS,lemma+root
qul,2:11:2,qiyla,قِيلَ,qaAla,qwl,V,S,3MS,lemma+root
qul,2:11:8,qaAlu,قَالُ,qaAla,qwl,V,P,3MP,lemma+root
qul,2:13:2,qiyla,قِيلَ,qaAla,qwl,V,S,3MS,lemma+root
qul,2:13:8,qaAlu,قَالُ,qaAla,qwl,V,P,3MP,lemma+root
qul,2:14:5,qaAlu,قَالُ,qaAla,qwl,V,P,3MP,lemma+root
qul,2:14:11,qaAlu,قَالُ,qaAla,qwl,V,P,3MP,lemma+root
qul,2:25:19,qaAlu,قَالُ,qaAla,qwl,V,P,3MP,lemma+root
qul,2:26:23,yaquwlu,يَقُولُ,qaAla,qwl,V,P,3MP,lemma+root
qul,2:30:2,qaAla,قَالَ,qaAla,qwl,V,S,3MS,lemma+root
qul,2:30:10,qaAlu,قَالُ,qaAla,qwl,V,P,3MP,lemma+root
qul,2:30:23,qaAla,قَالَ,qaAla,qwl,V,S,3MS,lemma+root
qul,2:31:9,qaAla,قَالَ,qaAla,qwl,V,S,3MS,lemma+root
qul,2:32:1,qaAlu,قَالُ,qaAla,qwl,V,P,3MP,lemma+root
qul,2:33:1,qaAla,قَالَ,qaAla,qwl,V,S,3MS,lemma+root
qul,2:33:8,qaAla,قَالَ,qaAla,qwl,V,S,3MS,lemma+root
qul,2:33:10,>aqul,أَقُل,qaAla,qwl,V,S,1S,lemma+root
qul,2:34:2,qulo,قُلْ,qaAla,qwl,V,P,1P,lemma+root
qul,2:35:1,qulo,قُلْ,qaAla,qwl,V,P,1P,lemma+root
qul,2:36:8,qulo,قُلْ,qaAla,qwl,V,P,1P,lemma+root
qul,2:38:1,qulo,قُلْ,qaAla,qwl,V,P,1P,lemma+root
qul,2:54:2,qaAla,قَالَ,qaAla,qwl,V,S,3MS,lemma+root
qul,2:55:2,qulo,قُلْ,qaAla,qwl,V,P,2MP,lemma+root
qul,2:58:2,qulo,قُلْ,qaAla,qwl,V,P,1P,lemma+root
qul,2:58:14,quwlu,قُولُ,qaAla,qwl,V,P,2MP,lemma+root
qul,2:59:4,qawolFA,قَوْلًا,qawol,qwl,N,,,root
qul,2:59:7,qiyla,قِيلَ,qaAla,qwl,V,S,3MS,lemma+root
qul,2:60:5,qulo,قُلْ,qaAla,qwl,V,P,1P,lemma+root
qul,2:61:2,qulo,قُلْ,qaAla,qwl,V,P,2MP,lemma+root
qul,2:61:23,qaAla,قَالَ,qaAla,qwl,V,S,3MS,lemma+root
qul,2:65:8,qulo,قُلْ,qaAla,qwl,V,P,1P,lemma+root
qul,2:67:2,qaAla,قَالَ,qaAla,qwl,V,S,3MS,lemma+root
qul,2:67:11,qaAlu,قَالُ,qaAla,qwl,V,P,3MP,lemma+root
qul,2:67:14,qaAla,قَالَ,qaAla,qwl,V,S,3MS,lemma+root
qul,2:68:1,qaAlu,قَالُ,qaAla,qwl,V,P,3MP,lemma+root
qul,2:68:9,qaAla,قَالَ,qaAla,qwl,V,S,3MS,lemma+root
qul,2:68:11,yaquwlu,يَقُولُ,qaAla,qwl,V,S,3MS,lemma+root
qul,2:69:1,qaAlu,قَالُ,qaAla,qwl,V,P,3MP,lemma+root
qul,2:69:9,qaAla,قَالَ,qaAla,qwl,V,S,3MS,lemma+root
qul,2:69:11,yaquwlu,يَقُولُ,qaAla,qwl,V,S,3MS,lemma+root
qul,2:70:1,qaAlu,قَالُ,qaAla,qwl,V,P,3MP,lemma+root
qul,2:71:1,qaAla,قَالَ,qaAla,qwl,V,S,3MS,lemma+root
qul,2:71:3,yaquwlu,يَقُولُ,qaAla,qwl,V,S,3MS,lemma+root
qul,2:71:17,qaAlu,قَالُ,qaAla,qwl,V,P,3MP,lemma+root
qul,2:73:1,qulo,قُلْ,qaAla,qwl,V,P,1P,lemma+root
qul,2:76:5,qaAlu,قَالُ,qaAla,qwl,V,P,3MP,lemma+root
qul,2:76:12,qaAlu,قَالُ,qaAla,qwl,V,P,3MP,lemma+root
qul,2:79:7,yaquwlu,يَقُولُ,qaAla,qwl,V,P,3MP,lemma+root
qul,2:80:1,qaAlu,قَالُ,qaAla,qwl,V,P,3MP,lemma+root
qul,2:80:8,qulo,قُلْ,qaAla,qwl,V,S,2MS,lemma+root
qul,2:80:18,taquwlu,تَقُولُ,qaAla,qwl,V,P,2MP,lemma+root
qul,2:83:16,quwlu,قُولُ,qaAla,qwl,V,P,2MP,lemma+root
qul,2:88:1,qaAlu,قَالُ,qaAla,qwl,V,P,3MP,lemma+root
qul,2:91:2,qiyla,قِيلَ,qaAla,qwl,V,S,3MS,lemma+root
qul,2:91:8,qaAlu,قَالُ,qaAla,qwl,V,P,3MP,lemma+root
qul,2:91:21,qulo,قُلْ,qaAla,qwl,V,S,2MS,lemma+root
qul,2:93:12,qaAlu,قَالُ,qaAla,qwl,V,P,3MP,lemma+root
qul,2:93:20,qulo,قُلْ,qaAla,qwl,V,S,2MS,lemma+root
qul,2:94:1,qulo,قُلْ,qaAla,qwl,V,S,2MS,lemma+root
qul,2:97:1,qulo,قُلْ,qaAla,qwl,V,S,2MS,lemma+root
qul,2:102:29,yaquwla,يَقُولَ,qaAla,qwl,V,D,3MD,lemma+root
qul,2:104:5,taquwlu,تَقُولُ,qaAla,qwl,V,P,2MP,lemma+root
qul,2:104:7,quwlu,قُولُ,qaAla,qwl,V,P,2MP,lemma+root
qul,2:111:1,qaAlu,قَالُ,qaAla,qwl,V,P,3MP,lemma+root
qul,2:111:13,qulo,قُلْ,qaAla,qwl,V,S,2MS,lemma+root
qul,2:113:1,qaAlati,قَالَتِ,qaAla,qwl,V,S,3FS,lemma+root
qul,2:113:7,qaAlati,قَالَتِ,qaAla,qwl,V,S,3FS,lemma+root
qul,2:113:17,qaAla,قَالَ,qaAla,qwl,V,S,3MS,lemma+root
qul,2:113:22,qawoli,قَوْلِ,qawol,qwl,N,,,root
qul,2:116:1,qaAlu,قَالُ,qaAla,qwl,V,P,3MP,lemma+root
qul,2:117:8,yaquwlu,يَقُولُ,qaAla,qwl,V,S,3MS,lemma+root
qul,2:118:1,qaAla,قَالَ,qaAla,qwl,V,S,3MS,lemma+root
qul,2:118:12,qaAla,قَالَ,qaAla,qwl,V,S,3MS,lemma+root
qul,2:118:17,qawoli,قَوْلِ,qawol,qwl,N,,,root
qul,2:120:10,qulo,قُلْ,qaAla,qwl,V,S,2MS,lemma+root
qul,2:124:7,qaAla,قَالَ,qaAla,qwl,V,S,3MS,lemma+root
qul,2:124:12,qaAla,قَالَ,qaAla,qwl,V,S,3MS,lemma+root
qul,2:124:15,qaAla,قَالَ,qaAla,qwl,V,S,3MS,lemma+root
qul,2:126:2,qaAla,قَالَ,qaAla,qwl,V,S,3MS,lemma+root
qul,2:126:19,qaAla,قَالَ,qaAla,qwl,V,S,3MS,lemma+root
qul,2:131:2,qaAla,قَالَ,qaAla,qwl,V,S,3MS,lemma+root
qul,2:131:6,qaAla,قَالَ,qaAla,qwl,V,S,3MS,lemma+root
qul,2:133:9,qaAla,قَالَ,qaAla,qwl,V,S,3MS,lemma+root
qul,2:133:15,qaAlu,قَالُ,qaAla,qwl,V,P,3MP,lemma+root
qul,2:135:1,qaAlu,قَالُ,qaAla,qwl,V,P,3MP,lemma+root
qul,2:135:7,qulo,قُلْ,qaAla,qwl,V,S,2MS,lemma+root
qul,2:136:1,quwlu,قُولُ,qaAla,qwl,V,P,2MP,lemma+root
qul,2:139:1,qulo,قُلْ,qaAla,qwl,V,S,2MS,lemma+root
qul,2:140:2,taquwlu,تَقُولُ,qaAla,qwl,V,P,2MP,lemma+root
qul,2:140:13,qulo,قُلْ,qaAla,qwl,V,S,2MS,lemma+root
qul,2:142:1,yaquwlu,يَقُولُ,qaAla,qwl,V,S,3MS,lemma+root
qul,2:142:12,qul,قُل,qaAla,qwl,V,S,2MS,lemma+root
qul,2:154:2,taquwlu,تَقُولُ,qaAla,qwl,V,P,2MP,lemma+root
qul,2:156:5,qaAlu,قَالُ,qaAla,qwl,V,P,3MP,lemma+root
qul,2:167:1,qaAla,قَالَ,qaAla,qwl,V,S,3MS,lemma+root
qul,2:169:6,taquwlu,تَقُولُ,qaAla,qwl,V,P,2MP,lemma+root
qul,2:170:2,qiyla,قِيلَ,qaAla,qwl,V,S,3MS,lemma+root
qul,2:170:8,qaAlu,قَالُ,qaAla,qwl,V,P,3MP,lemma+root
qul,2:189:4,qulo,قُلْ,qaAla,qwl,V,S,2MS,lemma+root
qul,2:200:14,yaquwlu,يَقُولُ,qaAla,qwl,V,S,3MS,lemma+root
qul,2:201:3,yaquwlu,يَقُولُ,qaAla,qwl,V,S,3MS,lemma+root
qul,2:204:5,qawolu,قَوْلُ,qawol,qwl,N,,,root
qul,2:206:2,qiyla,قِيلَ,qaAla,qwl,V,S,3MS,lemma+root
qul,2:214:18,yaquwla,يَقُولَ,qaAla,qwl,V,S,3MS,lemma+root
qul,2:215:4,qulo,قُلْ,qaAla,qwl,V,S,2MS,lemma+root
qul,2:217:7,qulo,قُلْ,qaAla,qwl,V,S,2MS,lemma+root
qul,2:219:5,qulo,قُلْ,qaAla,qwl,V,S,2MS,lemma+root
qul,2:219:18,quli,قُلِ,qaAla,qwl,V,S,2MS,lemma+root
qul,2:220:7,qulo,قُلْ,qaAla,qwl,V,S,2MS,lemma+root
qul,2:222:4,qulo,قُلْ,qaAla,qwl,V,S,2MS,lemma+root
qul,2:235:24,taquwlu,تَقُولُ,qaAla,qwl,V,P,2MP,lemma+root
qul,2:235:25,qawolFA,قَوْلًا,qawol,qwl,N,,,root
qul,2:243:12,qaAla,قَالَ,qaAla,qwl,V,S,3MS,lemma+root
qul,2:246:12,qaAlu,قَالُ,qaAla,qwl,V,P,3MP,lemma+root
qul,2:246:22,qaAla,قَالَ,qaAla,qwl,V,S,3MS,lemma+root
qul,2:246:31,qaAlu,قَالُ,qaAla,qwl,V,P,3MP,lemma+root
qul,2:247:1,qaAla,قَالَ,qaAla,qwl,V,S,3MS,lemma+root
qul,2:247:11,qaAlu,قَالُ,qaAla,qwl,V,P,3MP,lemma+root
qul,2:247:26,qaAla,قَالَ,qaAla,qwl,V,S,3MS,lemma+root
qul,2:248:1,qaAla,قَالَ,qaAla,qwl,V,S,3MS,lemma+root
qul,2:249:5,qaAla,قَالَ,qaAla,qwl,V,S,3MS,lemma+root
qul,2:249:36,qaAlu,قَالُ,qaAla,qwl,V,P,3MP,lemma+root
qul,2:249:43,qaAla,قَالَ,qaAla,qwl,V,S,3MS,lemma+root
qul,2:250:5,qaAlu,قَالُ,qaAla,qwl,V,P,3MP,lemma+root
qul,2:258:14,qaAla,قَالَ,qaAla,qwl,V,S,3MS,lemma+root
qul,2:258:20,qaAla,قَالَ,qaAla,qwl,V,S,3MS,lemma+root
qul,2:258:24,qaAla,قَالَ,qaAla,qwl,V,S,3MS,lemma+root
qul,2:259:10,qaAla,قَالَ,qaAla,qwl,V,S,3MS,lemma+root
qul,2:259:23,qaAla,قَالَ,qaAla,qwl,V,S,3MS,lemma+root
qul,2:259:26,qaAla,قَالَ,qaAla,qwl,V,S,3MS,lemma+root
qul,2:259:32,qaAla,قَالَ,qaAla,qwl,V,S,3MS,lemma+root
qul,2:259:60,qaAla,قَالَ,qaAla,qwl,V,S,3MS,lemma+root
qul,2:260:2,qaAla,قَالَ,qaAla,qwl,V,S,3MS,lemma+root
qul,2:260:9,qaAla,قَالَ,qaAla,qwl,V,S,3MS,lemma+root
qul,2:260:12,qaAla,قَالَ,qaAla,qwl,V,S,3MS,lemma+root
qul,2:260:17,qaAla,قَالَ,qaAla,qwl,V,S,3MS,lemma+root
qul,2:263:1,qawolN,قَوْلٌ,qawol,qwl,N,,,root
qul,2:275:16,qaAlu,قَالُ,qaAla,qwl,V,P,3MP,lemma+root
qul,2:285:21,qaAlu,قَالُ,qaAla,qwl,V,P,3MP,lemma+root
qul,3:7:35,yaquwlu,يَقُولُ,qaAla,qwl,V,P,3MP,lemma+root
qul,3:12:1,qul,قُل,qaAla,qwl,V,S,2MS,lemma+root
qul,3:15:1,qulo,قُلْ,qaAla,qwl,V,S,2MS,lemma+root
qul,3:16:2,yaquwlu,يَقُولُ,qaAla,qwl,V,P,3MP,lemma+root
qul,3:20:3,qulo,قُلْ,qaAla,qwl,V,S,2MS,lemma+root
qul,3:20:9,qul,قُل,qaAla,qwl,V,S,2MS,lemma+root
qul,3:24:3,qaAlu,قَالُ,qaAla,qwl,V,P,3MP,lemma+root
qul,3:26:1,quli,قُلِ,qaAla,qwl,V,S,2MS,lemma+root
qul,3:29:1,qulo,قُلْ,qaAla,qwl,V,S,2MS,lemma+root
qul,3:31:1,qulo,قُلْ,qaAla,qwl,V,S,2MS,lemma+root
qul,3:32:1,qulo,قُلْ,qaAla,qwl,V,S,2MS,lemma+root
qul,3:35:2,qaAlati,قَالَتِ,qaAla,qwl,V,S,3FS,lemma+root
qul,3:36:3,qaAlato,قَالَتْ,qaAla,qwl,V,S,3FS,lemma+root
qul,3:37:18,qaAla,قَالَ,qaAla,qwl,V,S,3MS,lemma+root
qul,3:37:23,qaAlato,قَالَتْ,qaAla,qwl,V,S,3FS,lemma+root
qul,3:38:5,qaAla,قَالَ,qaAla,qwl,V,S,3MS,lemma+root
qul,3:40:1,qaAla,قَالَ,qaAla,qwl,V,S,3MS,lemma+root
qul,3:40:12,qaAla,قَالَ,qaAla,qwl,V,S,3MS,lemma+root
qul,3:41:1,qaAla,قَالَ,qaAla,qwl,V,S,3MS,lemma+root
qul,3:41:6,qaAla,قَالَ,qaAla,qwl,V,S,3MS,lemma+root
qul,3:42:2,qaAlati,قَالَتِ,qaAla,qwl,V,S,3FS,lemma+root
qul,3:45:2,qaAlati,قَالَتِ,qaAla,qwl,V,S,3FS,lemma+root
qul,3:47:1,qaAlato,قَالَتْ,qaAla,qwl,V,S,3FS,lemma+root
qul,3:47:10,qaAla,قَالَ,qaAla,qwl,V,S,3MS,lemma+root
qul,3:47:20,yaquwlu,يَقُولُ,qaAla,qwl,V,S,3MS,lemma+root
qul,3:52:6,qaAla,قَالَ,qaAla,qwl,V,S,3MS,lemma+root
qul,3:52:11,qaAla,قَالَ,qaAla,qwl,V,S,3MS,lemma+root
qul,3:55:2,qaAla,قَالَ,qaAla,qwl,V,S,3MS,lemma+root
qul,3:59:12,qaAla,قَالَ,qaAla,qwl,V,S,3MS,lemma+root
qul,3:61:10,qulo,قُلْ,qaAla,qwl,V,S,2MS,lemma+root
qul,3:64:1,qulo,قُلْ,qaAla,qwl,V,S,2MS,lemma+root
qul,3:64:28,quwlu,قُولُ,qaAla,qwl,V,P,2MP,lemma+root
qul,3:72:1,qaAlat,قَالَت,qaAla,qwl,V,S,3FS,lemma+root
qul,3:73:7,qulo,قُلْ,qaAla,qwl,V,S,2MS,lemma+root
qul,3:73:22,qulo,قُلْ,qaAla,qwl,V,S,2MS,lemma+root
qul,3:75:25,qaAlu,قَالُ,qaAla,qwl,V,P,3MP,lemma+root
qul,3:75:31,yaquwlu,يَقُولُ,qaAla,qwl,V,P,3MP,lemma+root
qul,3:78:14,yaquwlu,يَقُولُ,qaAla,qwl,V,P,3MP,lemma+root
qul,3:78:24,yaquwlu,يَقُولُ,qaAla,qwl,V,P,3MP,lemma+root
qul,3:79:11,yaquwla,يَقُولَ,qaAla,qwl,V,S,3MS,lemma+root
qul,3:81:20,qaAla,قَالَ,qaAla,qwl,V,S,3MS,lemma+root
qul,3:81:26,qaAlu,قَالُ,qaAla,qwl,V,P,3MP,lemma+root
qul,3:81:28,qaAla,قَالَ,qaAla,qwl,V,S,3MS,lemma+root
qul,3:84:1,qulo,قُلْ,qaAla,qwl,V,S,2MS,lemma+root
qul,3:93:18,qulo,قُلْ,qaAla,qwl,V,S,2MS,lemma+root
qul,3:95:1,qulo,قُلْ,qaAla,qwl,V,S,2MS,lemma+root
qul,3:98:1,qulo,قُلْ,qaAla,qwl,V,S,2MS,lemma+root
qul,3:99:1,qulo,قُلْ,qaAla,qwl,V,S,2MS,lemma+root
qul,3:119:11,qaAlu,قَالُ,qaAla,qwl,V,P,3MP,lemma+root
qul,3:119:20,qulo,قُلْ,qaAla,qwl,V,S,2MS,lemma+root
qul,3:124:2,taquwlu,تَقُولُ,qaAla,qwl,V,S,2MS,lemma+root
qul,3:147:3,qawola,قَوْلَ,qawol,qwl,N,,,root
qul,3:147:6,qaAlu,قَالُ,qaAla,qwl,V,P,3MP,lemma+root
qul,3:154:22,yaquwlu,يَقُولُ,qaAla,qwl,V,P,3MP,lemma+root
qul,3:154:29,qulo,قُلْ,qaAla,qwl,V,S,2MS,lemma+root
qul,3:154:41,yaquwlu,يَقُولُ,qaAla,qwl,V,P,3MP,lemma+root
qul,3:154:51,qul,قُل,qaAla,qwl,V,S,2MS,lemma+root
qul,3:156:8,qaAlu,قَالُ,qaAla,qwl,V,P,3MP,lemma+root
qul,3:165:7,qulo,قُلْ,qaAla,qwl,V,P,2MP,lemma+root
qul,3:165:10,qulo,قُلْ,qaAla,qwl,V,S,2MS,lemma+root
qul,3:167:4,qiyla,قِيلَ,qaAla,qwl,V,S,3MS,lemma+root
qul,3:167:13,qaAlu,قَالُ,qaAla,qwl,V,P,3MP,lemma+root
qul,3:167:24,yaquwlu,يَقُولُ,qaAla,qwl,V,P,3MP,lemma+root
qul,3:168:2,qaAlu,قَالُ,qaAla,qwl,V,P,3MP,lemma+root
qul,3:168:9,qulo,قُلْ,qaAla,qwl,V,S,2MS,lemma+root
qul,3:173:2,qaAla,قَالَ,qaAla,qwl,V,S,3MS,lemma+root
qul,3:173:13,qaAlu,قَالُ,qaAla,qwl,V,P,3MP,lemma+root
qul,3:181:4,qawola,قَوْلَ,qawol,qwl,N,,,root
qul,3:181:6,qaAlu,قَالُ,qaAla,qwl,V,P,3MP,lemma+root
qul,3:181:14,qaAlu,قَالُ,qaAla,qwl,V,P,3MP,lemma+root
qul,3:181:19,naquwlu,نَقُولُ,qaAla,qwl,V,P,1P,lemma+root
qul,3:183:2,qaAlu,قَالُ,qaAla,qwl,V,P,3MP,lemma+root
qul,3:183:15,qulo,قُلْ,qaAla,qwl,V,S,2MS,lemma+root
qul,3:183:23,qulo,قُلْ,qaAla,qwl,V,P,2MP,lemma+root
qul,4:5:13,quwlu,قُولُ,qaAla,qwl,V,P,2MP,lemma+root
qul,4:5:15,qawolFA,قَوْلًا,qawol,qwl,N,,,root
qul,4:8:10,quwlu,قُولُ,qaAla,qwl,V,P,2MP,lemma+root
qul,4:8:12,qawolFA,قَوْلًا,qawol,qwl,N,,,root
qul,4:9:13,yaquwlu,يَقُولُ,qaAla,qwl,V,P,3MP,lemma+root
qul,4:9:14,qawolFA,قَوْلًا,qawol,qwl,N,,,root
qul,4:18:11,qaAla,قَالَ,qaAla,qwl,V,S,3MS,lemma+root
qul,4:43:12,taquwlu,تَقُولُ,qaAla,qwl,V,P,2MP,lemma+root
qul,4:46:8,yaquwlu,يَقُولُ,qaAla,qwl,V,P,3MP,lemma+root
qul,4:46:22,qaAlu,قَالُ,qaAla,qwl,V,P,3MP,lemma+root
qul,4:51:12,yaquwlu,يَقُولُ,qaAla,qwl,V,P,3MP,lemma+root
qul,4:61:2,qiyla,قِيلَ,qaAla,qwl,V,S,3MS,lemma+root
qul,4:63:11,qul,قُل,qaAla,qwl,V,S,2MS,lemma+root
qul,4:63:15,qawolF[A,قَوْلًۢا,qawol,qwl,N,,,root
qul,4:72:8,qaAla,قَالَ,qaAla,qwl,V,S,3MS,lemma+root
qul,4:73:6,yaquwla,يَقُولَ,qaAla,qwl,V,S,3MS,lemma+root
qul,4:75:14,yaquwlu,يَقُولُ,qaAla,qwl,V,P,3MP,lemma+root
qul,4:77:5,qiyla,قِيلَ,qaAla,qwl,V,S,3MS,lemma+root
qul,4:77:27,qaAlu,قَالُ,qaAla,qwl,V,P,3MP,lemma+root
qul,4:77:38,qulo,قُلْ,qaAla,qwl,V,S,2MS,lemma+root
qul,4:78:13,yaquwlu,يَقُولُ,qaAla,qwl,V,P,3MP,lemma+root
qul,4:78:21,yaquwlu,يَقُولُ,qaAla,qwl,V,P,3MP,lemma+root
qul,4:78:25,qulo,قُلْ,qaAla,qwl,V,S,2MS,lemma+root
qul,4:81:1,yaquwlu,يَقُولُ,qaAla,qwl,V,P,3MP,lemma+root
qul,4:81:12,taquwlu,تَقُولُ,qaAla,qwl,V,S,2MS,lemma+root
qul,4:94:11,taquwlu,تَقُولُ,qaAla,qwl,V,P,2MP,lemma+root
qul,4:97:7,qaAlu,قَالُ,qaAla,qwl,V,P,3MP,lemma+root
qul,4:97:10,qaAlu,قَالُ,qaAla,qwl,V,P,3MP,lemma+root
qul,4:97:15,qaAlu,قَالُ,qaAla,qwl,V,P,3MP,lemma+root
qul,4:108:16,qawoli,قَوْلِ,qawol,qwl,N,,,root
qul,4:118:3,qaAla,قَالَ,qaAla,qwl,V,S,3MS,lemma+root
qul,4:122:21,qiylFA,قِيلًا,qiyl,qwl,N,,,root
qul,4:127:4,quli,قُلِ,qaAla,qwl,V,S,2MS,lemma+root
qul,4:141:10,qaAlu,قَالُ,qaAla,qwl,V,P,3MP,lemma+root
qul,4:141:18,qaAlu,قَالُ,qaAla,qwl,V,P,3MP,lemma+root
qul,4:148:7,qawoli,قَوْلِ,qawol,qwl,N,,,root
qul,4:150:12,yaquwlu,يَقُولُ,qaAla,qwl,V,P,3MP,lemma+root
qul,4:153:16,qaAlu,قَالُ,qaAla,qwl,V,P,3MP,lemma+root
qul,4:154:5,qulo,قُلْ,qaAla,qwl,V,P,1P,lemma+root
qul,4:154:10,qulo,قُلْ,qaAla,qwl,V,P,1P,lemma+root
qul,4:155:11,qawoli,قَوْلِ,qawol,qwl,N,,,root
qul,4:156:2,qawoli,قَوْلِ,qawol,qwl,N,,,root
qul,4:157:1,qawoli,قَوْلِ,qawol,qwl,N,,,root
qul,4:171:8,taquwlu,تَقُولُ,qaAla,qwl,V,P,2MP,lemma+root
qul,4:171:30,taquwlu,تَقُولُ,qaAla,qwl,V,P,2MP,lemma+root
qul,4:176:2,quli,قُلِ,qaAla,qwl,V,S,2MS,lemma+root
qul,5:4:5,qulo,قُلْ,qaAla,qwl,V,S,2MS,lemma+root
qul,5:7:10,qulo,قُلْ,qaAla,qwl,V,P,2MP,lemma+root
qul,5:12:12,qaAla,قَالَ,qaAla,qwl,V,S,3MS,lemma+root
qul,5:14:3,qaAlu,قَالُ,qaAla,qwl,V,P,3MP,lemma+root
qul,5:17:4,qaAlu,قَالُ,qaAla,qwl,V,P,3MP,lemma+root
qul,5:17:11,qulo,قُلْ,qaAla,qwl,V,S,2MS,lemma+root
qul,5:18:1,qaAlati,قَالَتِ,qaAla,qwl,V,S,3FS,lemma+root
qul,5:18:8,qulo,قُلْ,qaAla,qwl,V,S,2MS,lemma+root
qul,5:19:13,taquwlu,تَقُولُ,qaAla,qwl,V,P,2MP,lemma+root
qul,5:20:2,qaAla,قَالَ,qaAla,qwl,V,S,3MS,lemma+root
qul,5:22:1,qaAlu,قَالُ,qaAla,qwl,V,P,3MP,lemma+root
qul,5:23:1,qaAla,قَالَ,qaAla,qwl,V,S,3MS,lemma+root
qul,5:24:1,qaAlu,قَالُ,qaAla,qwl,V,P,3MP,lemma+root
qul,5:25:1,qaAla,قَالَ,qaAla,qwl,V,S,3MS,lemma+root
qul,5:26:1,qaAla,قَالَ,qaAla,qwl,V,S,3MS,lemma+root
qul,5:27:17,qaAla,قَالَ,qaAla,qwl,V,S,3MS,lemma+root
qul,5:27:19,qaAla,قَالَ,qaAla,qwl,V,S,3MS,lemma+root
qul,5:31:12,qaAla,قَالَ,qaAla,qwl,V,S,3MS,lemma+root
qul,5:41:11,qaAlu,قَالُ,qaAla,qwl,V,P,3MP,lemma+root
qul,5:41:32,yaquwlu,يَقُولُ,qaAla,qwl,V,P,3MP,lemma+root
qul,5:52:8,yaquwlu,يَقُولُ,qaAla,qwl,V,P,3MP,lemma+root
qul,5:53:1,yaquwlu,يَقُولُ,qaAla,qwl,V,S,3MS,lemma+root
qul,5:59:1,qulo,قُلْ,qaAla,qwl,V,S,2MS,lemma+root
qul,5:60:1,qulo,قُلْ,qaAla,qwl,V,S,2MS,lemma+root
qul,5:61:3,qaAlu,قَالُ,qaAla,qwl,V,P,3MP,lemma+root
qul,5:63:6,qawoli,قَوْلِ,qawol,qwl,N,,,root
qul,5:64:1,qaAlati,قَالَتِ,qaAla,qwl,V,S,3FS,lemma+root
qul,5:64:10,qaAlu,قَالُ,qaAla,qwl,V,P,3MP,lemma+root
qul,5:68:1,qulo,قُلْ,qaAla,qwl,V,S,2MS,lemma+root
qul,5:72:4,qaAlu,قَالُ,qaAla,qwl,V,P,3MP,lemma+root
qul,5:72:11,qaAla,قَالَ,qaAla,qwl,V,S,3MS,lemma+root
qul,5:73:4,qaAlu,قَالُ,qaAla,qwl,V,P,3MP,lemma+root
qul,5:73:19,yaquwlu,يَقُولُ,qaAla,qwl,V,P,3MP,lemma+root
qul,5:76:1,qulo,قُلْ,qaAla,qwl,V,S,2MS,lemma+root
qul,5:77:1,qulo,قُلْ,qaAla,qwl,V,S,2MS,lemma+root
qul,5:82:16,qaAlu,قَالُ,qaAla,qwl,V,P,3MP,lemma+root
qul,5:83:16,yaquwlu,يَقُولُ,qaAla,qwl,V,P,3MP,lemma+root
qul,5:85:4,qaAlu,قَالُ,qaAla,qwl,V,P,3MP,lemma+root
qul,5:100:1,qul,قُل,qaAla,qwl,V,S,2MS,lemma+root
qul,5:104:2,qiyla,قِيلَ,qaAla,qwl,V,S,3MS,lemma+root
qul,5:104:11,qaAlu,قَالُ,qaAla,qwl,V,P,3MP,lemma+root
qul,5:109:5,yaquwlu,يَقُولُ,qaAla,qwl,V,S,3MS,lemma+root
qul,5:109:8,qaAlu,قَالُ,qaAla,qwl,V,P,3MP,lemma+root
qul,5:110:2,qaAla,قَالَ,qaAla,qwl,V,S,3MS,lemma+root
qul,5:110:55,qaAla,قَالَ,qaAla,qwl,V,S,3MS,lemma+root
qul,5:111:9,qaAlu,قَالُ,qaAla,qwl,V,P,3MP,lemma+root
qul,5:112:2,qaAla,قَالَ,qaAla,qwl,V,S,3MS,lemma+root
qul,5:112:16,qaAla,قَالَ,qaAla,qwl,V,S,3MS,lemma+root
qul,5:113:1,qaAlu,قَالُ,qaAla,qwl,V,P,3MP,lemma+root
qul,5:114:1,qaAla,قَالَ,qaAla,qwl,V,S,3MS,lemma+root
qul,5:115:1,qaAla,قَالَ,qaAla,qwl,V,S,3MS,lemma+root
qul,5:116:2,qaAla,قَالَ,qaAla,qwl,V,S,3MS,lemma+root
qul,5:116:8,qulo,قُلْ,qaAla,qwl,V,S,2MS,lemma+root
qul,5:116:16,qaAla,قَالَ,qaAla,qwl,V,S,3MS,lemma+root
qul,5:116:22,>aquwla,أَقُولَ,qaAla,qwl,V,S,1S,lemma+root
qul,5:116:29,qulo,قُلْ,qaAla,qwl,V,S,1S,lemma+root
qul,5:117:2,qulo,قُلْ,qaAla,qwl,V,S,1S,lemma+root
qul,5:119:1,qaAla,قَالَ,qaAla,qwl,V,S,3MS,lemma+root
qul,6:7:9,qaAla,قَالَ,qaAla,qwl,V,S,3MS,lemma+root
qul,6:8:1,qaAlu,قَالُ,qaAla,qwl,V,P,3MP,lemma+root
qul,6:11:1,qulo,قُلْ,qaAla,qwl,V,S,2MS,lemma+root
qul,6:12:1,qul,قُل,qaAla,qwl,V,S,2MS,lemma+root
qul,6:12:7,qul,قُل,qaAla,qwl,V,S,2MS,lemma+root
qul,6:14:1,qulo,قُلْ,qaAla,qwl,V,S,2MS,lemma+root
qul,6:14:13,qulo,قُلْ,qaAla,qwl,V,S,2MS,lemma+root
qul,6:15:1,qulo,قُلْ,qaAla,qwl,V,S,2MS,lemma+root
qul,6:19:1,qulo,قُلْ,qaAla,qwl,V,S,2MS,lemma+root
qul,6:19:6,quli,قُلِ,qaAla,qwl,V,S,2MS,lemma+root
qul,6:19:26,qul,قُل,qaAla,qwl,V,S,2MS,lemma+root
qul,6:19:29,qulo,قُلْ,qaAla,qwl,V,S,2MS,lemma+root
qul,6:22:5,naquwlu,نَقُولُ,qaAla,qwl,V,P,1P,lemma+root
qul,6:23:7,qaAlu,قَالُ,qaAla,qwl,V,P,3MP,lemma+root
qul,6:25:25,yaquwlu,يَقُولُ,qaAla,qwl,V,S,3MS,lemma+root
qul,6:27:7,qaAlu,قَالُ,qaAla,qwl,V,P,3MP,lemma+root
qul,6:29:1,qaAlu,قَالُ,qaAla,qwl,V,P,3MP,lemma+root
qul,6:30:7,qaAla,قَالَ,qaAla,qwl,V,S,3MS,lemma+root
qul,6:30:11,qaAlu,قَالُ,qaAla,qwl,V,P,3MP,lemma+root
qul,6:30:14,qaAla,قَالَ,qaAla,qwl,V,S,3MS,lemma+root
qul,6:31:12,qaAlu,قَالُ,qaAla,qwl,V,P,3MP,lemma+root
qul,6:33:6,yaquwlu,يَقُولُ,qaAla,qwl,V,P,3MP,lemma+root
qul,6:37:1,qaAlu,قَالُ,qaAla,qwl,V,P,3MP,lemma+root
qul,6:37:8,qulo,قُلْ,qaAla,qwl,V,S,2MS,lemma+root
qul,6:40:1,qulo,قُلْ,qaAla,qwl,V,S,2MS,lemma+root
qul,6:46:1,qulo,قُلْ,qaAla,qwl,V,S,2MS,lemma+root
qul,6:47:1,qulo,قُلْ,qaAla,qwl,V,S,2MS,lemma+root
qul,6:50:1,qul,قُل,qaAla,qwl,V,S,2MS,lemma+root
qul,6:50:3,>aquwlu,أَقُولُ,qaAla,qwl,V,S,1S,lemma+root
qul,6:50:12,>aquwlu,أَقُولُ,qaAla,qwl,V,S,1S,lemma+root
qul,6:50:22,qulo,قُلْ,qaAla,qwl,V,S,2MS,lemma+root
qul,6:53:5,yaquwlu,يَقُولُ,qaAla,qwl,V,P,3MP,lemma+root
qul,6:54:6,qulo,قُلْ,qaAla,qwl,V,S,2MS,lemma+root
qul,6:56:1,qulo,قُلْ,qaAla,qwl,V,S,2MS,lemma+root
qul,6:56:11,qul,قُل,qaAla,qwl,V,S,2MS,lemma+root
qul,6:57:1,qulo,قُلْ,qaAla,qwl,V,S,2MS,lemma+root
qul,6:58:1,qul,قُل,qaAla,qwl,V,S,2MS,lemma+root
qul,6:63:1,qulo,قُلْ,qaAla,qwl,V,S,2MS,lemma+root
qul,6:64:1,quli,قُلِ,qaAla,qwl,V,S,2MS,lemma+root
qul,6:65:1,qulo,قُلْ,qaAla,qwl,V,S,2MS,lemma+root
qul,6:66:6,qul,قُل,qaAla,qwl,V,S,2MS,lemma+root
qul,6:71:1,qulo,قُلْ,qaAla,qwl,V,S,2MS,lemma+root
qul,6:71:30,qulo,قُلْ,qaAla,qwl,V,S,2MS,lemma+root
qul,6:73:8,yaquwlu,يَقُولُ,qaAla,qwl,V,S,3MS,lemma+root
qul,6:73:11,qawolu,قَوْلُ,qawol,qwl,N,,,root
qul,6:74:2,qaAla,قَالَ,qaAla,qwl,V,S,3MS,lemma+root
qul,6:76:7,qaAla,قَالَ,qaAla,qwl,V,S,3MS,lemma+root
qul,6:76:12,qaAla,قَالَ,qaAla,qwl,V,S,3MS,lemma+root
qul,6:77:5,qaAla,قَالَ,qaAla,qwl,V,S,3MS,lemma+root
qul,6:77:10,qaAla,قَالَ,qaAla,qwl,V,S,3MS,lemma+root
qul,6:78:5,qaAla,قَالَ,qaAla,qwl,V,S,3MS,lemma+root
qul,6:78:12,qaAla,قَالَ,qaAla,qwl,V,S,3MS,lemma+root
qul,6:80:3,qaAla,قَالَ,qaAla,qwl,V,S,3MS,lemma+root
qul,6:90:7,qul,قُل,qaAla,qwl,V,S,2MS,lemma+root
qul,6:91:7,qaAlu,قَالُ,qaAla,qwl,V,P,3MP,lemma+root
qul,6:91:15,qulo,قُلْ,qaAla,qwl,V,S,2MS,lemma+root
qul,6:91:38,quli,قُلِ,qaAla,qwl,V,S,2MS,lemma+root
qul,6:93:9,qaAla,قَالَ,qaAla,qwl,V,S,3MS,lemma+root
qul,6:93:17,qaAla,قَالَ,qaAla,qwl,V,S,3MS,lemma+root
qul,6:93:41,taquwlu,تَقُولُ,qaAla,qwl,V,P,2MP,lemma+root
qul,6:105:4,yaquwlu,يَقُولُ,qaAla,qwl,V,P,3MP,lemma+root
qul,6:109:10,qulo,قُلْ,qaAla,qwl,V,S,2MS,lemma+root
qul,6:112:14,qawoli,قَوْلِ,qawol,qwl,N,,,root
qul,6:124:4,qaAlu,قَالُ,qaAla,qwl,V,P,3MP,lemma+root
qul,6:128:10,qaAla,قَالَ,qaAla,qwl,V,S,3MS,lemma+root
qul,6:128:23,qaAla,قَالَ,qaAla,qwl,V,S,3MS,lemma+root
qul,6:130:15,qaAlu,قَالُ,qaAla,qwl,V,P,3MP,lemma+root
qul,6:135:1,qulo,قُلْ,qaAla,qwl,V,S,2MS,lemma+root
qul,6:136:9,qaAlu,قَالُ,qaAla,qwl,V,P,3MP,lemma+root
qul,6:138:1,qaAlu,قَالُ,qaAla,qwl,V,P,3MP,lemma+root
qul,6:139:1,qaAlu,قَالُ,qaAla,qwl,V,P,3MP,lemma+root
qul,6:143:9,qulo,قُلْ,qaAla,qwl,V,S,2MS,lemma+root
qul,6:144:7,qulo,قُلْ,qaAla,qwl,V,S,2MS,lemma+root
qul,6:145:1,qul,قُل,qaAla,qwl,V,S,2MS,lemma+root
qul,6:147:3,qul,قُل,qaAla,qwl,V,S,2MS,lemma+root
qul,6:148:1,yaquwlu,يَقُولُ,qaAla,qwl,V,S,3MS,lemma+root
qul,6:148:23,qulo,قُلْ,qaAla,qwl,V,S,2MS,lemma+root
qul,6:149:1,qulo,قُلْ,qaAla,qwl,V,S,2MS,lemma+root
qul,6:150:1,qulo,قُلْ,qaAla,qwl,V,S,2MS,lemma+root
qul,6:151:1,qulo,قُلْ,qaAla,qwl,V,S,2MS,lemma+root
qul,6:152:22,qulo,قُلْ,qaAla,qwl,V,P,2MP,lemma+root
qul,6:156:2,taquwlu,تَقُولُ,qaAla,qwl,V,P,2MP,lemma+root
qul,6:157:2,taquwlu,تَقُولُ,qaAla,qwl,V,P,2MP,lemma+root
qul,6:158:34,quli,قُلِ,qaAla,qwl,V,S,2MS,lemma+root
qul,6:161:1,qulo,قُلْ,qaAla,qwl,V,S,2MS,lemma+root
qul,6:162:1,qulo,قُلْ,qaAla,qwl,V,S,2MS,lemma+root
qul,6:164:1,qulo,قُلْ,qaAla,qwl,V,S,2MS,lemma+root
qul,7:5:9,qaAlu,قَالُ,qaAla,qwl,V,P,3MP,lemma+root
qul,7:11:6,qulo,قُلْ,qaAla,qwl,V,P,1P,lemma+root
qul,7:12:1,qaAla,قَالَ,qaAla,qwl,V,S,3MS,lemma+root
qul,7:12:8,qaAla,قَالَ,qaAla,qwl,V,S,3MS,lemma+root
qul,7:13:1,qaAla,قَالَ,qaAla,qwl,V,S,3MS,lemma+root
qul,7:14:1,qaAla,قَالَ,qaAla,qwl,V,S,3MS,lemma+root
qul,7:15:1,qaAla,قَالَ,qaAla,qwl,V,S,3MS,lemma+root
qul,7:16:1,qaAla,قَالَ,qaAla,qwl,V,S,3MS,lemma+root
qul,7:18:1,qaAla,قَالَ,qaAla,qwl,V,S,3MS,lemma+root
qul,7:20:11,qaAla,قَالَ,qaAla,qwl,V,S,3MS,lemma+root
qul,7:22:22,>aqul,أَقُل,qaAla,qwl,V,S,1S,lemma+root
qul,7:23:1,qaAla,قَالَ,qaAla,qwl,V,D,3MD,lemma+root
qul,7:24:1,qaAla,قَالَ,qaAla,qwl,V,S,3MS,lemma+root
qul,7:25:1,qaAla,قَالَ,qaAla,qwl,V,S,3MS,lemma+root
qul,7:28:4,qaAlu,قَالُ,qaAla,qwl,V,P,3MP,lemma+root
qul,7:28:11,qulo,قُلْ,qaAla,qwl,V,S,2MS,lemma+root
qul,7:28:17,taquwlu,تَقُولُ,qaAla,qwl,V,P,2MP,lemma+root
qul,7:29:1,qulo,قُلْ,qaAla,qwl,V,S,2MS,lemma+root
qul,7:32:1,qulo,قُلْ,qaAla,qwl,V,S,2MS,lemma+root
qul,7:32:12,qulo,قُلْ,qaAla,qwl,V,S,2MS,lemma+root
qul,7:33:1,qulo,قُلْ,qaAla,qwl,V,S,2MS,lemma+root
qul,7:33:24,taquwlu,تَقُولُ,qaAla,qwl,V,P,2MP,lemma+root
qul,7:37:21,qaAlu,قَالُ,qaAla,qwl,V,P,3MP,lemma+root
qul,7:37:29,qaAlu,قَالُ,qaAla,qwl,V,P,3MP,lemma+root
qul,7:38:1,qaAla,قَالَ,qaAla,qwl,V,S,3MS,lemma+root
qul,7:38:24,qaAlato,قَالَتْ,qaAla,qwl,V,S,3FS,lemma+root
qul,7:38:35,qaAla,قَالَ,qaAla,qwl,V,S,3MS,lemma+root
qul,7:39:1,qaAlato,قَالَتْ,qaAla,qwl,V,S,3FS,lemma+root
qul,7:43:11,qaAlu,قَالُ,qaAla,qwl,V,P,3MP,lemma+root
qul,7:44:19,qaAlu,قَالُ,qaAla,qwl,V,P,3MP,lemma+root
qul,7:47:7,qaAlu,قَالُ,qaAla,qwl,V,P,3MP,lemma+root
qul,7:48:7,qaAlu,قَالُ,qaAla,qwl,V,P,3MP,lemma+root
qul,7:50:15,qaAlu,قَالُ,qaAla,qwl,V,P,3MP,lemma+root
qul,7:53:8,yaquwlu,يَقُولُ,qaAla,qwl,V,S,3MS,lemma+root
qul,7:59:6,qaAla,قَالَ,qaAla,qwl,V,S,3MS,lemma+root
qul,7:60:1,qaAla,قَالَ,qaAla,qwl,V,S,3MS,lemma+root
qul,7:61:1,qaAla,قَالَ,qaAla,qwl,V,S,3MS,lemma+root
qul,7:65:5,qaAla,قَالَ,qaAla,qwl,V,S,3MS,lemma+root
qul,7:66:1,qaAla,قَالَ,qaAla,qwl,V,S,3MS,lemma+root
qul,7:67:1,qaAla,قَالَ,qaAla,qwl,V,S,3MS,lemma+root
qul,7:70:1,qaAlu,قَالُ,qaAla,qwl,V,P,3MP,lemma+root
qul,7:71:1,qaAla,قَالَ,qaAla,qwl,V,S,3MS,lemma+root
qul,7:73:5,qaAla,قَالَ,qaAla,qwl,V,S,3MS,lemma+root
qul,7:75:1,qaAla,قَالَ,qaAla,qwl,V,S,3MS,lemma+root
qul,7:75:18,qaAlu,قَالُ,qaAla,qwl,V,P,3MP,lemma+root
qul,7:76:1,qaAla,قَالَ,qaAla,qwl,V,S,3MS,lemma+root
qul,7:77:7,qaAlu,قَالُ,qaAla,qwl,V,P,3MP,lemma+root
qul,7:79:3,qaAla,قَالَ,qaAla,qwl,V,S,3MS,lemma+root
qul,7:80:3,qaAla,قَالَ,qaAla,qwl,V,S,3MS,lemma+root
qul,7:82:7,qaAlu,قَالُ,qaAla,qwl,V,P,3MP,lemma+root
qul,7:85:5,qaAla,قَالَ,qaAla,qwl,V,S,3MS,lemma+root
qul,7:88:1,qaAla,قَالَ,qaAla,qwl,V,S,3MS,lemma+root
qul,7:88:18,qaAla,قَالَ,qaAla,qwl,V,S,3MS,lemma+root
qul,7:90:1,qaAla,قَالَ,qaAla,qwl,V,S,3MS,lemma+root
qul,7:93:3,qaAla,قَالَ,qaAla,qwl,V,S,3MS,lemma+root
qul,7:95:8,qaAlu,قَالُ,qaAla,qwl,V,P,3MP,lemma+root
qul,7:104:1,qaAla,قَالَ,qaAla,qwl,V,S,3MS,lemma+root
qul,7:105:5,>aquwla,أَقُولَ,qaAla,qwl,V,S,1S,lemma+root
qul,7:106:1,qaAla,قَالَ,qaAla,qwl,V,S,3MS,lemma+root
qul,7:109:1,qaAla,قَالَ,qaAla,qwl,V,S,3MS,lemma+root
qul,7:111:1,qaAlu,قَالُ,qaAla,qwl,V,P,3MP,lemma+root
qul,7:113:4,qaAlu,قَالُ,qaAla,qwl,V,P,3MP,lemma+root
qul,7:114:1,qaAla,قَالَ,qaAla,qwl,V,S,3MS,lemma+root
qul,7:115:1,qaAlu,قَالُ,qaAla,qwl,V,P,3MP,lemma+root
qul,7:116:1,qaAla,قَالَ,qaAla,qwl,V,S,3MS,lemma+root
qul,7:121:1,qaAlu,قَالُ,qaAla,qwl,V,P,3MP,lemma+root
qul,7:123:1,qaAla,قَالَ,qaAla,qwl,V,S,3MS,lemma+root
qul,7:125:1,qaAlu,قَالُ,qaAla,qwl,V,P,3MP,lemma+root
qul,7:127:1,qaAla,قَالَ,qaAla,qwl,V,S,3MS,lemma+root
qul,7:127:14,qaAla,قَالَ,qaAla,qwl,V,S,3MS,lemma+root
qul,7:128:1,qaAla,قَالَ,qaAla,qwl,V,S,3MS,lemma+root
qul,7:129:1,qaAlu,قَالُ,qaAla,qwl,V,P,3MP,lemma+root
qul,7:129:11,qaAla,قَالَ,qaAla,qwl,V,S,3MS,lemma+root
qul,7:131:4,qaAlu,قَالُ,qaAla,qwl,V,P,3MP,lemma+root
qul,7:132:1,qaAlu,قَالُ,qaAla,qwl,V,P,3MP,lemma+root
qul,7:134:5,qaAlu,قَالُ,qaAla,qwl,V,P,3MP,lemma+root
qul,7:138:12,qaAlu,قَالُ,qaAla,qwl,V,P,3MP,lemma+root
qul,7:138:20,qaAla,قَالَ,qaAla,qwl,V,S,3MS,lemma+root
qul,7:140:1,qaAla,قَالَ,qaAla,qwl,V,S,3MS,lemma+root
qul,7:142:12,qaAla,قَالَ,qaAla,qwl,V,S,3MS,lemma+root
qul,7:143:7,qaAla,قَالَ,qaAla,qwl,V,S,3MS,lemma+root
qul,7:143:12,qaAla,قَالَ,qaAla,qwl,V,S,3MS,lemma+root
qul,7:143:35,qaAla,قَالَ,qaAla,qwl,V,S,3MS,lemma+root
qul,7:144:1,qaAla,قَالَ,qaAla,qwl,V,S,3MS,lemma+root
qul,7:149:9,qaAlu,قَالُ,qaAla,qwl,V,P,3MP,lemma+root
qul,7:150:8,qaAla,قَالَ,qaAla,qwl,V,S,3MS,lemma+root
qul,7:150:23,qaAla,قَالَ,qaAla,qwl,V,S,3MS,lemma+root
qul,7:151:1,qaAla,قَالَ,qaAla,qwl,V,S,3MS,lemma+root
qul,7:155:10,qaAla,قَالَ,qaAla,qwl,V,S,3MS,lemma+root
qul,7:156:12,qaAla,قَالَ,qaAla,qwl,V,S,3MS,lemma+root
qul,7:158:1,qulo,قُلْ,qaAla,qwl,V,S,2MS,lemma+root
qul,7:161:2,qiyla,قِيلَ,qaAla,qwl,V,S,3MS,lemma+root
qul,7:161:11,quwlu,قُولُ,qaAla,qwl,V,P,2MP,lemma+root
qul,7:162:5,qawolFA,قَوْلًا,qawol,qwl,N,,,root
qul,7:162:8,qiyla,قِيلَ,qaAla,qwl,V,S,3MS,lemma+root
qul,7:164:2,qaAlato,قَالَتْ,qaAla,qwl,V,S,3FS,lemma+root
qul,7:164:14,qaAlu,قَالُ,qaAla,qwl,V,P,3MP,lemma+root
qul,7:166:7,qulo,قُلْ,qaAla,qwl,V,P,1P,lemma+root
qul,7:169:11,yaquwlu,يَقُولُ,qaAla,qwl,V,P,3MP,lemma+root
qul,7:169:26,yaquwlu,يَقُولُ,qaAla,qwl,V,P,3MP,lemma+root
qul,7:172:15,qaAlu,قَالُ,qaAla,qwl,V,P,3MP,lemma+root
qul,7:172:19,taquwlu,تَقُولُ,qaAla,qwl,V,P,2MP,lemma+root
qul,7:173:2,taquwlu,تَقُولُ,qaAla,qwl,V,P,2MP,lemma+root
qul,7:187:6,qulo,قُلْ,qaAla,qwl,V,S,2MS,lemma+root
qul,7:187:28,qulo,قُلْ,qaAla,qwl,V,S,2MS,lemma+root
qul,7:188:1,qul,قُل,qaAla,qwl,V,S,2MS,lemma+root
qul,7:195:20,quli,قُلِ,qaAla,qwl,V,S,2MS,lemma+root
qul,7:203:5,qaAlu,قَالُ,qaAla,qwl,V,P,3MP,lemma+root
qul,7:203:8,qulo,قُلْ,qaAla,qwl,V,S,2MS,lemma+root
qul,7:205:10,qawoli,قَوْلِ,qawol,qwl,N,,,root
qul,8:1:4,quli,قُلِ,qaAla,qwl,V,S,2MS,lemma+root
qul,8:21:4,qaAlu,قَالُ,qaAla,qwl,V,P,3MP,lemma+root
qul,8:31:5,qaAlu,قَالُ,qaAla,qwl,V,P,3MP,lemma+root
qul,8:31:10,qulo,قُلْ,qaAla,qwl,V,P,1P,lemma+root
qul,8:32:2,qaAlu,قَالُ,qaAla,qwl,V,P,3MP,lemma+root
qul,8:38:1,qul,قُل,qaAla,qwl,V,S,2MS,lemma+root
qul,8:48:6,qaAla,قَالَ,qaAla,qwl,V,S,3MS,lemma+root
qul,8:48:22,qaAla,قَالَ,qaAla,qwl,V,S,3MS,lemma+root
qul,8:49:2,yaquwlu,يَقُولُ,qaAla,qwl,V,S,3MS,lemma+root
qul,8:70:3,qul,قُل,qaAla,qwl,V,S,2MS,lemma+root
qul,9:24:1,qulo,قُلْ,qaAla,qwl,V,S,2MS,lemma+root
qul,9:30:1,qaAlati,قَالَتِ,qaAla,qwl,V,S,3FS,lemma+root
qul,9:30:6,qaAlati,قَالَتِ,qaAla,qwl,V,S,3FS,lemma+root
qul,9:30:12,qawolu,قَوْلُ,qawol,qwl,N,,,root
qul,9:30:15,qawola,قَوْلَ,qawol,qwl,N,,,root
qul,9:38:7,qiyla,قِيلَ,qaAla,qwl,V,S,3MS,lemma+root
qul,9:40:17,yaquwlu,يَقُولُ,qaAla,qwl,V,S,3MS,lemma+root
qul,9:46:12,qiyla,قِيلَ,qaAla,qwl,V,S,3MS,lemma+root
qul,9:49:3,yaquwlu,يَقُولُ,qaAla,qwl,V,S,3MS,lemma+root
qul,9:50:8,yaquwlu,يَقُولُ,qaAla,qwl,V,P,3MP,lemma+root
qul,9:51:1,qul,قُل,qaAla,qwl,V,S,2MS,lemma+root
qul,9:52:1,qulo,قُلْ,qaAla,qwl,V,S,2MS,lemma+root
qul,9:53:1,qulo,قُلْ,qaAla,qwl,V,S,2MS,lemma+root
qul,9:59:8,qaAlu,قَالُ,qaAla,qwl,V,P,3MP,lemma+root
qul,9:61:5,yaquwlu,يَقُولُ,qaAla,qwl,V,P,3MP,lemma+root
qul,9:61:8,qulo,قُلْ,qaAla,qwl,V,S,2MS,lemma+root
qul,9:64:11,quli,قُلِ,qaAla,qwl,V,S,2MS,lemma+root
qul,9:65:3,yaquwlu,يَقُولُ,qaAla,qwl,V,P,3MP,lemma+root
qul,9:65:8,qulo,قُلْ,qaAla,qwl,V,S,2MS,lemma+root
qul,9:74:4,qaAlu,قَالُ,qaAla,qwl,V,P,3MP,lemma+root
qul,9:74:6,qaAlu,قَالُ,qaAla,qwl,V,P,3MP,lemma+root
qul,9:81:15,qaAlu,قَالُ,qaAla,qwl,V,P,3MP,lemma+root
qul,9:81:20,qulo,قُلْ,qaAla,qwl,V,S,2MS,lemma+root
qul,9:83:9,qul,قُل,qaAla,qwl,V,S,2MS,lemma+root
qul,9:86:14,qaAlu,قَالُ,qaAla,qwl,V,P,3MP,lemma+root
qul,9:92:8,qulo,قُلْ,qaAla,qwl,V,S,2MS,lemma+root
qul,9:94:6,qul,قُل,qaAla,qwl,V,S,2MS,lemma+root
qul,9:105:1,quli,قُلِ,qaAla,qwl,V,S,2MS,lemma+root
qul,9:124:7,yaquwlu,يَقُولُ,qaAla,qwl,V,S,3MS,lemma+root
qul,9:129:3,qulo,قُلْ,qaAla,qwl,V,S,2MS,lemma+root
qul,10:2:21,qaAla,قَالَ,qaAla,qwl,V,S,3MS,lemma+root
qul,10:15:6,qaAla,قَالَ,qaAla,qwl,V,S,3MS,lemma+root
qul,10:15:17,qulo,قُلْ,qaAla,qwl,V,S,2MS,lemma+root
qul,10:16:1,qul,قُل,qaAla,qwl,V,S,2MS,lemma+root
qul,10:18:10,yaquwlu,يَقُولُ,qaAla,qwl,V,P,3MP,lemma+root
qul,10:18:15,qulo,قُلْ,qaAla,qwl,V,S,2MS,lemma+root
qul,10:20:1,yaquwlu,يَقُولُ,qaAla,qwl,V,P,3MP,lemma+root
qul,10:20:8,qulo,قُلْ,qaAla,qwl,V,S,2MS,lemma+root
qul,10:21:14,quli,قُلِ,qaAla,qwl,V,S,2MS,lemma+root
qul,10:28:5,naquwlu,نَقُولُ,qaAla,qwl,V,P,1P,lemma+root
qul,10:28:13,qaAla,قَالَ,qaAla,qwl,V,S,3MS,lemma+root
qul,10:31:1,qulo,قُلْ,qaAla,qwl,V,S,2MS,lemma+root
qul,10:31:23,yaquwlu,يَقُولُ,qaAla,qwl,V,P,3MP,lemma+root
qul,10:31:25,qulo,قُلْ,qaAla,qwl,V,S,2MS,lemma+root
qul,10:34:1,qulo,قُلْ,qaAla,qwl,V,S,2MS,lemma+root
qul,10:34:10,quli,قُلِ,qaAla,qwl,V,S,2MS,lemma+root
qul,10:35:1,qulo,قُلْ,qaAla,qwl,V,S,2MS,lemma+root
qul,10:35:9,quli,قُلِ,qaAla,qwl,V,S,2MS,lemma+root
qul,10:38:2,yaquwlu,يَقُولُ,qaAla,qwl,V,P,3MP,lemma+root
qul,10:38:4,qulo,قُلْ,qaAla,qwl,V,S,2MS,lemma+root
qul,10:41:3,qul,قُل,qaAla,qwl,V,S,2MS,lemma+root
qul,10:48:1,yaquwlu,يَقُولُ,qaAla,qwl,V,P,3MP,lemma+root
qul,10:49:1,qul,قُل,qaAla,qwl,V,S,2MS,lemma+root
qul,10:50:1,qulo,قُلْ,qaAla,qwl,V,S,2MS,lemma+root
qul,10:52:2,qiyla,قِيلَ,qaAla,qwl,V,S,3MS,lemma+root
qul,10:53:4,qulo,قُلْ,qaAla,qwl,V,S,2MS,lemma+root
qul,10:58:1,qulo,قُلْ,qaAla,qwl,V,S,2MS,lemma+root
qul,10:59:1,qulo,قُلْ,qaAla,qwl,V,S,2MS,lemma+root
qul,10:59:13,qulo,قُلْ,qaAla,qwl,V,S,2MS,lemma+root
qul,10:65:3,qawolu,قَوْلُ,qawol,qwl,N,,,root
qul,10:68:1,qaAlu,قَالُ,qaAla,qwl,V,P,3MP,lemma+root
qul,10:68:20,taquwlu,تَقُولُ,qaAla,qwl,V,P,2MP,lemma+root
qul,10:69:1,qulo,قُلْ,qaAla,qwl,V,S,2MS,lemma+root
qul,10:71:6,qaAla,قَالَ,qaAla,qwl,V,S,3MS,lemma+root
qul,10:76:6,qaAlu,قَالُ,qaAla,qwl,V,P,3MP,lemma+root
qul,10:77:1,qaAla,قَالَ,qaAla,qwl,V,S,3MS,lemma+root
qul,10:77:3,taquwlu,تَقُولُ,qaAla,qwl,V,P,2MP,lemma+root
qul,10:78:1,qaAlu,قَالُ,qaAla,qwl,V,P,3MP,lemma+root
qul,10:79:1,qaAla,قَالَ,qaAla,qwl,V,S,3MS,lemma+root
qul,10:80:4,qaAla,قَالَ,qaAla,qwl,V,S,3MS,lemma+root
qul,10:81:3,qaAla,قَالَ,qaAla,qwl,V,S,3MS,lemma+root
qul,10:84:1,qaAla,قَالَ,qaAla,qwl,V,S,3MS,lemma+root
qul,10:85:1,qaAlu,قَالُ,qaAla,qwl,V,P,3MP,lemma+root
qul,10:88:1,qaAla,قَالَ,qaAla,qwl,V,S,3MS,lemma+root
qul,10:89:1,qaAla,قَالَ,qaAla,qwl,V,S,3MS,lemma+root
qul,10:90:14,qaAla,قَالَ,qaAla,qwl,V,S,3MS,lemma+root
qul,10:101:1,quli,قُلِ,qaAla,qwl,V,S,2MS,lemma+root
qul,10:102:10,qulo,قُلْ,qaAla,qwl,V,S,2MS,lemma+root
qul,10:104:1,qulo,قُلْ,qaAla,qwl,V,S,2MS,lemma+root
qul,10:108:1,qulo,قُلْ,qaAla,qwl,V,S,2MS,lemma+root
qul,11:7:18,qulo,قُلْ,qaAla,qwl,V,S,2MS,lemma+root
qul,11:7:24,yaquwla,يَقُولَ,qaAla,qwl,V,S,3MS,lemma+root
qul,11:8:8,yaquwlu,يَقُولُ,qaAla,qwl,V,P,3MP,lemma+root
qul,11:10:7,yaquwla,يَقُولَ,qaAla,qwl,V,S,3MS,lemma+root
qul,11:12:11,yaquwlu,يَقُولُ,qaAla,qwl,V,P,3MP,lemma+root
qul,11:13:2,yaquwlu,يَقُولُ,qaAla,qwl,V,P,3MP,lemma+root
qul,11:13:4,qulo,قُلْ,qaAla,qwl,V,S,2MS,lemma+root
qul,11:18:12,yaquwlu,يَقُولُ,qaAla,qwl,V,S,3MS,lemma+root
qul,11:27:1,qaAla,قَالَ,qaAla,qwl,V,S,3MS,lemma+root
qul,11:28:1,qaAla,قَالَ,qaAla,qwl,V,S,3MS,lemma+root
qul,11:31:2,>aquwlu,أَقُولُ,qaAla,qwl,V,S,1S,lemma+root
qul,11:31:11,>aquwlu,أَقُولُ,qaAla,qwl,V,S,1S,lemma+root
qul,11:31:15,>aquwlu,أَقُولُ,qaAla,qwl,V,S,1S,lemma+root
qul,11:32:1,qaAlu,قَالُ,qaAla,qwl,V,P,3MP,lemma+root
qul,11:33:1,qaAla,قَالَ,qaAla,qwl,V,S,3MS,lemma+root
qul,11:35:2,yaquwlu,يَقُولُ,qaAla,qwl,V,P,3MP,lemma+root
qul,11:35:4,qulo,قُلْ,qaAla,qwl,V,S,2MS,lemma+root
qul,11:38:11,qaAla,قَالَ,qaAla,qwl,V,S,3MS,lemma+root
qul,11:40:7,qulo,قُلْ,qaAla,qwl,V,P,1P,lemma+root
qul,11:40:19,qawolu,قَوْلُ,qawol,qwl,N,,,root
qul,11:41:1,qaAla,قَالَ,qaAla,qwl,V,S,3MS,lemma+root
qul,11:43:1,qaAla,قَالَ,qaAla,qwl,V,S,3MS,lemma+root
qul,11:43:8,qaAla,قَالَ,qaAla,qwl,V,S,3MS,lemma+root
qul,11:44:1,qiyla,قِيلَ,qaAla,qwl,V,S,3MS,lemma+root
qul,11:44:14,qiyla,قِيلَ,qaAla,qwl,V,S,3MS,lemma+root
qul,11:45:4,qaAla,قَالَ,qaAla,qwl,V,S,3MS,lemma+root
qul,11:46:1,qaAla,قَالَ,qaAla,qwl,V,S,3MS,lemma+root
qul,11:47:1,qaAla,قَالَ,qaAla,qwl,V,S,3MS,lemma+root
qul,11:48:1,qiyla,قِيلَ,qaAla,qwl,V,S,3MS,lemma+root
qul,11:50:5,qaAla,قَالَ,qaAla,qwl,V,S,3MS,lemma+root
qul,11:53:1,qaAlu,قَالُ,qaAla,qwl,V,P,3MP,lemma+root
qul,11:53:11,qawoli,قَوْلِ,qawol,qwl,N,,,root
qul,11:54:2,n~aquwlu,نَّقُولُ,qaAla,qwl,V,P,1P,lemma+root
qul,11:54:8,qaAla,قَالَ,qaAla,qwl,V,S,3MS,lemma+root
qul,11:61:5,qaAla,قَالَ,qaAla,qwl,V,S,3MS,lemma+root
qul,11:62:1,qaAlu,قَالُ,qaAla,qwl,V,P,3MP,lemma+root
qul,11:63:1,qaAla,قَالَ,qaAla,qwl,V,S,3MS,lemma+root
qul,11:65:2,qaAla,قَالَ,qaAla,qwl,V,S,3MS,lemma+root
qul,11:69:6,qaAlu,قَالُ,qaAla,qwl,V,P,3MP,lemma+root
qul,11:69:8,qaAla,قَالَ,qaAla,qwl,V,S,3MS,lemma+root
qul,11:70:11,qaAlu,قَالُ,qaAla,qwl,V,P,3MP,lemma+root
qul,11:72:1,qaAlato,قَالَتْ,qaAla,qwl,V,S,3FS,lemma+root
qul,11:73:1,qaAlu,قَالُ,qaAla,qwl,V,P,3MP,lemma+root
qul,11:77:10,qaAla,قَالَ,qaAla,qwl,V,S,3MS,lemma+root
qul,11:78:10,qaAla,قَالَ,qaAla,qwl,V,S,3MS,lemma+root
qul,11:79:1,qaAlu,قَالُ,qaAla,qwl,V,P,3MP,lemma+root
qul,11:80:1,qaAla,قَالَ,qaAla,qwl,V,S,3MS,lemma+root
qul,11:81:1,qaAlu,قَالُ,qaAla,qwl,V,P,3MP,lemma+root
qul,11:84:5,qaAla,قَالَ,qaAla,qwl,V,S,3MS,lemma+root
qul,11:87:1,qaAlu,قَالُ,qaAla,qwl,V,P,3MP,lemma+root
qul,11:88:1,qaAla,قَالَ,qaAla,qwl,V,S,3MS,lemma+root
qul,11:91:1,qaAlu,قَالُ,qaAla,qwl,V,P,3MP,lemma+root
qul,11:91:7,taquwlu,تَقُولُ,qaAla,qwl,V,S,2MS,lemma+root
qul,11:92:1,qaAla,قَالَ,qaAla,qwl,V,S,3MS,lemma+root
qul,11:121:1,qul,قُل,qaAla,qwl,V,S,2MS,lemma+root
qul,12:4:2,qaAla,قَالَ,qaAla,qwl,V,S,3MS,lemma+root
qul,12:5:1,qaAla,قَالَ,qaAla,qwl,V,S,3MS,lemma+root
qul,12:8:2,qaAlu,قَالُ,qaAla,qwl,V,P,3MP,lemma+root
qul,12:10:1,qaAla,قَالَ,qaAla,qwl,V,S,3MS,lemma+root
qul,12:10:2,qaA^}ilN,قَآئِلٌ,qaA^}il,qwl,N,,,root
qul,12:11:1,qaAlu,قَالُ,qaAla,qwl,V,P,3MP,lemma+root
qul,12:13:1,qaAla,قَالَ,qaAla,qwl,V,S,3MS,lemma+root
qul,12:14:1,qaAlu,قَالُ,qaAla,qwl,V,P,3MP,lemma+root
qul,12:17:1,qaAlu,قَالُ,qaAla,qwl,V,P,3MP,lemma+root
qul,12:18:6,qaAla,قَالَ,qaAla,qwl,V,S,3MS,lemma+root
qul,12:19:7,qaAla,قَالَ,qaAla,qwl,V,S,3MS,lemma+root
qul,12:21:1,qaAla,قَالَ,qaAla,qwl,V,S,3MS,lemma+root
qul,12:23:10,qaAlato,قَالَتْ,qaAla,qwl,V,S,3FS,lemma+root
qul,12:23:13,qaAla,قَالَ,qaAla,qwl,V,S,3MS,lemma+root
qul,12:25:11,qaAlato,قَالَتْ,qaAla,qwl,V,S,3FS,lemma+root
qul,12:26:1,qaAla,قَالَ,qaAla,qwl,V,S,3MS,lemma+root
qul,12:28:7,qaAla,قَالَ,qaAla,qwl,V,S,3MS,lemma+root
qul,12:30:1,qaAla,قَالَ,qaAla,qwl,V,S,3MS,lemma+root
qul,12:31:14,qaAlati,قَالَتِ,qaAla,qwl,V,S,3FS,lemma+root
qul,12:31:22,qulo,قُلْ,qaAla,qwl,V,P,3FP,lemma+root
qul,12:32:1,qaAlato,قَالَتْ,qaAla,qwl,V,S,3FS,lemma+root
qul,12:33:1,qaAla,قَالَ,qaAla,qwl,V,S,3MS,lemma+root
qul,12:36:5,qaAla,قَالَ,qaAla,qwl,V,S,3MS,lemma+root
qul,12:36:11,qaAla,قَالَ,qaAla,qwl,V,S,3MS,lemma+root
qul,12:37:1,qaAla,قَالَ,qaAla,qwl,V,S,3MS,lemma+root
qul,12:42:1,qaAla,قَالَ,qaAla,qwl,V,S,3MS,lemma+root
qul,12:43:1,qaAla,قَالَ,qaAla,qwl,V,S,3MS,lemma+root
qul,12:44:1,qaAlu,قَالُ,qaAla,qwl,V,P,3MP,lemma+root
qul,12:45:1,qaAla,قَالَ,qaAla,qwl,V,S,3MS,lemma+root
qul,12:47:1,qaAla,قَالَ,qaAla,qwl,V,S,3MS,lemma+root
qul,12:50:1,qaAla,قَالَ,qaAla,qwl,V,S,3MS,lemma+root
qul,12:50:8,qaAla,قَالَ,qaAla,qwl,V,S,3MS,lemma+root
qul,12:51:1,qaAla,قَالَ,qaAla,qwl,V,S,3MS,lemma+root
qul,12:51:9,qulo,قُلْ,qaAla,qwl,V,P,3FP,lemma+root
qul,12:51:17,qaAlati,قَالَتِ,qaAla,qwl,V,S,3FS,lemma+root
qul,12:54:1,qaAla,قَالَ,qaAla,qwl,V,S,3MS,lemma+root
qul,12:54:9,qaAla,قَالَ,qaAla,qwl,V,S,3MS,lemma+root
qul,12:55:1,qaAla,قَالَ,qaAla,qwl,V,S,3MS,lemma+root
qul,12:59:4,qaAla,قَالَ,qaAla,qwl,V,S,3MS,lemma+root
qul,12:61:1,qaAlu,قَالُ,qaAla,qwl,V,P,3MP,lemma+root
qul,12:62:1,qaAla,قَالَ,qaAla,qwl,V,S,3MS,lemma+root
qul,12:63:5,qaAlu,قَالُ,qaAla,qwl,V,P,3MP,lemma+root
qul,12:64:1,qaAla,قَالَ,qaAla,qwl,V,S,3MS,lemma+root
qul,12:65:8,qaAlu,قَالُ,qaAla,qwl,V,P,3MP,lemma+root
qul,12:66:1,qaAla,قَالَ,qaAla,qwl,V,S,3MS,lemma+root
qul,12:66:19,qaAla,قَالَ,qaAla,qwl,V,S,3MS,lemma+root
qul,12:66:23,naquwlu,نَقُولُ,qaAla,qwl,V,P,1P,lemma+root
qul,12:67:1,qaAla,قَالَ,qaAla,qwl,V,S,3MS,lemma+root
qul,12:69:8,qaAla,قَالَ,qaAla,qwl,V,S,3MS,lemma+root
qul,12:71:1,qaAlu,قَالُ,qaAla,qwl,V,P,3MP,lemma+root
qul,12:72:1,qaAlu,قَالُ,qaAla,qwl,V,P,3MP,lemma+root
qul,12:73:1,qaAlu,قَالُ,qaAla,qwl,V,P,3MP,lemma+root
qul,12:74:1,qaAlu,قَالُ,qaAla,qwl,V,P,3MP,lemma+root
qul,12:75:1,qaAlu,قَالُ,qaAla,qwl,V,P,3MP,lemma+root
qul,12:77:1,qaAlu,قَالُ,qaAla,qwl,V,P,3MP,lemma+root
qul,12:77:17,qaAla,قَالَ,qaAla,qwl,V,S,3MS,lemma+root
qul,12:78:1,qaAlu,قَالُ,qaAla,qwl,V,P,3MP,lemma+root
qul,12:79:1,qaAla,قَالَ,qaAla,qwl,V,S,3MS,lemma+root
qul,12:80:6,qaAla,قَالَ,qaAla,qwl,V,S,3MS,lemma+root
qul,12:81:4,quwlu,قُولُ,qaAla,qwl,V,P,2MP,lemma+root
qul,12:83:1,qaAla,قَالَ,qaAla,qwl,V,S,3MS,lemma+root
qul,12:84:3,qaAla,قَالَ,qaAla,qwl,V,S,3MS,lemma+root
qul,12:85:1,qaAlu,قَالُ,qaAla,qwl,V,P,3MP,lemma+root
qul,12:86:1,qaAla,قَالَ,qaAla,qwl,V,S,3MS,lemma+root
qul,12:88:4,qaAlu,قَالُ,qaAla,qwl,V,P,3MP,lemma+root
qul,12:89:1,qaAla,قَالَ,qaAla,qwl,V,S,3MS,lemma+root
qul,12:90:1,qaAlu,قَالُ,qaAla,qwl,V,P,3MP,lemma+root
qul,12:90:5,qaAla,قَالَ,qaAla,qwl,V,S,3MS,lemma+root
qul,12:91:1,qaAlu,قَالُ,qaAla,qwl,V,P,3MP,lemma+root
qul,12:92:1,qaAla,قَالَ,qaAla,qwl,V,S,3MS,lemma+root
qul,12:94:4,qaAla,قَالَ,qaAla,qwl,V,S,3MS,lemma+root
qul,12:95:1,qaAlu,قَالُ,qaAla,qwl,V,P,3MP,lemma+root
qul,12:96:10,qaAla,قَالَ,qaAla,qwl,V,S,3MS,lemma+root
qul,12:96:12,>aqul,أَقُل,qaAla,qwl,V,S,1S,lemma+root
qul,12:97:1,qaAlu,قَالُ,qaAla,qwl,V,P,3MP,lemma+root
qul,12:98:1,qaAla,قَالَ,qaAla,qwl,V,S,3MS,lemma+root
qul,12:99:8,qaAla,قَالَ,qaAla,qwl,V,S,3MS,lemma+root
qul,12:100:8,qaAla,قَالَ,qaAla,qwl,V,S,3MS,lemma+root
qul,12:108:1,qulo,قُلْ,qaAla,qwl,V,S,2MS,lemma+root
qul,13:5:4,qawolu,قَوْلُ,qawol,qwl,N,,,root
qul,13:7:1,yaquwlu,يَقُولُ,qaAla,qwl,V,S,3MS,lemma+root
qul,13:10:5,qawola,قَوْلَ,qawol,qwl,N,,,root
qul,13:16:1,qulo,قُلْ,qaAla,qwl,V,S,2MS,lemma+root
qul,13:16:6,quli,قُلِ,qaAla,qwl,V,S,2MS,lemma+root
qul,13:16:8,qulo,قُلْ,qaAla,qwl,V,S,2MS,lemma+root
qul,13:16:19,qulo,قُلْ,qaAla,qwl,V,S,2MS,lemma+root
qul,13:16:38,quli,قُلِ,qaAla,qwl,V,S,2MS,lemma+root
qul,13:27:1,yaquwlu,يَقُولُ,qaAla,qwl,V,S,3MS,lemma+root
qul,13:27:10,qulo,قُلْ,qaAla,qwl,V,S,2MS,lemma+root
qul,13:30:18,qulo,قُلْ,qaAla,qwl,V,S,2MS,lemma+root
qul,13:33:12,qulo,قُلْ,qaAla,qwl,V,S,2MS,lemma+root
qul,13:33:24,qawoli,قَوْلِ,qawol,qwl,N,,,root
qul,13:36:13,qulo,قُلْ,qaAla,qwl,V,S,2MS,lemma+root
qul,13:43:1,yaquwlu,يَقُولُ,qaAla,qwl,V,S,3MS,lemma+root
qul,13:43:6,qulo,قُلْ,qaAla,qwl,V,S,2MS,lemma+root
qul,14:6:2,qaAla,قَالَ,qaAla,qwl,V,S,3MS,lemma+root
qul,14:8:1,qaAla,قَالَ,qaAla,qwl,V,S,3MS,lemma+root
qul,14:9:25,qaAlu,قَالُ,qaAla,qwl,V,P,3MP,lemma+root
qul,14:10:1,qaAlato,قَالَتْ,qaAla,qwl,V,S,3FS,lemma+root
qul,14:10:18,qaAlu,قَالُ,qaAla,qwl,V,P,3MP,lemma+root
qul,14:11:1,qaAlato,قَالَتْ,qaAla,qwl,V,S,3FS,lemma+root
qul,14:13:1,qaAla,قَالَ,qaAla,qwl,V,S,3MS,lemma+root
qul,14:21:4,qaAla,قَالَ,qaAla,qwl,V,S,3MS,lemma+root
qul,14:21:21,qaAlu,قَالُ,qaAla,qwl,V,P,3MP,lemma+root
qul,14:22:1,qaAla,قَالَ,qaAla,qwl,V,S,3MS,lemma+root
qul,14:27:5,qawoli,قَوْلِ,qawol,qwl,N,,,root
qul,14:30:7,qulo,قُلْ,qaAla,qwl,V,S,2MS,lemma+root
qul,14:31:1,qul,قُل,qaAla,qwl,V,S,2MS,lemma+root
qul,14:35:2,qaAla,قَالَ,qaAla,qwl,V,S,3MS,lemma+root
qul,14:44:6,yaquwlu,يَقُولُ,qaAla,qwl,V,S,3MS,lemma+root
qul,15:6:1,qaAlu,قَالُ,qaAla,qwl,V,P,3MP,lemma+root
qul,15:15:1,qaAlu,قَالُ,qaAla,qwl,V,P,3MP,lemma+root
qul,15:28:2,qaAla,قَالَ,qaAla,qwl,V,S,3MS,lemma+root
qul,15:32:1,qaAla,قَالَ,qaAla,qwl,V,S,3MS,lemma+root
qul,15:33:1,qaAla,قَالَ,qaAla,qwl,V,S,3MS,lemma+root
qul,15:34:1,qaAla,قَالَ,qaAla,qwl,V,S,3MS,lemma+root
qul,15:36:1,qaAla,قَالَ,qaAla,qwl,V,S,3MS,lemma+root
qul,15:37:1,qaAla,قَالَ,qaAla,qwl,V,S,3MS,lemma+root
qul,15:39:1,qaAla,قَالَ,qaAla,qwl,V,S,3MS,lemma+root
qul,15:41:1,qaAla,قَالَ,qaAla,qwl,V,S,3MS,lemma+root
qul,15:52:4,qaAlu,قَالُ,qaAla,qwl,V,P,3MP,lemma+root
qul,15:52:6,qaAla,قَالَ,qaAla,qwl,V,S,3MS,lemma+root
qul,15:53:1,qaAlu,قَالُ,qaAla,qwl,V,P,3MP,lemma+root
qul,15:54:1,qaAla,قَالَ,qaAla,qwl,V,S,3MS,lemma+root
qul,15:55:1,qaAlu,قَالُ,qaAla,qwl,V,P,3MP,lemma+root
qul,15:56:1,qaAla,قَالَ,qaAla,qwl,V,S,3MS,lemma+root
qul,15:57:1,qaAla,قَالَ,qaAla,qwl,V,S,3MS,lemma+root
qul,15:58:1,qaAlu,قَالُ,qaAla,qwl,V,P,3MP,lemma+root
qul,15:62:1,qaAla,قَالَ,qaAla,qwl,V,S,3MS,lemma+root
qul,15:63:1,qaAlu,قَالُ,qaAla,qwl,V,P,3MP,lemma+root
qul,15:68:1,qaAla,قَالَ,qaAla,qwl,V,S,3MS,lemma+root
qul,15:70:1,qaAlu,قَالُ,qaAla,qwl,V,P,3MP,lemma+root
qul,15:71:1,qaAla,قَالَ,qaAla,qwl,V,S,3MS,lemma+root
qul,15:89:1,qulo,قُلْ,qaAla,qwl,V,S,2MS,lemma+root
qul,15:97:7,yaquwlu,يَقُولُ,qaAla,qwl,V,P,3MP,lemma+root
qul,16:24:2,qiyla,قِيلَ,qaAla,qwl,V,S,3MS,lemma+root
qul,16:24:7,qaAlu,قَالُ,qaAla,qwl,V,P,3MP,lemma+root
qul,16:27:5,yaquwlu,يَقُولُ,qaAla,qwl,V,S,3MS,lemma+root
qul,16:27:12,qaAla,قَالَ,qaAla,qwl,V,S,3MS,lemma+root
qul,16:30:1,qiyla,قِيلَ,qaAla,qwl,V,S,3MS,lemma+root
qul,16:30:7,qaAlu,قَالُ,qaAla,qwl,V,P,3MP,lemma+root
qul,16:32:5,yaquwlu,يَقُولُ,qaAla,qwl,V,P,3MP,lemma+root
qul,16:35:1,qaAla,قَالَ,qaAla,qwl,V,S,3MS,lemma+root
qul,16:40:2,qawolu,قَوْلُ,qawol,qwl,N,,,root
qul,16:40:7,n~aquwla,نَّقُولَ,qaAla,qwl,V,P,1P,lemma+root
qul,16:51:1,qaAla,قَالَ,qaAla,qwl,V,S,3MS,lemma+root
qul,16:86:6,qaAlu,قَالُ,qaAla,qwl,V,P,3MP,lemma+root
qul,16:86:17,qawola,قَوْلَ,qawol,qwl,N,,,root
qul,16:101:10,qaAlu,قَالُ,qaAla,qwl,V,P,3MP,lemma+root
qul,16:102:1,qulo,قُلْ,qaAla,qwl,V,S,2MS,lemma+root
qul,16:103:4,yaquwlu,يَقُولُ,qaAla,qwl,V,P,3MP,lemma+root
qul,16:116:2,taquwlu,تَقُولُ,qaAla,qwl,V,P,2MP,lemma+root
qul,17:16:12,qawolu,قَوْلُ,qawol,qwl,N,,,root
qul,17:23:17,taqul,تَقُل,qaAla,qwl,V,S,2MS,lemma+root
qul,17:23:22,qul,قُل,qaAla,qwl,V,S,2MS,lemma+root
qul,17:23:24,qawolFA,قَوْلًا,qawol,qwl,N,,,root
qul,17:24:7,qul,قُل,qaAla,qwl,V,S,2MS,lemma+root
qul,17:28:9,qul,قُل,qaAla,qwl,V,S,2MS,lemma+root
qul,17:28:11,qawolFA,قَوْلًا,qawol,qwl,N,,,root
qul,17:40:9,taquwlu,تَقُولُ,qaAla,qwl,V,P,2MP,lemma+root
qul,17:40:10,qawolFA,قَوْلًا,qawol,qwl,N,,,root
qul,17:42:1,qul,قُل,qaAla,qwl,V,S,2MS,lemma+root
qul,17:42:7,yaquwlu,يَقُولُ,qaAla,qwl,V,P,3MP,lemma+root
qul,17:43:4,yaquwlu,يَقُولُ,qaAla,qwl,V,P,3MP,lemma+root
qul,17:47:13,yaquwlu,يَقُولُ,qaAla,qwl,V,S,3MS,lemma+root
qul,17:49:1,qaAlu,قَالُ,qaAla,qwl,V,P,3MP,lemma+root
qul,17:50:1,qulo,قُلْ,qaAla,qwl,V,S,2MS,lemma+root
qul,17:51:7,yaquwlu,يَقُولُ,qaAla,qwl,V,P,3MP,lemma+root
qul,17:51:10,quli,قُلِ,qaAla,qwl,V,S,2MS,lemma+root
qul,17:51:18,yaquwlu,يَقُولُ,qaAla,qwl,V,P,3MP,lemma+root
qul,17:51:21,qulo,قُلْ,qaAla,qwl,V,S,2MS,lemma+root
qul,17:53:1,qul,قُل,qaAla,qwl,V,S,2MS,lemma+root
qul,17:53:3,yaquwlu,يَقُولُ,qaAla,qwl,V,P,3MP,lemma+root
qul,17:56:1,quli,قُلِ,qaAla,qwl,V,S,2MS,lemma+root
qul,17:60:2,qulo,قُلْ,qaAla,qwl,V,P,1P,lemma+root
qul,17:61:2,qulo,قُلْ,qaAla,qwl,V,P,1P,lemma+root
qul,17:61:9,qaAla,قَالَ,qaAla,qwl,V,S,3MS,lemma+root
qul,17:62:1,qaAla,قَالَ,qaAla,qwl,V,S,3MS,lemma+root
qul,17:63:1,qaAla,قَالَ,qaAla,qwl,V,S,3MS,lemma+root
qul,17:80:1,qul,قُل,qaAla,qwl,V,S,2MS,lemma+root
qul,17:81:1,qulo,قُلْ,qaAla,qwl,V,S,2MS,lemma+root
qul,17:84:1,qulo,قُلْ,qaAla,qwl,V,S,2MS,lemma+root
qul,17:85:4,quli,قُلِ,qaAla,qwl,V,S,2MS,lemma+root
qul,17:88:1,qul,قُل,qaAla,qwl,V,S,2MS,lemma+root
qul,17:90:1,qaAlu,قَالُ,qaAla,qwl,V,P,3MP,lemma+root
qul,17:93:19,qulo,قُلْ,qaAla,qwl,V,S,2MS,lemma+root
qul,17:94:11,qaAlu,قَالُ,qaAla,qwl,V,P,3MP,lemma+root
qul,17:95:1,qul,قُل,qaAla,qwl,V,S,2MS,lemma+root
qul,17:96:1,qulo,قُلْ,qaAla,qwl,V,S,2MS,lemma+root
qul,17:98:6,qaAlu,قَالُ,qaAla,qwl,V,P,3MP,lemma+root
qul,17:100:1,qul,قُل,qaAla,qwl,V,S,2MS,lemma+root
qul,17:101:12,qaAla,قَالَ,qaAla,qwl,V,S,3MS,lemma+root
qul,17:102:1,qaAla,قَالَ,qaAla,qwl,V,S,3MS,lemma+root
qul,17:104:1,qulo,قُلْ,qaAla,qwl,V,P,1P,lemma+root
qul,17:107:1,qulo,قُلْ,qaAla,qwl,V,S,2MS,lemma+root
qul,17:108:1,yaquwlu,يَقُولُ,qaAla,qwl,V,P,3MP,lemma+root
qul,17:110:1,quli,قُلِ,qaAla,qwl,V,S,2MS,lemma+root
qul,17:111:1,quli,قُلِ,qaAla,qwl,V,S,2MS,lemma+root
qul,18:4:3,qaAlu,قَالُ,qaAla,qwl,V,P,3MP,lemma+root
qul,18:5:14,yaquwlu,يَقُولُ,qaAla,qwl,V,P,3MP,lemma+root
qul,18:10:6,qaAlu,قَالُ,qaAla,qwl,V,P,3MP,lemma+root
qul,18:14:6,qaAlu,قَالُ,qaAla,qwl,V,P,3MP,lemma+root
qul,18:14:17,qulo,قُلْ,qaAla,qwl,V,P,1P,lemma+root
qul,18:19:5,qaAla,قَالَ,qaAla,qwl,V,S,3MS,lemma+root
qul,18:19:6,qaA^}ilN,قَآئِلٌ,qaA^}il,qwl,N,,,root
qul,18:19:10,qaAlu,قَالُ,qaAla,qwl,V,P,3MP,lemma+root
qul,18:19:16,qaAlu,قَالُ,qaAla,qwl,V,P,3MP,lemma+root
qul,18:21:18,qaAlu,قَالُ,qaAla,qwl,V,P,3MP,lemma+root
qul,18:21:25,qaAla,قَالَ,qaAla,qwl,V,S,3MS,lemma+root
qul,18:22:1,yaquwlu,يَقُولُ,qaAla,qwl,V,P,3MP,lemma+root
qul,18:22:5,yaquwlu,يَقُولُ,qaAla,qwl,V,P,3MP,lemma+root
qul,18:22:11,yaquwlu,يَقُولُ,qaAla,qwl,V,P,3MP,lemma+root
qul,18:22:15,qul,قُل,qaAla,qwl,V,S,2MS,lemma+root
qul,18:23:2,taquwla,تَقُولَ,qaAla,qwl,V,S,2MS,lemma+root
qul,18:24:9,qulo,قُلْ,qaAla,qwl,V,S,2MS,lemma+root
qul,18:26:1,quli,قُلِ,qaAla,qwl,V,S,2MS,lemma+root
qul,18:29:1,quli,قُلِ,qaAla,qwl,V,S,2MS,lemma+root
qul,18:34:4,qaAla,قَالَ,qaAla,qwl,V,S,3MS,lemma+root
qul,18:35:6,qaAla,قَالَ,qaAla,qwl,V,S,3MS,lemma+root
qul,18:37:1,qaAla,قَالَ,qaAla,qwl,V,S,3MS,lemma+root
qul,18:39:5,qulo,قُلْ,qaAla,qwl,V,S,2MS,lemma+root
qul,18:42:14,yaquwlu,يَقُولُ,qaAla,qwl,V,S,3MS,lemma+root
qul,18:49:8,yaquwlu,يَقُولُ,qaAla,qwl,V,P,3MP,lemma+root
qul,18:50:2,qulo,قُلْ,qaAla,qwl,V,P,1P,lemma+root
qul,18:52:2,yaquwlu,يَقُولُ,qaAla,qwl,V,S,3MS,lemma+root
qul,18:60:2,qaAla,قَالَ,qaAla,qwl,V,S,3MS,lemma+root
qul,18:62:3,qaAla,قَالَ,qaAla,qwl,V,S,3MS,lemma+root
qul,18:63:1,qaAla,قَالَ,qaAla,qwl,V,S,3MS,lemma+root
qul,18:64:1,qaAla,قَالَ,qaAla,qwl,V,S,3MS,lemma+root
qul,18:66:1,qaAla,قَالَ,qaAla,qwl,V,S,3MS,lemma+root
qul,18:67:1,qaAla,قَالَ,qaAla,qwl,V,S,3MS,lemma+root
qul,18:69:1,qaAla,قَالَ,qaAla,qwl,V,S,3MS,lemma+root
qul,18:70:1,qaAla,قَالَ,qaAla,qwl,V,S,3MS,lemma+root
qul,18:71:8,qaAla,قَالَ,qaAla,qwl,V,S,3MS,lemma+root
qul,18:72:1,qaAla,قَالَ,qaAla,qwl,V,S,3MS,lemma+root
qul,18:72:3,>aqulo,أَقُلْ,qaAla,qwl,V,S,1S,lemma+root
qul,18:73:1,qaAla,قَالَ,qaAla,qwl,V,S,3MS,lemma+root
qul,18:74:7,qaAla,قَالَ,qaAla,qwl,V,S,3MS,lemma+root
qul,18:75:1,qaAla,قَالَ,qaAla,qwl,V,S,3MS,lemma+root
qul,18:75:3,>aqul,أَقُل,qaAla,qwl,V,S,1S,lemma+root
qul,18:76:1,qaAla,قَالَ,qaAla,qwl,V,S,3MS,lemma+root
qul,18:77:19,qaAla,قَالَ,qaAla,qwl,V,S,3MS,lemma+root
qul,18:78:1,qaAla,قَالَ,qaAla,qwl,V,S,3MS,lemma+root
qul,18:83:5,qulo,قُلْ,qaAla,qwl,V,S,2MS,lemma+root
qul,18:86:14,qulo,قُلْ,qaAla,qwl,V,P,1P,lemma+root
qul,18:87:1,qaAla,قَالَ,qaAla,qwl,V,S,3MS,lemma+root
qul,18:88:9,naquwlu,نَقُولُ,qaAla,qwl,V,P,1P,lemma+root
qul,18:93:13,qawolFA,قَوْلًا,qawol,qwl,N,,,root
qul,18:94:1,qaAlu,قَالُ,qaAla,qwl,V,P,3MP,lemma+root
qul,18:95:1,qaAla,قَالَ,qaAla,qwl,V,S,3MS,lemma+root
qul,18:96:9,qaAla,قَالَ,qaAla,qwl,V,S,3MS,lemma+root
qul,18:96:15,qaAla,قَالَ,qaAla,qwl,V,S,3MS,lemma+root
qul,18:98:1,qaAla,قَالَ,qaAla,qwl,V,S,3MS,lemma+root
qul,18:103:1,qulo,قُلْ,qaAla,qwl,V,S,2MS,lemma+root
qul,18:109:1,qul,قُل,qaAla,qwl,V,S,2MS,lemma+root
qul,18:110:1,qulo,قُلْ,qaAla,qwl,V,S,2MS,lemma+root
qul,19:4:1,qaAla,قَالَ,qaAla,qwl,V,S,3MS,lemma+root
qul,19:8:1,qaAla,قَالَ,qaAla,qwl,V,S,3MS,lemma+root
qul,19:9:1,qaAla,قَالَ,qaAla,qwl,V,S,3MS,lemma+root
qul,19:9:3,qaAla,قَالَ,qaAla,qwl,V,S,3MS,lemma+root
qul,19:10:1,qaAla,قَالَ,qaAla,qwl,V,S,3MS,lemma+root
qul,19:10:6,qaAla,قَالَ,qaAla,qwl,V,S,3MS,lemma+root
qul,19:18:1,qaAlato,قَالَتْ,qaAla,qwl,V,S,3FS,lemma+root
qul,19:19:1,qaAla,قَالَ,qaAla,qwl,V,S,3MS,lemma+root
qul,19:20:1,qaAlato,قَالَتْ,qaAla,qwl,V,S,3FS,lemma+root
qul,19:21:1,qaAla,قَالَ,qaAla,qwl,V,S,3MS,lemma+root
qul,19:21:3,qaAla,قَالَ,qaAla,qwl,V,S,3MS,lemma+root
qul,19:23:6,qaAlato,قَالَتْ,qaAla,qwl,V,S,3FS,lemma+root
qul,19:26:10,quwli,قُولِ,qaAla,qwl,V,S,2FS,lemma+root
qul,19:27:5,qaAlu,قَالُ,qaAla,qwl,V,P,3MP,lemma+root
qul,19:29:3,qaAlu,قَالُ,qaAla,qwl,V,P,3MP,lemma+root
qul,19:30:1,qaAla,قَالَ,qaAla,qwl,V,S,3MS,lemma+root
qul,19:34:5,qawola,قَوْلَ,qawol,qwl,N,,,root
qul,19:35:13,yaquwlu,يَقُولُ,qaAla,qwl,V,S,3MS,lemma+root
qul,19:42:2,qaAla,قَالَ,qaAla,qwl,V,S,3MS,lemma+root
qul,19:46:1,qaAla,قَالَ,qaAla,qwl,V,S,3MS,lemma+root
qul,19:47:1,qaAla,قَالَ,qaAla,qwl,V,S,3MS,lemma+root
qul,19:66:1,yaquwlu,يَقُولُ,qaAla,qwl,V,S,3MS,lemma+root
qul,19:73:6,qaAla,قَالَ,qaAla,qwl,V,S,3MS,lemma+root
qul,19:75:1,qulo,قُلْ,qaAla,qwl,V,S,2MS,lemma+root
qul,19:77:5,qaAla,قَالَ,qaAla,qwl,V,S,3MS,lemma+root
qul,19:79:4,yaquwlu,يَقُولُ,qaAla,qwl,V,S,3MS,lemma+root
qul,19:80:3,yaquwlu,يَقُولُ,qaAla,qwl,V,S,3MS,lemma+root
qul,19:88:1,qaAlu,قَالُ,qaAla,qwl,V,P,3MP,lemma+root
qul,20:7:3,qawoli,قَوْلِ,qawol,qwl,N,,,root
qul,20:10:4,qaAla,قَالَ,qaAla,qwl,V,S,3MS,lemma+root
qul,20:18:1,qaAla,قَالَ,qaAla,qwl,V,S,3MS,lemma+root
qul,20:19:1,qaAla,قَالَ,qaAla,qwl,V,S,3MS,lemma+root
qul,20:21:1,qaAla,قَالَ,qaAla,qwl,V,S,3MS,lemma+root
qul,20:25:1,qaAla,قَالَ,qaAla,qwl,V,S,3MS,lemma+root
qul,20:28:2,qawoli,قَوْلِ,qawol,qwl,N,,,root
qul,20:36:1,qaAla,قَالَ,qaAla,qwl,V,S,3MS,lemma+root
qul,20:40:4,taquwlu,تَقُولُ,qaAla,qwl,V,S,3FS,lemma+root
qul,20:44:1,quwla,قُولَ,qaAla,qwl,V,D,2D,lemma+root
qul,20:44:3,qawolFA,قَوْلًا,qawol,qwl,N,,,root
qul,20:45:1,qaAla,قَالَ,qaAla,qwl,V,D,3MD,lemma+root
qul,20:46:1,qaAla,قَالَ,qaAla,qwl,V,S,3MS,lemma+root
qul,20:47:2,quwla,قُولَ,qaAla,qwl,V,D,2D,lemma+root
qul,20:49:1,qaAla,قَالَ,qaAla,qwl,V,S,3MS,lemma+root
qul,20:50:1,qaAla,قَالَ,qaAla,qwl,V,S,3MS,lemma+root
qul,20:51:1,qaAla,قَالَ,qaAla,qwl,V,S,3MS,lemma+root
qul,20:52:1,qaAla,قَالَ,qaAla,qwl,V,S,3MS,lemma+root
qul,20:57:1,qaAla,قَالَ,qaAla,qwl,V,S,3MS,lemma+root
qul,20:59:1,qaAla,قَالَ,qaAla,qwl,V,S,3MS,lemma+root
qul,20:61:1,qaAla,قَالَ,qaAla,qwl,V,S,3MS,lemma+root
qul,20:63:1,qaAlu,قَالُ,qaAla,qwl,V,P,3MP,lemma+root
qul,20:65:1,qaAlu,قَالُ,qaAla,qwl,V,P,3MP,lemma+root
qul,20:66:1,qaAla,قَالَ,qaAla,qwl,V,S,3MS,lemma+root
qul,20:68:1,qulo,قُلْ,qaAla,qwl,V,P,1P,lemma+root
qul,20:70:4,qaAlu,قَالُ,qaAla,qwl,V,P,3MP,lemma+root
qul,20:71:1,qaAla,قَالَ,qaAla,qwl,V,S,3MS,lemma+root
qul,20:72:1,qaAlu,قَالُ,qaAla,qwl,V,P,3MP,lemma+root
qul,20:84:1,qaAla,قَالَ,qaAla,qwl,V,S,3MS,lemma+root
qul,20:85:1,qaAla,قَالَ,qaAla,qwl,V,S,3MS,lemma+root
qul,20:86:7,qaAla,قَالَ,qaAla,qwl,V,S,3MS,lemma+root
qul,20:87:1,qaAlu,قَالُ,qaAla,qwl,V,P,3MP,lemma+root
qul,20:88:7,qaAlu,قَالُ,qaAla,qwl,V,P,3MP,lemma+root
qul,20:89:6,qawolFA,قَوْلًا,qawol,qwl,N,,,root
qul,20:90:2,qaAla,قَالَ,qaAla,qwl,V,S,3MS,lemma+root
qul,20:91:1,qaAlu,قَالُ,qaAla,qwl,V,P,3MP,lemma+root
qul,20:92:1,qaAla,قَالَ,qaAla,qwl,V,S,3MS,lemma+root
qul,20:94:1,qaAla,قَالَ,qaAla,qwl,V,S,3MS,lemma+root
qul,20:94:11,taquwla,تَقُولَ,qaAla,qwl,V,S,2MS,lemma+root
qul,20:94:18,qawoli,قَوْلِ,qawol,qwl,N,,,root
qul,20:95:1,qaAla,قَالَ,qaAla,qwl,V,S,3MS,lemma+root
qul,20:96:1,qaAla,قَالَ,qaAla,qwl,V,S,3MS,lemma+root
qul,20:97:1,qaAla,قَالَ,qaAla,qwl,V,S,3MS,lemma+root
qul,20:97:8,taquwla,تَقُولَ,qaAla,qwl,V,S,2MS,lemma+root
qul,20:104:4,yaquwlu,يَقُولُ,qaAla,qwl,V,P,3MP,lemma+root
qul,20:104:6,yaquwlu,يَقُولُ,qaAla,qwl,V,S,3MS,lemma+root
qul,20:105:4,qulo,قُلْ,qaAla,qwl,V,S,2MS,lemma+root
qul,20:109:12,qawolFA,قَوْلًا,qawol,qwl,N,,,root
qul,20:114:14,qul,قُل,qaAla,qwl,V,S,2MS,lemma+root
qul,20:116:2,qulo,قُلْ,qaAla,qwl,V,P,1P,lemma+root
qul,20:117:1,qulo,قُلْ,qaAla,qwl,V,P,1P,lemma+root
qul,20:120:4,qaAla,قَالَ,qaAla,qwl,V,S,3MS,lemma+root
qul,20:123:1,qaAla,قَالَ,qaAla,qwl,V,S,3MS,lemma+root
qul,20:125:1,qaAla,قَالَ,qaAla,qwl,V,S,3MS,lemma+root
qul,20:126:1,qaAla,قَالَ,qaAla,qwl,V,S,3MS,lemma+root
qul,20:130:4,yaquwlu,يَقُولُ,qaAla,qwl,V,P,3MP,lemma+root
qul,20:133:1,qaAlu,قَالُ,qaAla,qwl,V,P,3MP,lemma+root
qul,20:134:7,qaAlu,قَالُ,qaAla,qwl,V,P,3MP,lemma+root
qul,20:135:1,qulo,قُلْ,qaAla,qwl,V,S,2MS,lemma+root
qul,21:4:1,qaAla,قَالَ,qaAla,qwl,V,S,3MS,lemma+root
qul,21:4:4,qawola,قَوْلَ,qawol,qwl,N,,,root
qul,21:5:2,qaAlu,قَالُ,qaAla,qwl,V,P,3MP,lemma+root
qul,21:14:1,qaAlu,قَالُ,qaAla,qwl,V,P,3MP,lemma+root
qul,21:24:6,qulo,قُلْ,qaAla,qwl,V,S,2MS,lemma+root
qul,21:26:1,qaAlu,قَالُ,qaAla,qwl,V,P,3MP,lemma+root
qul,21:27:3,qawoli,قَوْلِ,qawol,qwl,N,,,root
qul,21:29:2,yaqulo,يَقُلْ,qaAla,qwl,V,S,3MS,lemma+root
qul,21:38:1,yaquwlu,يَقُولُ,qaAla,qwl,V,P,3MP,lemma+root
qul,21:42:1,qulo,قُلْ,qaAla,qwl,V,S,2MS,lemma+root
qul,21:45:1,qulo,قُلْ,qaAla,qwl,V,S,2MS,lemma+root
qul,21:46:7,yaquwlu,يَقُولُ,qaAla,qwl,V,P,3MP,lemma+root
qul,21:52:2,qaAla,قَالَ,qaAla,qwl,V,S,3MS,lemma+root
qul,21:53:1,qaAlu,قَالُ,qaAla,qwl,V,P,3MP,lemma+root
qul,21:54:1,qaAla,قَالَ,qaAla,qwl,V,S,3MS,lemma+root
qul,21:55:1,qaAlu,قَالُ,qaAla,qwl,V,P,3MP,lemma+root
qul,21:56:1,qaAla,قَالَ,qaAla,qwl,V,S,3MS,lemma+root
qul,21:59:1,qaAlu,قَالُ,qaAla,qwl,V,P,3MP,lemma+root
qul,21:60:1,qaAlu,قَالُ,qaAla,qwl,V,P,3MP,lemma+root
qul,21:60:5,yuqaAlu,يُقَالُ,qaAla,qwl,V,S,3MS,lemma+root
qul,21:61:1,qaAlu,قَالُ,qaAla,qwl,V,P,3MP,lemma+root
qul,21:62:1,qaAlu,قَالُ,qaAla,qwl,V,P,3MP,lemma+root
qul,21:63:1,qaAla,قَالَ,qaAla,qwl,V,S,3MS,lemma+root
qul,21:64:4,qaAlu,قَالُ,qaAla,qwl,V,P,3MP,lemma+root
qul,21:66:1,qaAla,قَالَ,qaAla,qwl,V,S,3MS,lemma+root
qul,21:68:1,qaAlu,قَالُ,qaAla,qwl,V,P,3MP,lemma+root
qul,21:69:1,qulo,قُلْ,qaAla,qwl,V,P,1P,lemma+root
qul,21:108:1,qulo,قُلْ,qaAla,qwl,V,S,2MS,lemma+root
qul,21:109:3,qulo,قُلْ,qaAla,qwl,V,S,2MS,lemma+root
qul,21:110:5,qawoli,قَوْلِ,qawol,qwl,N,,,root
qul,21:112:1,qa`la,قَٰلَ,qaAla,qwl,V,S,3MS,lemma+root
qul,22:24:5,qawoli,قَوْلِ,qawol,qwl,N,,,root
qul,22:30:23,qawola,قَوْلَ,qawol,qwl,N,,,root
qul,22:40:9,yaquwlu,يَقُولُ,qaAla,qwl,V,P,3MP,lemma+root
qul,22:49:1,qulo,قُلْ,qaAla,qwl,V,S,2MS,lemma+root
qul,22:68:3,quli,قُلِ,qaAla,qwl,V,S,2MS,lemma+root
qul,22:72:18,qulo,قُلْ,qaAla,qwl,V,S,2MS,lemma+root
qul,23:23:6,qaAla,قَالَ,qaAla,qwl,V,S,3MS,lemma+root
qul,23:24:1,qaAla,قَالَ,qaAla,qwl,V,S,3MS,lemma+root
qul,23:26:1,qaAla,قَالَ,qaAla,qwl,V,S,3MS,lemma+root
qul,23:27:24,qawolu,قَوْلُ,qawol,qwl,N,,,root
qul,23:28:8,quli,قُلِ,qaAla,qwl,V,S,2MS,lemma+root
qul,23:29:1,qul,قُل,qaAla,qwl,V,S,2MS,lemma+root
qul,23:33:1,qaAla,قَالَ,qaAla,qwl,V,S,3MS,lemma+root
qul,23:39:1,qaAla,قَالَ,qaAla,qwl,V,S,3MS,lemma+root
qul,23:40:1,qaAla,قَالَ,qaAla,qwl,V,S,3MS,lemma+root
qul,23:47:1,qaAlu,قَالُ,qaAla,qwl,V,P,3MP,lemma+root
qul,23:68:3,qawola,قَوْلَ,qawol,qwl,N,,,root
qul,23:70:2,yaquwlu,يَقُولُ,qaAla,qwl,V,P,3MP,lemma+root
qul,23:81:2,qaAlu,قَالُ,qaAla,qwl,V,P,3MP,lemma+root
qul,23:81:5,qaAla,قَالَ,qaAla,qwl,V,S,3MS,lemma+root
qul,23:82:1,qaAlu,قَالُ,qaAla,qwl,V,P,3MP,lemma+root
qul,23:84:1,qul,قُل,qaAla,qwl,V,S,2MS,lemma+root
qul,23:85:1,yaquwlu,يَقُولُ,qaAla,qwl,V,P,3MP,lemma+root
qul,23:85:3,qulo,قُلْ,qaAla,qwl,V,S,2MS,lemma+root
qul,23:86:1,qulo,قُلْ,qaAla,qwl,V,S,2MS,lemma+root
qul,23:87:1,yaquwlu,يَقُولُ,qaAla,qwl,V,P,3MP,lemma+root
qul,23:87:3,qulo,قُلْ,qaAla,qwl,V,S,2MS,lemma+root
qul,23:88:1,qulo,قُلْ,qaAla,qwl,V,S,2MS,lemma+root
qul,23:89:1,yaquwlu,يَقُولُ,qaAla,qwl,V,P,3MP,lemma+root
qul,23:89:3,qulo,قُلْ,qaAla,qwl,V,S,2MS,lemma+root
qul,23:93:1,qul,قُل,qaAla,qwl,V,S,2MS,lemma+root
qul,23:97:1,qul,قُل,qaAla,qwl,V,S,2MS,lemma+root
qul,23:99:6,qaAla,قَالَ,qaAla,qwl,V,S,3MS,lemma+root
qul,23:100:10,qaA^}ilu,قَآئِلُ,qaA^}il,qwl,N,,,root
qul,23:106:1,qaAlu,قَالُ,qaAla,qwl,V,P,3MP,lemma+root
qul,23:108:1,qaAla,قَالَ,qaAla,qwl,V,S,3MS,lemma+root
qul,23:109:6,yaquwlu,يَقُولُ,qaAla,qwl,V,P,3MP,lemma+root
qul,23:112:1,qa`la,قَٰلَ,qaAla,qwl,V,S,3MS,lemma+root
qul,23:113:1,qaAlu,قَالُ,qaAla,qwl,V,P,3MP,lemma+root
qul,23:114:1,qa`la,قَٰلَ,qaAla,qwl,V,S,3MS,lemma+root
qul,23:118:1,qul,قُل,qaAla,qwl,V,S,2MS,lemma+root
qul,24:12:9,qaAlu,قَالُ,qaAla,qwl,V,P,3MP,lemma+root
qul,24:15:4,taquwlu,تَقُولُ,qaAla,qwl,V,P,2MP,lemma+root
qul,24:16:4,qulo,قُلْ,qaAla,qwl,V,P,2MP,lemma+root
qul,24:26:12,yaquwlu,يَقُولُ,qaAla,qwl,V,P,3MP,lemma+root
qul,24:28:12,qiyla,قِيلَ,qaAla,qwl,V,S,3MS,lemma+root
qul,24:30:1,qul,قُل,qaAla,qwl,V,S,2MS,lemma+root
qul,24:31:1,qul,قُل,qaAla,qwl,V,S,2MS,lemma+root
qul,24:47:1,yaquwlu,يَقُولُ,qaAla,qwl,V,P,3MP,lemma+root
qul,24:51:3,qawola,قَوْلَ,qawol,qwl,N,,,root
qul,24:51:13,yaquwlu,يَقُولُ,qaAla,qwl,V,P,3MP,lemma+root
qul,24:53:8,qul,قُل,qaAla,qwl,V,S,2MS,lemma+root
qul,24:54:1,qulo,قُلْ,qaAla,qwl,V,S,2MS,lemma+root
qul,25:4:1,qaAla,قَالَ,qaAla,qwl,V,S,3MS,lemma+root
qul,25:5:1,qaAlu,قَالُ,qaAla,qwl,V,P,3MP,lemma+root
qul,25:6:1,qulo,قُلْ,qaAla,qwl,V,S,2MS,lemma+root
qul,25:7:1,qaAlu,قَالُ,qaAla,qwl,V,P,3MP,lemma+root
qul,25:8:11,qaAla,قَالَ,qaAla,qwl,V,S,3MS,lemma+root
qul,25:15:1,qulo,قُلْ,qaAla,qwl,V,S,2MS,lemma+root
qul,25:17:8,yaquwlu,يَقُولُ,qaAla,qwl,V,S,3MS,lemma+root
qul,25:18:1,qaAlu,قَالُ,qaAla,qwl,V,P,3MP,lemma+root
qul,25:19:4,taquwlu,تَقُولُ,qaAla,qwl,V,P,2MP,lemma+root
qul,25:21:1,qaAla,قَالَ,qaAla,qwl,V,S,3MS,lemma+root
qul,25:22:8,yaquwlu,يَقُولُ,qaAla,qwl,V,P,3MP,lemma+root
qul,25:27:6,yaquwlu,يَقُولُ,qaAla,qwl,V,S,3MS,lemma+root
qul,25:30:1,qaAla,قَالَ,qaAla,qwl,V,S,3MS,lemma+root
qul,25:32:1,qaAla,قَالَ,qaAla,qwl,V,S,3MS,lemma+root
qul,25:36:1,qulo,قُلْ,qaAla,qwl,V,P,1P,lemma+root
qul,25:57:1,qulo,قُلْ,qaAla,qwl,V,S,2MS,lemma+root
qul,25:60:2,qiyla,قِيلَ,qaAla,qwl,V,S,3MS,lemma+root
qul,25:60:6,qaAlu,قَالُ,qaAla,qwl,V,P,3MP,lemma+root
qul,25:63:11,qaAlu,قَالُ,qaAla,qwl,V,P,3MP,lemma+root
qul,25:65:2,yaquwlu,يَقُولُ,qaAla,qwl,V,P,3MP,lemma+root
qul,25:74:2,yaquwlu,يَقُولُ,qaAla,qwl,V,P,3MP,lemma+root
qul,25:77:1,qulo,قُلْ,qaAla,qwl,V,S,2MS,lemma+root
qul,26:12:1,qaAla,قَالَ,qaAla,qwl,V,S,3MS,lemma+root
qul,26:15:1,qaAla,قَالَ,qaAla,qwl,V,S,3MS,lemma+root
qul,26:16:3,quwla,قُولَ,qaAla,qwl,V,D,2D,lemma+root
qul,26:18:1,qaAla,قَالَ,qaAla,qwl,V,S,3MS,lemma+root
qul,26:20:1,qaAla,قَالَ,qaAla,qwl,V,S,3MS,lemma+root
qul,26:23:1,qaAla,قَالَ,qaAla,qwl,V,S,3MS,lemma+root
qul,26:24:1,qaAla,قَالَ,qaAla,qwl,V,S,3MS,lemma+root
qul,26:25:1,qaAla,قَالَ,qaAla,qwl,V,S,3MS,lemma+root
qul,26:26:1,qaAla,قَالَ,qaAla,qwl,V,S,3MS,lemma+root
qul,26:27:1,qaAla,قَالَ,qaAla,qwl,V,S,3MS,lemma+root
qul,26:28:1,qaAla,قَالَ,qaAla,qwl,V,S,3MS,lemma+root
qul,26:29:1,qaAla,قَالَ,qaAla,qwl,V,S,3MS,lemma+root
qul,26:30:1,qaAla,قَالَ,qaAla,qwl,V,S,3MS,lemma+root
qul,26:31:1,qaAla,قَالَ,qaAla,qwl,V,S,3MS,lemma+root
qul,26:34:1,qaAla,قَالَ,qaAla,qwl,V,S,3MS,lemma+root
qul,26:36:1,qaAlu,قَالُ,qaAla,qwl,V,P,3MP,lemma+root
qul,26:39:1,qiyla,قِيلَ,qaAla,qwl,V,S,3MS,lemma+root
qul,26:41:4,qaAlu,قَالُ,qaAla,qwl,V,P,3MP,lemma+root
qul,26:42:1,qaAla,قَالَ,qaAla,qwl,V,S,3MS,lemma+root
qul,26:43:1,qaAla,قَالَ,qaAla,qwl,V,S,3MS,lemma+root
qul,26:44:4,qaAlu,قَالُ,qaAla,qwl,V,P,3MP,lemma+root
qul,26:47:1,qaAlu,قَالُ,qaAla,qwl,V,P,3MP,lemma+root
qul,26:49:1,qaAla,قَالَ,qaAla,qwl,V,S,3MS,lemma+root
qul,26:50:1,qaAlu,قَالُ,qaAla,qwl,V,P,3MP,lemma+root
qul,26:61:4,qaAla,قَالَ,qaAla,qwl,V,S,3MS,lemma+root
qul,26:62:1,qaAla,قَالَ,qaAla,qwl,V,S,3MS,lemma+root
qul,26:70:2,qaAla,قَالَ,qaAla,qwl,V,S,3MS,lemma+root
qul,26:71:1,qaAlu,قَالُ,qaAla,qwl,V,P,3MP,lemma+root
qul,26:72:1,qaAla,قَالَ,qaAla,qwl,V,S,3MS,lemma+root
qul,26:74:1,qaAlu,قَالُ,qaAla,qwl,V,P,3MP,lemma+root
qul,26:75:1,qaAla,قَالَ,qaAla,qwl,V,S,3MS,lemma+root
qul,26:92:1,qiyla,قِيلَ,qaAla,qwl,V,S,3MS,lemma+root
qul,26:96:1,qaAlu,قَالُ,qaAla,qwl,V,P,3MP,lemma+root
qul,26:106:2,qaAla,قَالَ,qaAla,qwl,V,S,3MS,lemma+root
qul,26:111:1,qaAlu,قَالُ,qaAla,qwl,V,P,3MP,lemma+root
qul,26:112:1,qaAla,قَالَ,qaAla,qwl,V,S,3MS,lemma+root
qul,26:116:1,qaAlu,قَالُ,qaAla,qwl,V,P,3MP,lemma+root
qul,26:117:1,qaAla,قَالَ,qaAla,qwl,V,S,3MS,lemma+root
qul,26:124:2,qaAla,قَالَ,qaAla,qwl,V,S,3MS,lemma+root
qul,26:136:1,qaAlu,قَالُ,qaAla,qwl,V,P,3MP,lemma+root
qul,26:142:2,qaAla,قَالَ,qaAla,qwl,V,S,3MS,lemma+root
qul,26:153:1,qaAlu,قَالُ,qaAla,qwl,V,P,3MP,lemma+root
qul,26:155:1,qaAla,قَالَ,qaAla,qwl,V,S,3MS,lemma+root
qul,26:161:2,qaAla,قَالَ,qaAla,qwl,V,S,3MS,lemma+root
qul,26:167:1,qaAlu,قَالُ,qaAla,qwl,V,P,3MP,lemma+root
qul,26:168:1,qaAla,قَالَ,qaAla,qwl,V,S,3MS,lemma+root
qul,26:177:2,qaAla,قَالَ,qaAla,qwl,V,S,3MS,lemma+root
qul,26:185:1,qaAlu,قَالُ,qaAla,qwl,V,P,3MP,lemma+root
qul,26:188:1,qaAla,قَالَ,qaAla,qwl,V,S,3MS,lemma+root
qul,26:203:1,yaquwlu,يَقُولُ,qaAla,qwl,V,P,3MP,lemma+root
qul,26:216:3,qulo,قُلْ,qaAla,qwl,V,S,2MS,lemma+root
qul,26:226:2,yaquwlu,يَقُولُ,qaAla,qwl,V,P,3MP,lemma+root
qul,27:7:2,qaAla,قَالَ,qaAla,qwl,V,S,3MS,lemma+root
qul,27:13:5,qaAlu,قَالُ,qaAla,qwl,V,P,3MP,lemma+root
qul,27:15:6,qaAla,قَالَ,qaAla,qwl,V,D,3MD,lemma+root
qul,27:16:4,qaAla,قَالَ,qaAla,qwl,V,S,3MS,lemma+root
qul,27:18:7,qaAlato,قَالَتْ,qaAla,qwl,V,S,3FS,lemma+root
qul,27:19:4,qawoli,قَوْلِ,qawol,qwl,N,,,root
qul,27:19:5,qaAla,قَالَ,qaAla,qwl,V,S,3MS,lemma+root
qul,27:20:3,qaAla,قَالَ,qaAla,qwl,V,S,3MS,lemma+root
qul,27:22:4,qaAla,قَالَ,qaAla,qwl,V,S,3MS,lemma+root
qul,27:27:1,qaAla,قَالَ,qaAla,qwl,V,S,3MS,lemma+root
qul,27:29:1,qaAlato,قَالَتْ,qaAla,qwl,V,S,3FS,lemma+root
qul,27:32:1,qaAlato,قَالَتْ,qaAla,qwl,V,S,3FS,lemma+root
qul,27:33:1,qaAlu,قَالُ,qaAla,qwl,V,P,3MP,lemma+root
qul,27:34:1,qaAlato,قَالَتْ,qaAla,qwl,V,S,3FS,lemma+root
qul,27:36:4,qaAla,قَالَ,qaAla,qwl,V,S,3MS,lemma+root
qul,27:38:1,qaAla,قَالَ,qaAla,qwl,V,S,3MS,lemma+root
qul,27:39:1,qaAla,قَالَ,qaAla,qwl,V,S,3MS,lemma+root
qul,27:40:1,qaAla,قَالَ,qaAla,qwl,V,S,3MS,lemma+root
qul,27:40:19,qaAla,قَالَ,qaAla,qwl,V,S,3MS,lemma+root
qul,27:41:1,qaAla,قَالَ,qaAla,qwl,V,S,3MS,lemma+root
qul,27:42:3,qiyla,قِيلَ,qaAla,qwl,V,S,3MS,lemma+root
qul,27:42:6,qaAlato,قَالَتْ,qaAla,qwl,V,S,3FS,lemma+root
qul,27:44:1,qiyla,قِيلَ,qaAla,qwl,V,S,3MS,lemma+root
qul,27:44:12,qaAla,قَالَ,qaAla,qwl,V,S,3MS,lemma+root
qul,27:44:18,qaAlato,قَالَتْ,qaAla,qwl,V,S,3FS,lemma+root
qul,27:46:1,qaAla,قَالَ,qaAla,qwl,V,S,3MS,lemma+root
qul,27:47:1,qaAlu,قَالُ,qaAla,qwl,V,P,3MP,lemma+root
qul,27:47:6,qaAla,قَالَ,qaAla,qwl,V,S,3MS,lemma+root
qul,27:49:1,qaAlu,قَالُ,qaAla,qwl,V,P,3MP,lemma+root
qul,27:49:7,naquwla,نَقُولَ,qaAla,qwl,V,P,1P,lemma+root
qul,27:54:3,qaAla,قَالَ,qaAla,qwl,V,S,3MS,lemma+root
qul,27:56:7,qaAlu,قَالُ,qaAla,qwl,V,P,3MP,lemma+root
qul,27:59:1,quli,قُلِ,qaAla,qwl,V,S,2MS,lemma+root
qul,27:64:14,qulo,قُلْ,qaAla,qwl,V,S,2MS,lemma+root
qul,27:65:1,qul,قُل,qaAla,qwl,V,S,2MS,lemma+root
qul,27:67:1,qaAla,قَالَ,qaAla,qwl,V,S,3MS,lemma+root
qul,27:69:1,qulo,قُلْ,qaAla,qwl,V,S,2MS,lemma+root
qul,27:71:1,yaquwlu,يَقُولُ,qaAla,qwl,V,P,3MP,lemma+root
qul,27:72:1,qulo,قُلْ,qaAla,qwl,V,S,2MS,lemma+root
qul,27:82:3,qawolu,قَوْلُ,qawol,qwl,N,,,root
qul,27:84:4,qaAla,قَالَ,qaAla,qwl,V,S,3MS,lemma+root
qul,27:85:2,qawolu,قَوْلُ,qawol,qwl,N,,,root
qul,27:92:11,qulo,قُلْ,qaAla,qwl,V,S,2MS,lemma+root
qul,27:93:1,quli,قُلِ,qaAla,qwl,V,S,2MS,lemma+root
qul,28:9:1,qaAlati,قَالَتِ,qaAla,qwl,V,S,3FS,lemma+root
qul,28:11:1,qaAlato,قَالَتْ,qaAla,qwl,V,S,3FS,lemma+root
qul,28:12:6,qaAlato,قَالَتْ,qaAla,qwl,V,S,3FS,lemma+root
qul,28:15:30,qaAla,قَالَ,qaAla,qwl,V,S,3MS,lemma+root
qul,28:16:1,qaAla,قَالَ,qaAla,qwl,V,S,3MS,lemma+root
qul,28:17:1,qaAla,قَالَ,qaAla,qwl,V,S,3MS,lemma+root
qul,28:18:11,qaAla,قَالَ,qaAla,qwl,V,S,3MS,lemma+root
qul,28:19:10,qaAla,قَالَ,qaAla,qwl,V,S,3MS,lemma+root
qul,28:20:7,qaAla,قَالَ,qaAla,qwl,V,S,3MS,lemma+root
qul,28:21:5,qaAla,قَالَ,qaAla,qwl,V,S,3MS,lemma+root
qul,28:22:5,qaAla,قَالَ,qaAla,qwl,V,S,3MS,lemma+root
qul,28:23:16,qaAla,قَالَ,qaAla,qwl,V,S,3MS,lemma+root
qul,28:23:19,qaAla,قَالَ,qaAla,qwl,V,D,3FD,lemma+root
qul,28:24:7,qaAla,قَالَ,qaAla,qwl,V,S,3MS,lemma+root
qul,28:25:6,qaAlato,قَالَتْ,qaAla,qwl,V,S,3FS,lemma+root
qul,28:25:20,qaAla,قَالَ,qaAla,qwl,V,S,3MS,lemma+root
qul,28:26:1,qaAlato,قَالَتْ,qaAla,qwl,V,S,3FS,lemma+root
qul,28:27:1,qaAla,قَالَ,qaAla,qwl,V,S,3MS,lemma+root
qul,28:28:1,qaAla,قَالَ,qaAla,qwl,V,S,3MS,lemma+root
qul,28:28:14,naquwlu,نَقُولُ,qaAla,qwl,V,P,1P,lemma+root
qul,28:29:12,qaAla,قَالَ,qaAla,qwl,V,S,3MS,lemma+root
qul,28:33:1,qaAla,قَالَ,qaAla,qwl,V,S,3MS,lemma+root
qul,28:35:1,qaAla,قَالَ,qaAla,qwl,V,S,3MS,lemma+root
qul,28:36:6,qaAlu,قَالُ,qaAla,qwl,V,P,3MP,lemma+root
qul,28:37:1,qaAla,قَالَ,qaAla,qwl,V,S,3MS,lemma+root
qul,28:38:1,qaAla,قَالَ,qaAla,qwl,V,S,3MS,lemma+root
qul,28:47:8,yaquwlu,يَقُولُ,qaAla,qwl,V,P,3MP,lemma+root
qul,28:48:6,qaAlu,قَالُ,qaAla,qwl,V,P,3MP,lemma+root
qul,28:48:20,qaAlu,قَالُ,qaAla,qwl,V,P,3MP,lemma+root
qul,28:48:23,qaAlu,قَالُ,qaAla,qwl,V,P,3MP,lemma+root
qul,28:49:1,qulo,قُلْ,qaAla,qwl,V,S,2MS,lemma+root
qul,28:51:4,qawola,قَوْلَ,qawol,qwl,N,,,root
qul,28:53:4,qaAlu,قَالُ,qaAla,qwl,V,P,3MP,lemma+root
qul,28:55:6,qaAlu,قَالُ,qaAla,qwl,V,P,3MP,lemma+root
qul,28:57:1,qaAlu,قَالُ,qaAla,qwl,V,P,3MP,lemma+root
qul,28:62:3,yaquwlu,يَقُولُ,qaAla,qwl,V,S,3MS,lemma+root
qul,28:63:1,qaAla,قَالَ,qaAla,qwl,V,S,3MS,lemma+root
qul,28:63:5,qawolu,قَوْلُ,qawol,qwl,N,,,root
qul,28:64:1,qiyla,قِيلَ,qaAla,qwl,V,S,3MS,lemma+root
qul,28:65:3,yaquwlu,يَقُولُ,qaAla,qwl,V,S,3MS,lemma+root
qul,28:71:1,qulo,قُلْ,qaAla,qwl,V,S,2MS,lemma+root
qul,28:72:1,qulo,قُلْ,qaAla,qwl,V,S,2MS,lemma+root
qul,28:74:3,yaquwlu,يَقُولُ,qaAla,qwl,V,S,3MS,lemma+root
qul,28:75:6,qulo,قُلْ,qaAla,qwl,V,P,1P,lemma+root
qul,28:76:20,qaAla,قَالَ,qaAla,qwl,V,S,3MS,lemma+root
qul,28:78:1,qaAla,قَالَ,qaAla,qwl,V,S,3MS,lemma+root
qul,28:79:6,qaAla,قَالَ,qaAla,qwl,V,S,3MS,lemma+root
qul,28:80:1,qaAla,قَالَ,qaAla,qwl,V,S,3MS,lemma+root
qul,28:82:6,yaquwlu,يَقُولُ,qaAla,qwl,V,P,3MP,lemma+root
qul,28:85:9,qul,قُل,qaAla,qwl,V,S,2MS,lemma+root
qul,29:2:6,yaquwlu,يَقُولُ,qaAla,qwl,V,P,3MP,lemma+root
qul,29:10:4,yaquwlu,يَقُولُ,qaAla,qwl,V,S,3MS,lemma+root
qul,29:10:21,yaquwlu,يَقُولُ,qaAla,qwl,V,P,3MP,lemma+root
qul,29:12:1,qaAla,قَالَ,qaAla,qwl,V,S,3MS,lemma+root
qul,29:16:3,qaAla,قَالَ,qaAla,qwl,V,S,3MS,lemma+root
qul,29:20:1,qulo,قُلْ,qaAla,qwl,V,S,2MS,lemma+root
qul,29:24:7,qaAlu,قَالُ,qaAla,qwl,V,P,3MP,lemma+root
qul,29:25:1,qaAla,قَالَ,qaAla,qwl,V,S,3MS,lemma+root
qul,29:26:4,qaAla,قَالَ,qaAla,qwl,V,S,3MS,lemma+root
qul,29:28:3,qaAla,قَالَ,qaAla,qwl,V,S,3MS,lemma+root
qul,29:29:16,qaAlu,قَالُ,qaAla,qwl,V,P,3MP,lemma+root
qul,29:30:1,qaAla,قَالَ,qaAla,qwl,V,S,3MS,lemma+root
qul,29:31:6,qaAlu,قَالُ,qaAla,qwl,V,P,3MP,lemma+root
qul,29:32:1,qaAla,قَالَ,qaAla,qwl,V,S,3MS,lemma+root
qul,29:32:5,qaAlu,قَالُ,qaAla,qwl,V,P,3MP,lemma+root
qul,29:33:11,qaAlu,قَالُ,qaAla,qwl,V,P,3MP,lemma+root
qul,29:36:5,qaAla,قَالَ,qaAla,qwl,V,S,3MS,lemma+root
qul,29:46:13,quwlu,قُولُ,qaAla,qwl,V,P,2MP,lemma+root
qul,29:50:1,qaAlu,قَالُ,qaAla,qwl,V,P,3MP,lemma+root
qul,29:50:8,qulo,قُلْ,qaAla,qwl,V,S,2MS,lemma+root
qul,29:52:1,qulo,قُلْ,qaAla,qwl,V,S,2MS,lemma+root
qul,29:55:9,yaquwlu,يَقُولُ,qaAla,qwl,V,S,3MS,lemma+root
qul,29:61:10,yaquwlu,يَقُولُ,qaAla,qwl,V,P,3MP,lemma+root
qul,29:63:14,yaquwlu,يَقُولُ,qaAla,qwl,V,P,3MP,lemma+root
qul,29:63:16,quli,قُلِ,qaAla,qwl,V,S,2MS,lemma+root
qul,30:42:1,qulo,قُلْ,qaAla,qwl,V,S,2MS,lemma+root
qul,30:56:1,qaAla,قَالَ,qaAla,qwl,V,S,3MS,lemma+root
qul,30:58:13,yaquwla,يَقُولَ,qaAla,qwl,V,S,3MS,lemma+root
qul,31:13:2,qaAla,قَالَ,qaAla,qwl,V,S,3MS,lemma+root
qul,31:21:2,qiyla,قِيلَ,qaAla,qwl,V,S,3MS,lemma+root
qul,31:21:8,qaAlu,قَالُ,qaAla,qwl,V,P,3MP,lemma+root
qul,31:25:7,yaquwlu,يَقُولُ,qaAla,qwl,V,P,3MP,lemma+root
qul,31:25:9,quli,قُلِ,qaAla,qwl,V,S,2MS,lemma+root
qul,32:3:2,yaquwlu,يَقُولُ,qaAla,qwl,V,P,3MP,lemma+root
qul,32:10:1,qaAlu,قَالُ,qaAla,qwl,V,P,3MP,lemma+root
qul,32:11:1,qulo,قُلْ,qaAla,qwl,V,S,2MS,lemma+root
qul,32:13:9,qawolu,قَوْلُ,qawol,qwl,N,,,root
qul,32:20:13,qiyla,قِيلَ,qaAla,qwl,V,S,3MS,lemma+root
qul,32:28:1,yaquwlu,يَقُولُ,qaAla,qwl,V,P,3MP,lemma+root
qul,32:29:1,qulo,قُلْ,qaAla,qwl,V,S,2MS,lemma+root
qul,33:4:21,qawolu,قَوْلُ,qawol,qwl,N,,,root
qul,33:4:24,yaquwlu,يَقُولُ,qaAla,qwl,V,S,3MS,lemma+root
qul,33:12:2,yaquwlu,يَقُولُ,qaAla,qwl,V,S,3MS,lemma+root
qul,33:13:2,qaAlat,قَالَت,qaAla,qwl,V,S,3FS,lemma+root
qul,33:13:15,yaquwlu,يَقُولُ,qaAla,qwl,V,P,3MP,lemma+root
qul,33:16:1,qul,قُل,qaAla,qwl,V,S,2MS,lemma+root
qul,33:17:1,qulo,قُلْ,qaAla,qwl,V,S,2MS,lemma+root
qul,33:18:6,qaA^}iliyna,قَآئِلِينَ,qaA^}il,qwl,N,P,MP,root
qul,33:22:5,qaAlu,قَالُ,qaAla,qwl,V,P,3MP,lemma+root
qul,33:28:3,qul,قُل,qaAla,qwl,V,S,2MS,lemma+root
qul,33:32:11,qawoli,قَوْلِ,qawol,qwl,N,,,root
qul,33:32:17,qulo,قُلْ,qaAla,qwl,V,P,2FP,lemma+root
qul,33:32:18,qawolFA,قَوْلًا,qawol,qwl,N,,,root
qul,33:37:2,taquwlu,تَقُولُ,qaAla,qwl,V,S,2MS,lemma+root
qul,33:59:3,qul,قُل,qaAla,qwl,V,S,2MS,lemma+root
qul,33:63:5,qulo,قُلْ,qaAla,qwl,V,S,2MS,lemma+root
qul,33:66:6,yaquwlu,يَقُولُ,qaAla,qwl,V,P,3MP,lemma+root
qul,33:67:1,qaAlu,قَالُ,qaAla,qwl,V,P,3MP,lemma+root
qul,33:69:12,qaAlu,قَالُ,qaAla,qwl,V,P,3MP,lemma+root
qul,33:70:6,quwlu,قُولُ,qaAla,qwl,V,P,2MP,lemma+root
qul,33:70:7,qawolFA,قَوْلًا,qawol,qwl,N,,,root
qul,34:3:1,qaAla,قَالَ,qaAla,qwl,V,S,3MS,lemma+root
qul,34:3:7,qulo,قُلْ,qaAla,qwl,V,S,2MS,lemma+root
qul,34:7:1,qaAla,قَالَ,qaAla,qwl,V,S,3MS,lemma+root
qul,34:19:1,qaAlu,قَالُ,qaAla,qwl,V,P,3MP,lemma+root
qul,34:22:1,quli,قُلِ,qaAla,qwl,V,S,2MS,lemma+root
qul,34:23:14,qaAlu,قَالُ,qaAla,qwl,V,P,3MP,lemma+root
qul,34:23:16,qaAla,قَالَ,qaAla,qwl,V,S,3MS,lemma+root
qul,34:23:18,qaAlu,قَالُ,qaAla,qwl,V,P,3MP,lemma+root
qul,34:24:1,qulo,قُلْ,qaAla,qwl,V,S,2MS,lemma+root
qul,34:24:7,quli,قُلِ,qaAla,qwl,V,S,2MS,lemma+root
qul,34:25:1,qul,قُل,qaAla,qwl,V,S,2MS,lemma+root
qul,34:26:1,qulo,قُلْ,qaAla,qwl,V,S,2MS,lemma+root
qul,34:27:1,qulo,قُلْ,qaAla,qwl,V,S,2MS,lemma+root
qul,34:29:1,yaquwlu,يَقُولُ,qaAla,qwl,V,P,3MP,lemma+root
qul,34:30:1,qul,قُل,qaAla,qwl,V,S,2MS,lemma+root
qul,34:31:1,qaAla,قَالَ,qaAla,qwl,V,S,3MS,lemma+root
qul,34:31:23,qawola,قَوْلَ,qawol,qwl,N,,,root
qul,34:31:24,yaquwlu,يَقُولُ,qaAla,qwl,V,S,3MS,lemma+root
qul,34:32:1,qaAla,قَالَ,qaAla,qwl,V,S,3MS,lemma+root
qul,34:33:1,qaAla,قَالَ,qaAla,qwl,V,S,3MS,lemma+root
qul,34:34:8,qaAla,قَالَ,qaAla,qwl,V,S,3MS,lemma+root
qul,34:35:1,qaAlu,قَالُ,qaAla,qwl,V,P,3MP,lemma+root
qul,34:36:1,qulo,قُلْ,qaAla,qwl,V,S,2MS,lemma+root
qul,34:39:1,qulo,قُلْ,qaAla,qwl,V,S,2MS,lemma+root
qul,34:40:5,yaquwlu,يَقُولُ,qaAla,qwl,V,S,3MS,lemma+root
qul,34:41:1,qaAlu,قَالُ,qaAla,qwl,V,P,3MP,lemma+root
qul,34:42:9,naquwlu,نَقُولُ,qaAla,qwl,V,P,1P,lemma+root
qul,34:43:6,qaAlu,قَالُ,qaAla,qwl,V,P,3MP,lemma+root
qul,34:43:18,qaAlu,قَالُ,qaAla,qwl,V,P,3MP,lemma+root
qul,34:43:24,qaAla,قَالَ,qaAla,qwl,V,S,3MS,lemma+root
qul,34:46:1,qulo,قُلْ,qaAla,qwl,V,S,2MS,lemma+root
qul,34:47:1,qulo,قُلْ,qaAla,qwl,V,S,2MS,lemma+root
qul,34:48:1,qulo,قُلْ,qaAla,qwl,V,S,2MS,lemma+root
qul,34:49:1,qulo,قُلْ,qaAla,qwl,V,S,2MS,lemma+root
qul,34:50:1,qulo,قُلْ,qaAla,qwl,V,S,2MS,lemma+root
qul,34:52:1,qaAlu,قَالُ,qaAla,qwl,V,P,3MP,lemma+root
qul,35:34:1,qaAlu,قَالُ,qaAla,qwl,V,P,3MP,lemma+root
qul,35:40:1,qulo,قُلْ,qaAla,qwl,V,S,2MS,lemma+root
qul,36:7:3,qawolu,قَوْلُ,qawol,qwl,N,,,root
qul,36:14:8,qaAlu,قَالُ,qaAla,qwl,V,P,3MP,lemma+root
qul,36:15:1,qaAlu,قَالُ,qaAla,qwl,V,P,3MP,lemma+root
qul,36:16:1,qaAlu,قَالُ,qaAla,qwl,V,P,3MP,lemma+root
qul,36:18:1,qaAlu,قَالُ,qaAla,qwl,V,P,3MP,lemma+root
qul,36:19:1,qaAlu,قَالُ,qaAla,qwl,V,P,3MP,lemma+root
qul,36:20:7,qaAla,قَالَ,qaAla,qwl,V,S,3MS,lemma+root
qul,36:26:1,qiyla,قِيلَ,qaAla,qwl,V,S,3MS,lemma+root
qul,36:26:4,qaAla,قَالَ,qaAla,qwl,V,S,3MS,lemma+root
qul,36:45:2,qiyla,قِيلَ,qaAla,qwl,V,S,3MS,lemma+root
qul,36:47:2,qiyla,قِيلَ,qaAla,qwl,V,S,3MS,lemma+root
qul,36:47:8,qaAla,قَالَ,qaAla,qwl,V,S,3MS,lemma+root
qul,36:48:1,yaquwlu,يَقُولُ,qaAla,qwl,V,P,3MP,lemma+root
qul,36:52:1,qaAlu,قَالُ,qaAla,qwl,V,P,3MP,lemma+root
qul,36:58:2,qawolFA,قَوْلًا,qawol,qwl,N,,,root
qul,36:70:6,qawolu,قَوْلُ,qawol,qwl,N,,,root
qul,36:76:3,qawolu,قَوْلُ,qawol,qwl,N,,,root
qul,36:78:6,qaAla,قَالَ,qaAla,qwl,V,S,3MS,lemma+root
qul,36:79:1,qulo,قُلْ,qaAla,qwl,V,S,2MS,lemma+root
qul,36:82:7,yaquwla,يَقُولَ,qaAla,qwl,V,S,3MS,lemma+root
qul,37:15:1,qaAlu,قَالُ,qaAla,qwl,V,P,3MP,lemma+root
qul,37:18:1,qulo,قُلْ,qaAla,qwl,V,S,2MS,lemma+root
qul,37:20:1,qaAlu,قَالُ,qaAla,qwl,V,P,3MP,lemma+root
qul,37:28:1,qaAlu,قَالُ,qaAla,qwl,V,P,3MP,lemma+root
qul,37:29:1,qaAlu,قَالُ,qaAla,qwl,V,P,3MP,lemma+root
qul,37:31:3,qawolu,قَوْلُ,qawol,qwl,N,,,root
qul,37:35:4,qiyla,قِيلَ,qaAla,qwl,V,S,3MS,lemma+root
qul,37:36:1,yaquwlu,يَقُولُ,qaAla,qwl,V,P,3MP,lemma+root
qul,37:51:1,qaAla,قَالَ,qaAla,qwl,V,S,3MS,lemma+root
qul,37:51:2,qaA^}ilN,قَآئِلٌ,qaA^}il,qwl,N,,,root
qul,37:52:1,yaquwlu,يَقُولُ,qaAla,qwl,V,S,3MS,lemma+root
qul,37:54:1,qaAla,قَالَ,qaAla,qwl,V,S,3MS,lemma+root
qul,37:56:1,qaAla,قَالَ,qaAla,qwl,V,S,3MS,lemma+root
qul,37:85:2,qaAla,قَالَ,qaAla,qwl,V,S,3MS,lemma+root
qul,37:89:1,qaAla,قَالَ,qaAla,qwl,V,S,3MS,lemma+root
qul,37:91:4,qaAla,قَالَ,qaAla,qwl,V,S,3MS,lemma+root
qul,37:95:1,qaAla,قَالَ,qaAla,qwl,V,S,3MS,lemma+root
qul,37:97:1,qaAlu,قَالُ,qaAla,qwl,V,P,3MP,lemma+root
qul,37:99:1,qaAla,قَالَ,qaAla,qwl,V,S,3MS,lemma+root
qul,37:102:5,qaAla,قَالَ,qaAla,qwl,V,S,3MS,lemma+root
qul,37:102:16,qaAla,قَالَ,qaAla,qwl,V,S,3MS,lemma+root
qul,37:124:2,qaAla,قَالَ,qaAla,qwl,V,S,3MS,lemma+root
qul,37:151:5,yaquwlu,يَقُولُ,qaAla,qwl,V,P,3MP,lemma+root
qul,37:167:3,yaquwlu,يَقُولُ,qaAla,qwl,V,P,3MP,lemma+root
qul,38:4:6,qaAla,قَالَ,qaAla,qwl,V,S,3MS,lemma+root
qul,38:16:1,qaAlu,قَالُ,qaAla,qwl,V,P,3MP,lemma+root
qul,38:17:4,yaquwlu,يَقُولُ,qaAla,qwl,V,P,3MP,lemma+root
qul,38:22:7,qaAlu,قَالُ,qaAla,qwl,V,P,3MP,lemma+root
qul,38:23:11,qaAla,قَالَ,qaAla,qwl,V,S,3MS,lemma+root
qul,38:24:1,qaAla,قَالَ,qaAla,qwl,V,S,3MS,lemma+root
qul,38:32:1,qaAla,قَالَ,qaAla,qwl,V,S,3MS,lemma+root
qul,38:35:1,qaAla,قَالَ,qaAla,qwl,V,S,3MS,lemma+root
qul,38:60:1,qaAlu,قَالُ,qaAla,qwl,V,P,3MP,lemma+root
qul,38:61:1,qaAlu,قَالُ,qaAla,qwl,V,P,3MP,lemma+root
qul,38:62:1,qaAlu,قَالُ,qaAla,qwl,V,P,3MP,lemma+root
qul,38:65:1,qulo,قُلْ,qaAla,qwl,V,S,2MS,lemma+root
qul,38:67:1,qulo,قُلْ,qaAla,qwl,V,S,2MS,lemma+root
qul,38:71:2,qaAla,قَالَ,qaAla,qwl,V,S,3MS,lemma+root
qul,38:75:1,qaAla,قَالَ,qaAla,qwl,V,S,3MS,lemma+root
qul,38:76:1,qaAla,قَالَ,qaAla,qwl,V,S,3MS,lemma+root
qul,38:77:1,qaAla,قَالَ,qaAla,qwl,V,S,3MS,lemma+root
qul,38:79:1,qaAla,قَالَ,qaAla,qwl,V,S,3MS,lemma+root
qul,38:80:1,qaAla,قَالَ,qaAla,qwl,V,S,3MS,lemma+root
qul,38:82:1,qaAla,قَالَ,qaAla,qwl,V,S,3MS,lemma+root
qul,38:84:1,qaAla,قَالَ,qaAla,qwl,V,S,3MS,lemma+root
qul,38:84:4,>aquwlu,أَقُولُ,qaAla,qwl,V,S,1S,lemma+root
qul,38:86:1,qulo,قُلْ,qaAla,qwl,V,S,2MS,lemma+root
qul,39:8:27,qulo,قُلْ,qaAla,qwl,V,S,2MS,lemma+root
qul,39:9:13,qulo,قُلْ,qaAla,qwl,V,S,2MS,lemma+root
qul,39:10:1,qulo,قُلْ,qaAla,qwl,V,S,2MS,lemma+root
qul,39:11:1,qulo,قُلْ,qaAla,qwl,V,S,2MS,lemma+root
qul,39:13:1,qulo,قُلْ,qaAla,qwl,V,S,2MS,lemma+root
qul,39:14:1,quli,قُلِ,qaAla,qwl,V,S,2MS,lemma+root
qul,39:15:6,qulo,قُلْ,qaAla,qwl,V,S,2MS,lemma+root
qul,39:18:3,qawola,قَوْلَ,qawol,qwl,N,,,root
qul,39:24:8,qiyla,قِيلَ,qaAla,qwl,V,S,3MS,lemma+root
qul,39:38:7,yaquwlu,يَقُولُ,qaAla,qwl,V,P,3MP,lemma+root
qul,39:38:9,qulo,قُلْ,qaAla,qwl,V,S,2MS,lemma+root
qul,39:38:31,qulo,قُلْ,qaAla,qwl,V,S,2MS,lemma+root
qul,39:39:1,qulo,قُلْ,qaAla,qwl,V,S,2MS,lemma+root
qul,39:43:7,qulo,قُلْ,qaAla,qwl,V,S,2MS,lemma+root
qul,39:44:1,qul,قُل,qaAla,qwl,V,S,2MS,lemma+root
qul,39:46:1,quli,قُلِ,qaAla,qwl,V,S,2MS,lemma+root
qul,39:49:11,qaAla,قَالَ,qaAla,qwl,V,S,3MS,lemma+root
qul,39:50:2,qaAla,قَالَ,qaAla,qwl,V,S,3MS,lemma+root
qul,39:53:1,qulo,قُلْ,qaAla,qwl,V,S,2MS,lemma+root
qul,39:56:2,taquwla,تَقُولَ,qaAla,qwl,V,S,3FS,lemma+root
qul,39:57:2,taquwla,تَقُولَ,qaAla,qwl,V,S,3FS,lemma+root
qul,39:58:2,taquwla,تَقُولَ,qaAla,qwl,V,S,3FS,lemma+root
qul,39:64:1,qulo,قُلْ,qaAla,qwl,V,S,2MS,lemma+root
qul,39:71:12,qaAla,قَالَ,qaAla,qwl,V,S,3MS,lemma+root
qul,39:71:27,qaAlu,قَالُ,qaAla,qwl,V,P,3MP,lemma+root
qul,39:72:1,qiyla,قِيلَ,qaAla,qwl,V,S,3MS,lemma+root
qul,39:73:13,qaAla,قَالَ,qaAla,qwl,V,S,3MS,lemma+root
qul,39:74:1,qaAlu,قَالُ,qaAla,qwl,V,P,3MP,lemma+root
qul,39:75:13,qiyla,قِيلَ,qaAla,qwl,V,S,3MS,lemma+root
qul,40:11:1,qaAlu,قَالُ,qaAla,qwl,V,P,3MP,lemma+root
qul,40:24:5,qaAlu,قَالُ,qaAla,qwl,V,P,3MP,lemma+root
qul,40:25:6,qaAlu,قَالُ,qaAla,qwl,V,P,3MP,lemma+root
qul,40:26:1,qaAla,قَالَ,qaAla,qwl,V,S,3MS,lemma+root
qul,40:27:1,qaAla,قَالَ,qaAla,qwl,V,S,3MS,lemma+root
qul,40:28:1,qaAla,قَالَ,qaAla,qwl,V,S,3MS,lemma+root
qul,40:28:12,yaquwla,يَقُولَ,qaAla,qwl,V,S,3MS,lemma+root
qul,40:29:15,qaAla,قَالَ,qaAla,qwl,V,S,3MS,lemma+root
qul,40:30:1,qaAla,قَالَ,qaAla,qwl,V,S,3MS,lemma+root
qul,40:34:17,qulo,قُلْ,qaAla,qwl,V,P,2MP,lemma+root
qul,40:36:1,qaAla,قَالَ,qaAla,qwl,V,S,3MS,lemma+root
qul,40:38:1,qaAla,قَالَ,qaAla,qwl,V,S,3MS,lemma+root
qul,40:44:3,>aquwlu,أَقُولُ,qaAla,qwl,V,S,1S,lemma+root
qul,40:47:5,yaquwlu,يَقُولُ,qaAla,qwl,V,S,3MS,lemma+root
qul,40:48:1,qaAla,قَالَ,qaAla,qwl,V,S,3MS,lemma+root
qul,40:49:1,qaAla,قَالَ,qaAla,qwl,V,S,3MS,lemma+root
qul,40:50:1,qaAlu,قَالُ,qaAla,qwl,V,P,3MP,lemma+root
qul,40:50:7,qaAlu,قَالُ,qaAla,qwl,V,P,3MP,lemma+root
qul,40:50:9,qaAlu,قَالُ,qaAla,qwl,V,P,3MP,lemma+root
qul,40:60:1,qaAla,قَالَ,qaAla,qwl,V,S,3MS,lemma+root
qul,40:66:1,qulo,قُلْ,qaAla,qwl,V,S,2MS,lemma+root
qul,40:68:9,yaquwlu,يَقُولُ,qaAla,qwl,V,S,3MS,lemma+root
qul,40:73:2,qiyla,قِيلَ,qaAla,qwl,V,S,3MS,lemma+root
qul,40:74:4,qaAlu,قَالُ,qaAla,qwl,V,P,3MP,lemma+root
qul,40:84:4,qaAlu,قَالُ,qaAla,qwl,V,P,3MP,lemma+root
qul,41:5:1,qaAlu,قَالُ,qaAla,qwl,V,P,3MP,lemma+root
qul,41:6:1,qulo,قُلْ,qaAla,qwl,V,S,2MS,lemma+root
qul,41:9:1,qulo,قُلْ,qaAla,qwl,V,S,2MS,lemma+root
qul,41:11:7,qaAla,قَالَ,qaAla,qwl,V,S,3MS,lemma+root
qul,41:11:14,qaAla,قَالَ,qaAla,qwl,V,D,3FD,lemma+root
qul,41:13:3,qulo,قُلْ,qaAla,qwl,V,S,2MS,lemma+root
qul,41:14:13,qaAlu,قَالُ,qaAla,qwl,V,P,3MP,lemma+root
qul,41:15:8,qaAlu,قَالُ,qaAla,qwl,V,P,3MP,lemma+root
qul,41:21:1,qaAlu,قَالُ,qaAla,qwl,V,P,3MP,lemma+root
qul,41:21:6,qaAlu,قَالُ,qaAla,qwl,V,P,3MP,lemma+root
qul,41:25:13,qawolu,قَوْلُ,qawol,qwl,N,,,root
qul,41:26:1,qaAla,قَالَ,qaAla,qwl,V,S,3MS,lemma+root
qul,41:29:1,qaAla,قَالَ,qaAla,qwl,V,S,3MS,lemma+root
qul,41:30:3,qaAlu,قَالُ,qaAla,qwl,V,P,3MP,lemma+root
qul,41:33:3,qawolFA,قَوْلًا,qawol,qwl,N,,,root
qul,41:33:10,qaAla,قَالَ,qaAla,qwl,V,S,3MS,lemma+root
qul,41:43:2,yuqaAlu,يُقَالُ,qaAla,qwl,V,S,3MS,lemma+root
qul,41:43:7,qiyla,قِيلَ,qaAla,qwl,V,S,3MS,lemma+root
qul,41:44:5,qaAlu,قَالُ,qaAla,qwl,V,P,3MP,lemma+root
qul,41:44:11,qulo,قُلْ,qaAla,qwl,V,S,2MS,lemma+root
qul,41:47:23,qaAlu,قَالُ,qaAla,qwl,V,P,3MP,lemma+root
qul,41:50:9,yaquwla,يَقُولَ,qaAla,qwl,V,S,3MS,lemma+root
qul,41:52:1,qulo,قُلْ,qaAla,qwl,V,S,2MS,lemma+root
qul,42:15:9,qulo,قُلْ,qaAla,qwl,V,S,2MS,lemma+root
qul,42:23:10,qul,قُل,qaAla,qwl,V,S,2MS,lemma+root
qul,42:24:2,yaquwlu,يَقُولُ,qaAla,qwl,V,P,3MP,lemma+root
qul,42:44:15,yaquwlu,يَقُولُ,qaAla,qwl,V,P,3MP,lemma+root
qul,42:45:11,qaAla,قَالَ,qaAla,qwl,V,S,3MS,lemma+root
qul,43:9:7,yaquwlu,يَقُولُ,qaAla,qwl,V,P,3MP,lemma+root
qul,43:13:11,taquwlu,تَقُولُ,qaAla,qwl,V,P,2MP,lemma+root
qul,43:20:1,qaAlu,قَالُ,qaAla,qwl,V,P,3MP,lemma+root
qul,43:22:2,qaAlu,قَالُ,qaAla,qwl,V,P,3MP,lemma+root
qul,43:23:11,qaAla,قَالَ,qaAla,qwl,V,S,3MS,lemma+root
qul,43:24:1,qa`la,قَٰلَ,qaAla,qwl,V,S,3MS,lemma+root
qul,43:24:9,qaAlu,قَالُ,qaAla,qwl,V,P,3MP,lemma+root
qul,43:26:2,qaAla,قَالَ,qaAla,qwl,V,S,3MS,lemma+root
qul,43:30:4,qaAlu,قَالُ,qaAla,qwl,V,P,3MP,lemma+root
qul,43:31:1,qaAlu,قَالُ,qaAla,qwl,V,P,3MP,lemma+root
qul,43:38:4,qaAla,قَالَ,qaAla,qwl,V,S,3MS,lemma+root
qul,43:46:8,qaAla,قَالَ,qaAla,qwl,V,S,3MS,lemma+root
qul,43:49:1,qaAlu,قَالُ,qaAla,qwl,V,P,3MP,lemma+root
qul,43:51:5,qaAla,قَالَ,qaAla,qwl,V,S,3MS,lemma+root
qul,43:58:1,qaAlu,قَالُ,qaAla,qwl,V,P,3MP,lemma+root
qul,43:63:5,qaAla,قَالَ,qaAla,qwl,V,S,3MS,lemma+root
qul,43:77:6,qaAla,قَالَ,qaAla,qwl,V,S,3MS,lemma+root
qul,43:81:1,qulo,قُلْ,qaAla,qwl,V,S,2MS,lemma+root
qul,43:87:5,yaquwlu,يَقُولُ,qaAla,qwl,V,P,3MP,lemma+root
qul,43:88:1,qiyli,قِيلِ,qiyl,qwl,N,,,root
qul,43:89:3,qulo,قُلْ,qaAla,qwl,V,S,2MS,lemma+root
qul,44:14:4,qaAlu,قَالُ,qaAla,qwl,V,P,3MP,lemma+root
qul,44:34:3,yaquwlu,يَقُولُ,qaAla,qwl,V,P,3MP,lemma+root
qul,45:14:1,qul,قُل,qaAla,qwl,V,S,2MS,lemma+root
qul,45:24:1,qaAlu,قَالُ,qaAla,qwl,V,P,3MP,lemma+root
qul,45:25:11,qaAlu,قَالُ,qaAla,qwl,V,P,3MP,lemma+root
qul,45:26:1,quli,قُلِ,qaAla,qwl,V,S,2MS,lemma+root
qul,45:32:2,qiyla,قِيلَ,qaAla,qwl,V,S,3MS,lemma+root
qul,45:32:11,qulo,قُلْ,qaAla,qwl,V,P,2MP,lemma+root
qul,45:34:1,qiyla,قِيلَ,qaAla,qwl,V,S,3MS,lemma+root
qul,46:4:1,qulo,قُلْ,qaAla,qwl,V,S,2MS,lemma+root
qul,46:7:6,qaAla,قَالَ,qaAla,qwl,V,S,3MS,lemma+root
qul,46:8:2,yaquwlu,يَقُولُ,qaAla,qwl,V,P,3MP,lemma+root
qul,46:8:4,qulo,قُلْ,qaAla,qwl,V,S,2MS,lemma+root
qul,46:9:1,qulo,قُلْ,qaAla,qwl,V,S,2MS,lemma+root
qul,46:10:1,qulo,قُلْ,qaAla,qwl,V,S,2MS,lemma+root
qul,46:11:1,qaAla,قَالَ,qaAla,qwl,V,S,3MS,lemma+root
qul,46:11:16,yaquwlu,يَقُولُ,qaAla,qwl,V,P,3MP,lemma+root
qul,46:13:3,qaAlu,قَالُ,qaAla,qwl,V,P,3MP,lemma+root
qul,46:15:21,qaAla,قَالَ,qaAla,qwl,V,S,3MS,lemma+root
qul,46:17:2,qaAla,قَالَ,qaAla,qwl,V,S,3MS,lemma+root
qul,46:17:23,yaquwlu,يَقُولُ,qaAla,qwl,V,S,3MS,lemma+root
qul,46:18:5,qawolu,قَوْلُ,qawol,qwl,N,,,root
qul,46:22:1,qaAlu,قَالُ,qaAla,qwl,V,P,3MP,lemma+root
qul,46:23:1,qaAla,قَالَ,qaAla,qwl,V,S,3MS,lemma+root
qul,46:24:6,qaAlu,قَالُ,qaAla,qwl,V,P,3MP,lemma+root
qul,46:29:11,qaAlu,قَالُ,qaAla,qwl,V,P,3MP,lemma+root
qul,46:30:1,qaAlu,قَالُ,qaAla,qwl,V,P,3MP,lemma+root
qul,46:34:10,qaAlu,قَالُ,qaAla,qwl,V,P,3MP,lemma+root
qul,46:34:13,qaAla,قَالَ,qaAla,qwl,V,S,3MS,lemma+root
qul,47:16:10,qaAlu,قَالُ,qaAla,qwl,V,P,3MP,lemma+root
qul,47:16:15,qaAla,قَالَ,qaAla,qwl,V,S,3MS,lemma+root
qul,47:20:1,yaquwlu,يَقُولُ,qaAla,qwl,V,S,3MS,lemma+root
qul,47:21:2,qawolN,قَوْلٌ,qawol,qwl,N,,,root
qul,47:26:3,qaAlu,قَالُ,qaAla,qwl,V,P,3MP,lemma+root
qul,47:30:9,qawoli,قَوْلِ,qawol,qwl,N,,,root
qul,48:11:1,yaquwlu,يَقُولُ,qaAla,qwl,V,S,3MS,lemma+root
qul,48:11:11,yaquwlu,يَقُولُ,qaAla,qwl,V,P,3MP,lemma+root
qul,48:11:17,qulo,قُلْ,qaAla,qwl,V,S,2MS,lemma+root
qul,48:15:1,yaquwlu,يَقُولُ,qaAla,qwl,V,S,3MS,lemma+root
qul,48:15:15,qul,قُل,qaAla,qwl,V,S,2MS,lemma+root
qul,48:15:19,qaAla,قَالَ,qaAla,qwl,V,S,3MS,lemma+root
qul,48:15:23,yaquwlu,يَقُولُ,qaAla,qwl,V,P,3MP,lemma+root
qul,48:16:1,qul,قُل,qaAla,qwl,V,S,2MS,lemma+root
qul,49:2:13,qawoli,قَوْلِ,qawol,qwl,N,,,root
qul,49:14:1,qaAlati,قَالَتِ,qaAla,qwl,V,S,3FS,lemma+root
qul,49:14:4,qul,قُل,qaAla,qwl,V,S,2MS,lemma+root
qul,49:14:8,quwlu,قُولُ,qaAla,qwl,V,P,2MP,lemma+root
qul,49:16:1,qulo,قُلْ,qaAla,qwl,V,S,2MS,lemma+root
qul,49:17:5,qul,قُل,qaAla,qwl,V,S,2MS,lemma+root
qul,50:2:7,qaAla,قَالَ,qaAla,qwl,V,S,3MS,lemma+root
qul,50:18:4,qawolK,قَوْلٍ,qawol,qwl,N,,,root
qul,50:23:1,qaAla,قَالَ,qaAla,qwl,V,S,3MS,lemma+root
qul,50:27:1,qaAla,قَالَ,qaAla,qwl,V,S,3MS,lemma+root
qul,50:28:1,qaAla,قَالَ,qaAla,qwl,V,S,3MS,lemma+root
qul,50:29:3,qawolu,قَوْلُ,qawol,qwl,N,,,root
qul,50:30:2,naquwlu,نَقُولُ,qaAla,qwl,V,P,1P,lemma+root
qul,50:30:6,taquwlu,تَقُولُ,qaAla,qwl,V,S,3FS,lemma+root
qul,50:39:4,yaquwlu,يَقُولُ,qaAla,qwl,V,P,3MP,lemma+root
qul,50:45:4,yaquwlu,يَقُولُ,qaAla,qwl,V,P,3MP,lemma+root
qul,51:8:3,qawolK,قَوْلٍ,qawol,qwl,N,,,root
qul,51:25:4,qaAlu,قَالُ,qaAla,qwl,V,P,3MP,lemma+root
qul,51:25:6,qaAla,قَالَ,qaAla,qwl,V,S,3MS,lemma+root
qul,51:27:3,qaAla,قَالَ,qaAla,qwl,V,S,3MS,lemma+root
qul,51:28:4,qaAlu,قَالُ,qaAla,qwl,V,P,3MP,lemma+root
qul,51:29:7,qaAlato,قَالَتْ,qaAla,qwl,V,S,3FS,lemma+root
qul,51:30:1,qaAlu,قَالُ,qaAla,qwl,V,P,3MP,lemma+root
qul,51:30:3,qaAla,قَالَ,qaAla,qwl,V,S,3MS,lemma+root
qul,51:31:1,qaAla,قَالَ,qaAla,qwl,V,S,3MS,lemma+root
qul,51:32:1,qaAlu,قَالُ,qaAla,qwl,V,P,3MP,lemma+root
qul,51:39:3,qaAla,قَالَ,qaAla,qwl,V,S,3MS,lemma+root
qul,51:43:4,qiyla,قِيلَ,qaAla,qwl,V,S,3MS,lemma+root
qul,51:52:10,qaAlu,قَالُ,qaAla,qwl,V,P,3MP,lemma+root
qul,52:26:1,qaAlu,قَالُ,qaAla,qwl,V,P,3MP,lemma+root
qul,52:30:2,yaquwlu,يَقُولُ,qaAla,qwl,V,P,3MP,lemma+root
qul,52:31:1,qulo,قُلْ,qaAla,qwl,V,S,2MS,lemma+root
qul,52:33:2,yaquwlu,يَقُولُ,qaAla,qwl,V,P,3MP,lemma+root
qul,52:33:3,taqaw~ala,تَقَوَّلَ,taqaw~ala,qwl,V,S,3MS,root
qul,52:44:7,yaquwlu,يَقُولُ,qaAla,qwl,V,P,3MP,lemma+root
qul,54:2:5,yaquwlu,يَقُولُ,qaAla,qwl,V,P,3MP,lemma+root
qul,54:8:4,yaquwlu,يَقُولُ,qaAla,qwl,V,S,3MS,lemma+root
qul,54:9:7,qaAlu,قَالُ,qaAla,qwl,V,P,3MP,lemma+root
qul,54:24:1,qaAlu,قَالُ,qaAla,qwl,V,P,3MP,lemma+root
qul,54:44:2,yaquwlu,يَقُولُ,qaAla,qwl,V,P,3MP,lemma+root
qul,56:26:2,qiylFA,قِيلًا,qiyl,qwl,N,,,root
qul,56:47:2,yaquwlu,يَقُولُ,qaAla,qwl,V,P,3MP,lemma+root
qul,56:49:1,qulo,قُلْ,qaAla,qwl,V,S,2MS,lemma+root
qul,57:13:2,yaquwlu,يَقُولُ,qaAla,qwl,V,S,3MS,lemma+root
qul,57:13:11,qiyla,قِيلَ,qaAla,qwl,V,S,3MS,lemma+root
qul,57:14:5,qaAlu,قَالُ,qaAla,qwl,V,P,3MP,lemma+root
qul,58:1:4,qawola,قَوْلَ,qawol,qwl,N,,,root
qul,58:2:15,yaquwlu,يَقُولُ,qaAla,qwl,V,P,3MP,lemma+root
qul,58:2:18,qawoli,قَوْلِ,qawol,qwl,N,,,root
qul,58:3:8,qaAlu,قَالُ,qaAla,qwl,V,P,3MP,lemma+root
qul,58:8:26,yaquwlu,يَقُولُ,qaAla,qwl,V,P,3MP,lemma+root
qul,58:8:33,naquwlu,نَقُولُ,qaAla,qwl,V,P,1P,lemma+root
qul,58:11:5,qiyla,قِيلَ,qaAla,qwl,V,S,3MS,lemma+root
qul,58:11:15,qiyla,قِيلَ,qaAla,qwl,V,S,3MS,lemma+root
qul,59:10:5,yaquwlu,يَقُولُ,qaAla,qwl,V,P,3MP,lemma+root
qul,59:11:6,yaquwlu,يَقُولُ,qaAla,qwl,V,P,3MP,lemma+root
qul,59:16:4,qaAla,قَالَ,qaAla,qwl,V,S,3MS,lemma+root
qul,59:16:9,qaAla,قَالَ,qaAla,qwl,V,S,3MS,lemma+root
qul,60:4:11,qaAlu,قَالُ,qaAla,qwl,V,P,3MP,lemma+root
qul,60:4:34,qawola,قَوْلَ,qawol,qwl,N,,,root
qul,61:2:5,taquwlu,تَقُولُ,qaAla,qwl,V,P,2MP,lemma+root
qul,61:3:6,taquwlu,تَقُولُ,qaAla,qwl,V,P,2MP,lemma+root
qul,61:5:2,qaAla,قَالَ,qaAla,qwl,V,S,3MS,lemma+root
qul,61:6:2,qaAla,قَالَ,qaAla,qwl,V,S,3MS,lemma+root
qul,61:6:28,qaAlu,قَالُ,qaAla,qwl,V,P,3MP,lemma+root
qul,61:14:8,qaAla,قَالَ,qaAla,qwl,V,S,3MS,lemma+root
qul,61:14:17,qaAla,قَالَ,qaAla,qwl,V,S,3MS,lemma+root
qul,62:6:1,qulo,قُلْ,qaAla,qwl,V,S,2MS,lemma+root
qul,62:8:1,qulo,قُلْ,qaAla,qwl,V,S,2MS,lemma+root
qul,62:11:10,qulo,قُلْ,qaAla,qwl,V,S,2MS,lemma+root
qul,63:1:4,qaAlu,قَالُ,qaAla,qwl,V,P,3MP,lemma+root
qul,63:4:6,yaquwlu,يَقُولُ,qaAla,qwl,V,P,3MP,lemma+root
qul,63:4:8,qawoli,قَوْلِ,qawol,qwl,N,,,root
qul,63:5:2,qiyla,قِيلَ,qaAla,qwl,V,S,3MS,lemma+root
qul,63:7:3,yaquwlu,يَقُولُ,qaAla,qwl,V,P,3MP,lemma+root
qul,63:8:1,yaquwlu,يَقُولُ,qaAla,qwl,V,P,3MP,lemma+root
qul,63:10:11,yaquwla,يَقُولَ,qaAla,qwl,V,S,3MS,lemma+root
qul,64:6:7,qaAlu,قَالُ,qaAla,qwl,V,P,3MP,lemma+root
qul,64:7:7,qulo,قُلْ,qaAla,qwl,V,S,2MS,lemma+root
qul,66:3:22,qaAlato,قَالَتْ,qaAla,qwl,V,S,3FS,lemma+root
qul,66:3:26,qaAla,قَالَ,qaAla,qwl,V,S,3MS,lemma+root
qul,66:8:34,yaquwlu,يَقُولُ,qaAla,qwl,V,P,3MP,lemma+root
qul,66:10:23,qiyla,قِيلَ,qaAla,qwl,V,S,3MS,lemma+root
qul,66:11:9,qaAlato,قَالَتْ,qaAla,qwl,V,S,3FS,lemma+root
qul,67:9:1,qaAlu,قَالُ,qaAla,qwl,V,P,3MP,lemma+root
qul,67:9:7,qulo,قُلْ,qaAla,qwl,V,P,1P,lemma+root
qul,67:10:1,qaAlu,قَالُ,qaAla,qwl,V,P,3MP,lemma+root
qul,67:13:2,qawola,قَوْلَ,qawol,qwl,N,,,root
qul,67:23:1,qulo,قُلْ,qaAla,qwl,V,S,2MS,lemma+root
qul,67:24:1,qulo,قُلْ,qaAla,qwl,V,S,2MS,lemma+root
qul,67:25:1,yaquwlu,يَقُولُ,qaAla,qwl,V,P,3MP,lemma+root
qul,67:26:1,qulo,قُلْ,qaAla,qwl,V,S,2MS,lemma+root
qul,67:27:8,qiyla,قِيلَ,qaAla,qwl,V,S,3MS,lemma+root
qul,67:28:1,qulo,قُلْ,qaAla,qwl,V,S,2MS,lemma+root
qul,67:29:1,qulo,قُلْ,qaAla,qwl,V,S,2MS,lemma+root
qul,67:30:1,qulo,قُلْ,qaAla,qwl,V,S,2MS,lemma+root
qul,68:15:5,qaAla,قَالَ,qaAla,qwl,V,S,3MS,lemma+root
qul,68:26:3,qaAlu,قَالُ,qaAla,qwl,V,P,3MP,lemma+root
qul,68:28:1,qaAla,قَالَ,qaAla,qwl,V,S,3MS,lemma+root
qul,68:28:4,>aqul,أَقُل,qaAla,qwl,V,S,1S,lemma+root
qul,68:29:1,qaAlu,قَالُ,qaAla,qwl,V,P,3MP,lemma+root
qul,68:31:1,qaAlu,قَالُ,qaAla,qwl,V,P,3MP,lemma+root
qul,68:51:10,yaquwlu,يَقُولُ,qaAla,qwl,V,P,3MP,lemma+root
qul,69:19:6,yaquwlu,يَقُولُ,qaAla,qwl,V,S,3MS,lemma+root
qul,69:25:6,yaquwlu,يَقُولُ,qaAla,qwl,V,S,3MS,lemma+root
qul,69:40:2,qawolu,قَوْلُ,qawol,qwl,N,,,root
qul,69:41:3,qawoli,قَوْلِ,qawol,qwl,N,,,root
qul,69:42:2,qawoli,قَوْلِ,qawol,qwl,N,,,root
qul,69:44:2,taqaw~ala,تَقَوَّلَ,taqaw~ala,qwl,V,S,3MS,root
qul,69:44:5,>aqaAwiyli,أَقَاوِيلِ,>aqaAwiyl,qwl,N,,,root
qul,71:2:1,qaAla,قَالَ,qaAla,qwl,V,S,3MS,lemma+root
qul,71:5:1,qaAla,قَالَ,qaAla,qwl,V,S,3MS,lemma+root
qul,71:10:1,qulo,قُلْ,qaAla,qwl,V,S,1S,lemma+root
qul,71:21:1,qaAla,قَالَ,qaAla,qwl,V,S,3MS,lemma+root
qul,71:23:1,qaAlu,قَالُ,qaAla,qwl,V,P,3MP,lemma+root
qul,71:26:1,qaAla,قَالَ,qaAla,qwl,V,S,3MS,lemma+root
qul,72:1:1,qulo,قُلْ,qaAla,qwl,V,S,2MS,lemma+root
qul,72:1:9,qaAlu,قَالُ,qaAla,qwl,V,P,3MP,lemma+root
qul,72:4:3,yaquwlu,يَقُولُ,qaAla,qwl,V,S,3MS,lemma+root
qul,72:5:5,taquwla,تَقُولَ,qaAla,qwl,V,S,3FS,lemma+root
qul,72:20:1,qulo,قُلْ,qaAla,qwl,V,S,2MS,lemma+root
qul,72:21:1,qulo,قُلْ,qaAla,qwl,V,S,2MS,lemma+root
qul,72:22:1,qulo,قُلْ,qaAla,qwl,V,S,2MS,lemma+root
qul,72:25:1,qulo,قُلْ,qaAla,qwl,V,S,2MS,lemma+root
qul,73:5:4,qawolFA,قَوْلًا,qawol,qwl,N,,,root
qul,73:6:8,qiylFA,قِيلًا,qiyl,qwl,N,,,root
qul,73:10:4,yaquwlu,يَقُولُ,qaAla,qwl,V,P,3MP,lemma+root
qul,74:24:1,qaAla,قَالَ,qaAla,qwl,V,S,3MS,lemma+root
qul,74:25:4,qawolu,قَوْلُ,qawol,qwl,N,,,root
qul,74:31:28,yaquwla,يَقُولَ,qaAla,qwl,V,S,3MS,lemma+root
qul,74:43:1,qaAlu,قَالُ,qaAla,qwl,V,P,3MP,lemma+root
qul,75:10:1,yaquwlu,يَقُولُ,qaAla,qwl,V,S,3MS,lemma+root
qul,75:27:1,qiyla,قِيلَ,qaAla,qwl,V,S,3MS,lemma+root
qul,77:48:2,qiyla,قِيلَ,qaAla,qwl,V,S,3MS,lemma+root
qul,78:38:13,qaAla,قَالَ,qaAla,qwl,V,S,3MS,lemma+root
qul,78:40:11,yaquwlu,يَقُولُ,qaAla,qwl,V,S,3MS,lemma+root
qul,79:10:1,yaquwlu,يَقُولُ,qaAla,qwl,V,P,3MP,lemma+root
qul,79:12:1,qaAlu,قَالُ,qaAla,qwl,V,P,3MP,lemma+root
qul,79:18:1,qulo,قُلْ,qaAla,qwl,V,S,2MS,lemma+root
qul,79:24:1,qaAla,قَالَ,qaAla,qwl,V,S,3MS,lemma+root
qul,81:19:2,qawolu,قَوْلُ,qawol,qwl,N,,,root
qul,81:25:3,qawoli,قَوْلِ,qawol,qwl,N,,,root
qul,83:13:5,qaAla,قَالَ,qaAla,qwl,V,S,3MS,lemma+root
qul,83:17:2,yuqaAlu,يُقَالُ,qaAla,qwl,V,S,3MS,lemma+root
qul,83:32:3,qaAlu,قَالُ,qaAla,qwl,V,P,3MP,lemma+root
qul,86:13:2,qawolN,قَوْلٌ,qawol,qwl,N,,,root
qul,89:15:9,yaquwlu,يَقُولُ,qaAla,qwl,V,S,3MS,lemma+root
qul,89:16:8,yaquwlu,يَقُولُ,qaAla,qwl,V,S,3MS,lemma+root
qul,89:24:1,yaquwlu,يَقُولُ,qaAla,qwl,V,S,3MS,lemma+root
qul,90:6:1,yaquwlu,يَقُولُ,qaAla,qwl,V,S,3MS,lemma+root
qul,91:13:1,qaAla,قَالَ,qaAla,qwl,V,S,3MS,lemma+root
qul,99:3:1,qaAla,قَالَ,qaAla,qwl,V,S,3MS,lemma+root
qul,109:1:1,qulo,قُلْ,qaAla,qwl,V,S,2MS,lemma+root
qul,112:1:1,qulo,قُلْ,qaAla,qwl,V,S,2MS,lemma+root
qul,113:1:1,qulo,قُلْ,qaAla,qwl,V,S,2MS,lemma+root
qul,114:1:1,qulo,قُلْ,qaAla,qwl,V,S,2MS,lemma+root
qalu,2:8:4,yaquwlu,يَقُولُ,qaAla,qwl,V,S,3MS,lemma+root
qalu,2:11:2,qiyla,قِيلَ,qaAla,qwl,V,S,3MS,lemma+root
qalu,2:11:8,qaAlu,قَالُ,qaAla,qwl,V,P,3MP,lemma+root
qalu,2:13:2,qiyla,قِيلَ,qaAla,qwl,V,S,3MS,lemma+root
qalu,2:13:8,qaAlu,قَالُ,qaAla,qwl,V,P,3MP,lemma+root
qalu,2:14:5,qaAlu,قَالُ,qaAla,qwl,V,P,3MP,lemma+root
qalu,2:14:11,qaAlu,قَالُ,qaAla,qwl,V,P,3MP,lemma+root
qalu,2:25:19,qaAlu,قَالُ,qaAla,qwl,V,P,3MP,lemma+root
qalu,2:26:23,yaquwlu,يَقُولُ,qaAla,qwl,V,P,3MP,lemma+root
qalu,2:30:2,qaAla,قَالَ,qaAla,qwl,V,S,3MS,lemma+root
qalu,2:30:10,qaAlu,قَالُ,qaAla,qwl,V,P,3MP,lemma+root
qalu,2:30:23,qaAla,قَالَ,qaAla,qwl,V,S,3MS,lemma+root
qalu,2:31:9,qaAla,قَالَ,qaAla,qwl,V,S,3MS,lemma+root
qalu,2:32:1,qaAlu,قَالُ,qaAla,qwl,V,P,3MP,lemma+root
qalu,2:33:1,qaAla,قَالَ,qaAla,qwl,V,S,3MS,lemma+root
qalu,2:33:8,qaAla,قَالَ,qaAla,qwl,V,S,3MS,lemma+root
qalu,2:33:10,>aqul,أَقُل,qaAla,qwl,V,S,1S,lemma+root
qalu,2:34:2,qulo,قُلْ,qaAla,qwl,V,P,1P,lemma+root
qalu,2:35:1,qulo,قُلْ,qaAla,qwl,V,P,1P,lemma+root
qalu,2:36:8,qulo,قُلْ,qaAla,qwl,V,P,1P,lemma+root
qalu,2:38:1,qulo,قُلْ,qaAla,qwl,V,P,1P,lemma+root
qalu,2:54:2,qaAla,قَالَ,qaAla,qwl,V,S,3MS,lemma+root
qalu,2:55:2,qulo,قُلْ,qaAla,qwl,V,P,2MP,lemma+root
qalu,2:58:2,qulo,قُلْ,qaAla,qwl,V,P,1P,lemma+root
qalu,2:58:14,quwlu,قُولُ,qaAla,qwl,V,P,2MP,lemma+root
qalu,2:59:4,qawolFA,قَوْلًا,qawol,qwl,N,,,root
qalu,2:59:7,qiyla,قِيلَ,qaAla,qwl,V,S,3MS,lemma+root
qalu,2:60:5,qulo,قُلْ,qaAla,qwl,V,P,1P,lemma+root
qalu,2:61:2,qulo,قُلْ,qaAla,qwl,V,P,2MP,lemma+root
qalu,2:61:23,qaAla,قَالَ,qaAla,qwl,V,S,3MS,lemma+root
qalu,2:65:8,qulo,قُلْ,qaAla,qwl,V,P,1P,lemma+root
qalu,2:67:2,qaAla,قَالَ,qaAla,qwl,V,S,3MS,lemma+root
qalu,2:67:11,qaAlu,قَالُ,qaAla,qwl,V,P,3MP,lemma+root
qalu,2:67:14,qaAla,قَالَ,qaAla,qwl,V,S,3MS,lemma+root
qalu,2:68:1,qaAlu,قَالُ,qaAla,qwl,V,P,3MP,lemma+root
qalu,2:68:9,qaAla,قَالَ,qaAla,qwl,V,S,3MS,lemma+root
qalu,2:68:11,yaquwlu,يَقُولُ,qaAla,qwl,V,S,3MS,lemma+root
qalu,2:69:1,qaAlu,قَالُ,qaAla,qwl,V,P,3MP,lemma+root
qalu,2:69:9,qaAla,قَالَ,qaAla,qwl,V,S,3MS,lemma+root
qalu,2:69:11,yaquwlu,يَقُولُ,qaAla,qwl,V,S,3MS,lemma+root
qalu,2:70:1,qaAlu,قَالُ,qaAla,qwl,V,P,3MP,lemma+root
qalu,2:71:1,qaAla,قَالَ,qaAla,qwl,V,S,3MS,lemma+root
qalu,2:71:3,yaquwlu,يَقُولُ,qaAla,qwl,V,S,3MS,lemma+root
qalu,2:71:17,qaAlu,قَالُ,qaAla,qwl,V,P,3MP,lemma+root
qalu,2:73:1,qulo,قُلْ,qaAla,qwl,V,P,1P,lemma+root
qalu,2:76:5,qaAlu,قَالُ,qaAla,qwl,V,P,3MP,lemma+root
qalu,2:76:12,qaAlu,قَالُ,qaAla,qwl,V,P,3MP,lemma+root
qalu,2:79:7,yaquwlu,يَقُولُ,qaAla,qwl,V,P,3MP,lemma+root
qalu,2:80:1,qaAlu,قَالُ,qaAla,qwl,V,P,3MP,lemma+root
qalu,2:80:8,qulo,قُلْ,qaAla,qwl,V,S,2MS,lemma+root
qalu,2:80:18,taquwlu,تَقُولُ,qaAla,qwl,V,P,2MP,lemma+root
qalu,2:83:16,quwlu,قُولُ,qaAla,qwl,V,P,2MP,lemma+root
qalu,2:88:1,qaAlu,قَالُ,qaAla,qwl,V,P,3MP,lemma+root
qalu,2:91:2,qiyla,قِيلَ,qaAla,qwl,V,S,3MS,lemma+root
qalu,2:91:8,qaAlu,قَالُ,qaAla,qwl,V,P,3MP,lemma+root
qalu,2:91:21,qulo,قُلْ,qaAla,qwl,V,S,2MS,lemma+root
qalu,2:93:12,qaAlu,قَالُ,qaAla,qwl,V,P,3MP,lemma+root
qalu,2:93:20,qulo,قُلْ,qaAla,qwl,V,S,2MS,lemma+root
qalu,2:94:1,qulo,قُلْ,qaAla,qwl,V,S,2MS,lemma+root
qalu,2:97:1,qulo,قُلْ,qaAla,qwl,V,S,2MS,lemma+root
qalu,2:102:29,yaquwla,يَقُولَ,qaAla,qwl,V,D,3MD,lemma+root
qalu,2:104:5,taquwlu,تَقُولُ,qaAla,qwl,V,P,2MP,lemma+root
qalu,2:104:7,quwlu,قُولُ,qaAla,qwl,V,P,2MP,lemma+root
qalu,2:111:1,qaAlu,قَالُ,qaAla,qwl,V,P,3MP,lemma+root
qalu,2:111:13,qulo,قُلْ,qaAla,qwl,V,S,2MS,lemma+root
qalu,2:113:1,qaAlati,قَالَتِ,qaAla,qwl,V,S,3FS,lemma+root
qalu,2:113:7,qaAlati,قَالَتِ,qaAla,qwl,V,S,3FS,lemma+root
qalu,2:113:17,qaAla,قَالَ,qaAla,qwl,V,S,3MS,lemma+root
qalu,2:113:22,qawoli,قَوْلِ,qawol,qwl,N,,,root
qalu,2:116:1,qaAlu,قَالُ,qaAla,qwl,V,P,3MP,lemma+root
qalu,2:117:8,yaquwlu,يَقُولُ,qaAla,qwl,V,S,3MS,lemma+root
qalu,2:118:1,qaAla,قَالَ,qaAla,qwl,V,S,3MS,lemma+root
qalu,2:118:12,qaAla,قَالَ,qaAla,qwl,V,S,3MS,lemma+root
qalu,2:118:17,qawoli,قَوْلِ,qawol,qwl,N,,,root
qalu,2:120:10,qulo,قُلْ,qaAla,qwl,V,S,2MS,lemma+root
qalu,2:124:7,qaAla,قَالَ,qaAla,qwl,V,S,3MS,lemma+root
qalu,2:124:12,qaAla,قَالَ,qaAla,qwl,V,S,3MS,lemma+root
qalu,2:124:15,qaAla,قَالَ,qaAla,qwl,V,S,3MS,lemma+root
qalu,2:126:2,qaAla,قَالَ,qaAla,qwl,V,S,3MS,lemma+root
qalu,2:126:19,qaAla,قَالَ,qaAla,qwl,V,S,3MS,lemma+root
qalu,2:131:2,qaAla,قَالَ,qaAla,qwl,V,S,3MS,lemma+root
qalu,2:131:6,qaAla,قَالَ,qaAla,qwl,V,S,3MS,lemma+root
qalu,2:133:9,qaAla,قَالَ,qaAla,qwl,V,S,3MS,lemma+root
qalu,2:133:15,qaAlu,قَالُ,qaAla,qwl,V,P,3MP,lemma+root
qalu,2:135:1,qaAlu,قَالُ,qaAla,qwl,V,P,3MP,lemma+root
qalu,2:135:7,qulo,قُلْ,qaAla,qwl,V,S,2MS,lemma+root
qalu,2:136:1,quwlu,قُولُ,qaAla,qwl,V,P,2MP,lemma+root
qalu,2:139:1,qulo,قُلْ,qaAla,qwl,V,S,2MS,lemma+root
qalu,2:140:2,taquwlu,تَقُولُ,qaAla,qwl,V,P,2MP,lemma+root
qalu,2:140:13,qulo,قُلْ,qaAla,qwl,V,S,2MS,lemma+root
qalu,2:142:1,yaquwlu,يَقُولُ,qaAla,qwl,V,S,3MS,lemma+root
qalu,2:142:12,qul,قُل,qaAla,qwl,V,S,2MS,lemma+root
qalu,2:154:2,taquwlu,تَقُولُ,qaAla,qwl,V,P,2MP,lemma+root
qalu,2:156:5,qaAlu,قَالُ,qaAla,qwl,V,P,3MP,lemma+root
qalu,2:167:1,qaAla,قَالَ,qaAla,qwl,V,S,3MS,lemma+root
qalu,2:169:6,taquwlu,تَقُولُ,qaAla,qwl,V,P,2MP,lemma+root
qalu,2:170:2,qiyla,قِيلَ,qaAla,qwl,V,S,3MS,lemma+root
qalu,2:170:8,qaAlu,قَالُ,qaAla,qwl,V,P,3MP,lemma+root
qalu,2:189:4,qulo,قُلْ,qaAla,qwl,V,S,2MS,lemma+root
qalu,2:200:14,yaquwlu,يَقُولُ,qaAla,qwl,V,S,3MS,lemma+root
qalu,2:201:3,yaquwlu,يَقُولُ,qaAla,qwl,V,S,3MS,lemma+root
qalu,2:204:5,qawolu,قَوْلُ,qawol,qwl,N,,,root
qalu,2:206:2,qiyla,قِيلَ,qaAla,qwl,V,S,3MS,lemma+root
qalu,2:214:18,yaquwla,يَقُولَ,qaAla,qwl,V,S,3MS,lemma+root
qalu,2:215:4,qulo,قُلْ,qaAla,qwl,V,S,2MS,lemma+root
qalu,2:217:7,qulo,قُلْ,qaAla,qwl,V,S,2MS,lemma+root
qalu,2:219:5,qulo,قُلْ,qaAla,qwl,V,S,2MS,lemma+root
qalu,2:219:18,quli,قُلِ,qaAla,qwl,V,S,2MS,lemma+root
qalu,2:220:7,qulo,قُلْ,qaAla,qwl,V,S,2MS,lemma+root
qalu,2:222:4,qulo,قُلْ,qaAla,qwl,V,S,2MS,lemma+root
qalu,2:235:24,taquwlu,تَقُولُ,qaAla,qwl,V,P,2MP,lemma+root
qalu,2:235:25,qawolFA,قَوْلًا,qawol,qwl,N,,,root
qalu,2:243:12,qaAla,قَالَ,qaAla,qwl,V,S,3MS,lemma+root
qalu,2:246:12,qaAlu,قَالُ,qaAla,qwl,V,P,3MP,lemma+root
qalu,2:246:22,qaAla,قَالَ,qaAla,qwl,V,S,3MS,lemma+root
qalu,2:246:31,qaAlu,قَالُ,qaAla,qwl,V,P,3MP,lemma+root
qalu,2:247:1,qaAla,قَالَ,qaAla,qwl,V,S,3MS,lemma+root
qalu,2:247:11,qaAlu,قَالُ,qaAla,qwl,V,P,3MP,lemma+root
qalu,2:247:26,qaAla,قَالَ,qaAla,qwl,V,S,3MS,lemma+root
qalu,2:248:1,qaAla,قَالَ,qaAla,qwl,V,S,3MS,lemma+root
qalu,2:249:5,qaAla,قَالَ,qaAla,qwl,V,S,3MS,lemma+root
qalu,2:249:36,qaAlu,قَالُ,qaAla,qwl,V,P,3MP,lemma+root
qalu,2:249:43,qaAla,قَالَ,qaAla,qwl,V,S,3MS,lemma+root
qalu,2:250:5,qaAlu,قَالُ,qaAla,qwl,V,P,3MP,lemma+root
qalu,2:258:14,qaAla,قَالَ,qaAla,qwl,V,S,3MS,lemma+root
qalu,2:258:20,qaAla,قَالَ,qaAla,qwl,V,S,3MS,lemma+root
qalu,2:258:24,qaAla,قَالَ,qaAla,qwl,V,S,3MS,lemma+root
qalu,2:259:10,qaAla,قَالَ,qaAla,qwl,V,S,3MS,lemma+root
qalu,2:259:23,qaAla,قَالَ,qaAla,qwl,V,S,3MS,lemma+root
qalu,2:259:26,qaAla,قَالَ,qaAla,qwl,V,S,3MS,lemma+root
qalu,2:259:32,qaAla,قَالَ,qaAla,qwl,V,S,3MS,lemma+root
qalu,2:259:60,qaAla,قَالَ,qaAla,qwl,V,S,3MS,lemma+root
qalu,2:260:2,qaAla,قَالَ,qaAla,qwl,V,S,3MS,lemma+root
qalu,2:260:9,qaAla,قَالَ,qaAla,qwl,V,S,3MS,lemma+root
qalu,2:260:12,qaAla,قَالَ,qaAla,qwl,V,S,3MS,lemma+root
qalu,2:260:17,qaAla,قَالَ,qaAla,qwl,V,S,3MS,lemma+root
qalu,2:263:1,qawolN,قَوْلٌ,qawol,qwl,N,,,root
qalu,2:275:16,qaAlu,قَالُ,qaAla,qwl,V,P,3MP,lemma+root
qalu,2:285:21,qaAlu,قَالُ,qaAla,qwl,V,P,3MP,lemma+root
qalu,3:7:35,yaquwlu,يَقُولُ,qaAla,qwl,V,P,3MP,lemma+root
qalu,3:12:1,qul,قُل,qaAla,qwl,V,S,2MS,lemma+root
qalu,3:15:1,qulo,قُلْ,qaAla,qwl,V,S,2MS,lemma+root
qalu,3:16:2,yaquwlu,يَقُولُ,qaAla,qwl,V,P,3MP,lemma+root
qalu,3:20:3,qulo,قُلْ,qaAla,qwl,V,S,2MS,lemma+root
qalu,3:20:9,qul,قُل,qaAla,qwl,V,S,2MS,lemma+root
qalu,3:24:3,qaAlu,قَالُ,qaAla,qwl,V,P,3MP,lemma+root
qalu,3:26:1,quli,قُلِ,qaAla,qwl,V,S,2MS,lemma+root
qalu,3:29:1,qulo,قُلْ,qaAla,qwl,V,S,2MS,lemma+root
qalu,3:31:1,qulo,قُلْ,qaAla,qwl,V,S,2MS,lemma+root
qalu,3:32:1,qulo,قُلْ,qaAla,qwl,V,S,2MS,lemma+root
qalu,3:35:2,qaAlati,قَالَتِ,qaAla,qwl,V,S,3FS,lemma+root
qalu,3:36:3,qaAlato,قَالَتْ,qaAla,qwl,V,S,3FS,lemma+root
qalu,3:37:18,qaAla,قَالَ,qaAla,qwl,V,S,3MS,lemma+root
qalu,3:37:23,qaAlato,قَالَتْ,qaAla,qwl,V,S,3FS,lemma+root
qalu,3:38:5,qaAla,قَالَ,qaAla,qwl,V,S,3MS,lemma+root
qalu,3:40:1,qaAla,قَالَ,qaAla,qwl,V,S,3MS,lemma+root
qalu,3:40:12,qaAla,قَالَ,qaAla,qwl,V,S,3MS,lemma+root
qalu,3:41:1,qaAla,قَالَ,qaAla,qwl,V,S,3MS,lemma+root
qalu,3:41:6,qaAla,قَالَ,qaAla,qwl,V,S,3MS,lemma+root
qalu,3:42:2,qaAlati,قَالَتِ,qaAla,qwl,V,S,3FS,lemma+root
qalu,3:45:2,qaAlati,قَالَتِ,qaAla,qwl,V,S,3FS,lemma+root
qalu,3:47:1,qaAlato,قَالَتْ,qaAla,qwl,V,S,3FS,lemma+root
qalu,3:47:10,qaAla,قَالَ,qaAla,qwl,V,S,3MS,lemma+root
qalu,3:47:20,yaquwlu,يَقُولُ,qaAla,qwl,V,S,3MS,lemma+root
qalu,3:52:6,qaAla,قَالَ,qaAla,qwl,V,S,3MS,lemma+root
qalu,3:52:11,qaAla,قَالَ,qaAla,qwl,V,S,3MS,lemma+root
qalu,3:55:2,qaAla,قَالَ,qaAla,qwl,V,S,3MS,lemma+root
qalu,3:59:12,qaAla,قَالَ,qaAla,qwl,V,S,3MS,lemma+root
qalu,3:61:10,qulo,قُلْ,qaAla,qwl,V,S,2MS,lemma+root
qalu,3:64:1,qulo,قُلْ,qaAla,qwl,V,S,2MS,lemma+root
qalu,3:64:28,quwlu,قُولُ,qaAla,qwl,V,P,2MP,lemma+root
qalu,3:72:1,qaAlat,قَالَت,qaAla,qwl,V,S,3FS,lemma+root
qalu,3:73:7,qulo,قُلْ,qaAla,qwl,V,S,2MS,lemma+root
qalu,3:73:22,qulo,قُلْ,qaAla,qwl,V,S,2MS,lemma+root
qalu,3:75:25,qaAlu,قَالُ,qaAla,qwl,V,P,3MP,lemma+root
qalu,3:75:31,yaquwlu,يَقُولُ,qaAla,qwl,V,P,3MP,lemma+root
qalu,3:78:14,yaquwlu,يَقُولُ,qaAla,qwl,V,P,3MP,lemma+root
qalu,3:78:24,yaquwlu,يَقُولُ,qaAla,qwl,V,P,3MP,lemma+root
qalu,3:79:11,yaquwla,يَقُولَ,qaAla,qwl,V,S,3MS,lemma+root
qalu,3:81:20,qaAla,قَالَ,qaAla,qwl,V,S,3MS,lemma+root
qalu,3:81:26,qaAlu,قَالُ,qaAla,qwl,V,P,3MP,lemma+root
qalu,3:81:28,qaAla,قَالَ,qaAla,qwl,V,S,3MS,lemma+root
qalu,3:84:1,qulo,قُلْ,qaAla,qwl,V,S,2MS,lemma+root
qalu,3:93:18,qulo,قُلْ,qaAla,qwl,V,S,2MS,lemma+root
qalu,3:95:1,qulo,قُلْ,qaAla,qwl,V,S,2MS,lemma+root
qalu,3:98:1,qulo,قُلْ,qaAla,qwl,V,S,2MS,lemma+root
qalu,3:99:1,qulo,قُلْ,qaAla,qwl,V,S,2MS,lemma+root
qalu,3:119:11,qaAlu,قَالُ,qaAla,qwl,V,P,3MP,lemma+root
qalu,3:119:20,qulo,قُلْ,qaAla,qwl,V,S,2MS,lemma+root
qalu,3:124:2,taquwlu,تَقُولُ,qaAla,qwl,V,S,2MS,lemma+root
qalu,3:147:3,qawola,قَوْلَ,qawol,qwl,N,,,root
qalu,3:147:6,qaAlu,قَالُ,qaAla,qwl,V,P,3MP,lemma+root
qalu,3:154:22,yaquwlu,يَقُولُ,qaAla,qwl,V,P,3MP,lemma+root
qalu,3:154:29,qulo,قُلْ,qaAla,qwl,V,S,2MS,lemma+root
qalu,3:154:41,yaquwlu,يَقُولُ,qaAla,qwl,V,P,3MP,lemma+root
qalu,3:154:51,qul,قُل,qaAla,qwl,V,S,2MS,lemma+root
qalu,3:156:8,qaAlu,قَالُ,qaAla,qwl,V,P,3MP,lemma+root
qalu,3:165:7,qulo,قُلْ,qaAla,qwl,V,P,2MP,lemma+root
qalu,3:165:10,qulo,قُلْ,qaAla,qwl,V,S,2MS,lemma+root
qalu,3:167:4,qiyla,قِيلَ,qaAla,qwl,V,S,3MS,lemma+root
qalu,3:167:13,qaAlu,قَالُ,qaAla,qwl,V,P,3MP,lemma+root
qalu,3:167:24,yaquwlu,يَقُولُ,qaAla,qwl,V,P,3MP,lemma+root
qalu,3:168:2,qaAlu,قَالُ,qaAla,qwl,V,P,3MP,lemma+root
qalu,3:168:9,qulo,قُلْ,qaAla,qwl,V,S,2MS,lemma+root
qalu,3:173:2,qaAla,قَالَ,qaAla,qwl,V,S,3MS,lemma+root
qalu,3:173:13,qaAlu,قَالُ,qaAla,qwl,V,P,3MP,lemma+root
qalu,3:181:4,qawola,قَوْلَ,qawol,qwl,N,,,root
qalu,3:181:6,qaAlu,قَالُ,qaAla,qwl,V,P,3MP,lemma+root
qalu,3:181:14,qaAlu,قَالُ,qaAla,qwl,V,P,3MP,lemma+root
qalu,3:181:19,naquwlu,نَقُولُ,qaAla,qwl,V,P,1P,lemma+root
qalu,3:183:2,qaAlu,قَالُ,qaAla,qwl,V,P,3MP,lemma+root
qalu,3:183:15,qulo,قُلْ,qaAla,qwl,V,S,2MS,lemma+root
qalu,3:183:23,qulo,قُلْ,qaAla,qwl,V,P,2MP,lemma+root
qalu,4:5:13,quwlu,قُولُ,qaAla,qwl,V,P,2MP,lemma+root
qalu,4:5:15,qawolFA,قَوْلًا,qawol,qwl,N,,,root
qalu,4:8:10,quwlu,قُولُ,qaAla,qwl,V,P,2MP,lemma+root
qalu,4:8:12,qawolFA,قَوْلًا,qawol,qwl,N,,,root
qalu,4:9:13,yaquwlu,يَقُولُ,qaAla,qwl,V,P,3MP,lemma+root
qalu,4:9:14,qawolFA,قَوْلًا,qawol,qwl,N,,,root
qalu,4:18:11,qaAla,قَالَ,qaAla,qwl,V,S,3MS,lemma+root
qalu,4:43:12,taquwlu,تَقُولُ,qaAla,qwl,V,P,2MP,lemma+root
qalu,4:46:8,yaquwlu,يَقُولُ,qaAla,qwl,V,P,3MP,lemma+root
qalu,4:46:22,qaAlu,قَالُ,qaAla,qwl,V,P,3MP,lemma+root
qalu,4:51:12,yaquwlu,يَقُولُ,qaAla,qwl,V,P,3MP,lemma+root
qalu,4:61:2,qiyla,قِيلَ,qaAla,qwl,V,S,3MS,lemma+root
qalu,4:63:11,qul,قُل,qaAla,qwl,V,S,2MS,lemma+root
qalu,4:63:15,qawolF[A,قَوْلًۢا,qawol,qwl,N,,,root
qalu,4:72:8,qaAla,قَالَ,qaAla,qwl,V,S,3MS,lemma+root
qalu,4:73:6,yaquwla,يَقُولَ,qaAla,qwl,V,S,3MS,lemma+root
qalu,4:75:14,yaquwlu,يَقُولُ,qaAla,qwl,V,P,3MP,lemma+root
qalu,4:77:5,qiyla,قِيلَ,qaAla,qwl,V,S,3MS,lemma+root
qalu,4:77:27,qaAlu,قَالُ,qaAla,qwl,V,P,3MP,lemma+root
qalu,4:77:38,qulo,قُلْ,qaAla,qwl,V,S,2MS,lemma+root
qalu,4:78:13,yaquwlu,يَقُولُ,qaAla,qwl,V,P,3MP,lemma+root
qalu,4:78:21,yaquwlu,يَقُولُ,qaAla,qwl,V,P,3MP,lemma+root
qalu,4:78:25,qulo,قُلْ,qaAla,qwl,V,S,2MS,lemma+root
qalu,4:81:1,yaquwlu,يَقُولُ,qaAla,qwl,V,P,3MP,lemma+root
qalu,4:81:12,taquwlu,تَقُولُ,qaAla,qwl,V,S,2MS,lemma+root
qalu,4:94:11,taquwlu,تَقُولُ,qaAla,qwl,V,P,2MP,lemma+root
qalu,4:97:7,qaAlu,قَالُ,qaAla,qwl,V,P,3MP,lemma+root
qalu,4:97:10,qaAlu,قَالُ,qaAla,qwl,V,P,3MP,lemma+root
qalu,4:97:15,qaAlu,قَالُ,qaAla,qwl,V,P,3MP,lemma+root
qalu,4:108:16,qawoli,قَوْلِ,qawol,qwl,N,,,root
qalu,4:118:3,qaAla,قَالَ,qaAla,qwl,V,S,3MS,lemma+root
qalu,4:122:21,qiylFA,قِيلًا,qiyl,qwl,N,,,root
qalu,4:127:4,quli,قُلِ,qaAla,qwl,V,S,2MS,lemma+root
qalu,4:141:10,qaAlu,قَالُ,qaAla,qwl,V,P,3MP,lemma+root
qalu,4:141:18,qaAlu,قَالُ,qaAla,qwl,V,P,3MP,lemma+root
qalu,4:148:7,qawoli,قَوْلِ,qawol,qwl,N,,,root
qalu,4:150:12,yaquwlu,يَقُولُ,qaAla,qwl,V,P,3MP,lemma+root
qalu,4:153:16,qaAlu,قَالُ,qaAla,qwl,V,P,3MP,lemma+root
qalu,4:154:5,qulo,قُلْ,qaAla,qwl,V,P,1P,lemma+root
qalu,4:154:10,qulo,قُلْ,qaAla,qwl,V,P,1P,lemma+root
qalu,4:155:11,qawoli,قَوْلِ,qawol,qwl,N,,,root
qalu,4:156:2,qawoli,قَوْلِ,qawol,qwl,N,,,root
qalu,4:157:1,qawoli,قَوْلِ,qawol,qwl,N,,,root
qalu,4:171:8,taquwlu,تَقُولُ,qaAla,qwl,V,P,2MP,lemma+root
qalu,4:171:30,taquwlu,تَقُولُ,qaAla,qwl,V,P,2MP,lemma+root
qalu,4:176:2,quli,قُلِ,qaAla,qwl,V,S,2MS,lemma+root
qalu,5:4:5,qulo,قُلْ,qaAla,qwl,V,S,2MS,lemma+root
qalu,5:7:10,qulo,قُلْ,qaAla,qwl,V,P,2MP,lemma+root
qalu,5:12:12,qaAla,قَالَ,qaAla,qwl,V,S,3MS,lemma+root
qalu,5:14:3,qaAlu,قَالُ,qaAla,qwl,V,P,3MP,lemma+root
qalu,5:17:4,qaAlu,قَالُ,qaAla,qwl,V,P,3MP,lemma+root
qalu,5:17:11,qulo,قُلْ,qaAla,qwl,V,S,2MS,lemma+root
qalu,5:18:1,qaAlati,قَالَتِ,qaAla,qwl,V,S,3FS,lemma+root
qalu,5:18:8,qulo,قُلْ,qaAla,qwl,V,S,2MS,lemma+root
qalu,5:19:13,taquwlu,تَقُولُ,qaAla,qwl,V,P,2MP,lemma+root
qalu,5:20:2,qaAla,قَالَ,qaAla,qwl,V,S,3MS,lemma+root
qalu,5:22:1,qaAlu,قَالُ,qaAla,qwl,V,P,3MP,lemma+root
qalu,5:23:1,qaAla,قَالَ,qaAla,qwl,V,S,3MS,lemma+root
qalu,5:24:1,qaAlu,قَالُ,qaAla,qwl,V,P,3MP,lemma+root
qalu,5:25:1,qaAla,قَالَ,qaAla,qwl,V,S,3MS,lemma+root
qalu,5:26:1,qaAla,قَالَ,qaAla,qwl,V,S,3MS,lemma+root
qalu,5:27:17,qaAla,قَالَ,qaAla,qwl,V,S,3MS,lemma+root
qalu,5:27:19,qaAla,قَالَ,qaAla,qwl,V,S,3MS,lemma+root
qalu,5:31:12,qaAla,قَالَ,qaAla,qwl,V,S,3MS,lemma+root
qalu,5:41:11,qaAlu,قَالُ,qaAla,qwl,V,P,3MP,lemma+root
qalu,5:41:32,yaquwlu,يَقُولُ,qaAla,qwl,V,P,3MP,lemma+root
qalu,5:52:8,yaquwlu,يَقُولُ,qaAla,qwl,V,P,3MP,lemma+root
qalu,5:53:1,yaquwlu,يَقُولُ,qaAla,qwl,V,S,3MS,lemma+root
qalu,5:59:1,qulo,قُلْ,qaAla,qwl,V,S,2MS,lemma+root
qalu,5:60:1,qulo,قُلْ,qaAla,qwl,V,S,2MS,lemma+root
qalu,5:61:3,qaAlu,قَالُ,qaAla,qwl,V,P,3MP,lemma+root
qalu,5:63:6,qawoli,قَوْلِ,qawol,qwl,N,,,root
qalu,5:64:1,qaAlati,قَالَتِ,qaAla,qwl,V,S,3FS,lemma+root
qalu,5:64:10,qaAlu,قَالُ,qaAla,qwl,V,P,3MP,lemma+root
qalu,5:68:1,qulo,قُلْ,qaAla,qwl,V,S,2MS,lemma+root
qalu,5:72:4,qaAlu,قَالُ,qaAla,qwl,V,P,3MP,lemma+root
qalu,5:72:11,qaAla,قَالَ,qaAla,qwl,V,S,3MS,lemma+root
qalu,5:73:4,qaAlu,قَالُ,qaAla,qwl,V,P,3MP,lemma+root
qalu,5:73:19,yaquwlu,يَقُولُ,qaAla,qwl,V,P,3MP,lemma+root
qalu,5:76:1,qulo,قُلْ,qaAla,qwl,V,S,2MS,lemma+root
qalu,5:77:1,qulo,قُلْ,qaAla,qwl,V,S,2MS,lemma+root
qalu,5:82:16,qaAlu,قَالُ,qaAla,qwl,V,P,3MP,lemma+root
qalu,5:83:16,yaquwlu,يَقُولُ,qaAla,qwl,V,P,3MP,lemma+root
qalu,5:85:4,qaAlu,قَالُ,qaAla,qwl,V,P,3MP,lemma+root
qalu,5:100:1,qul,قُل,qaAla,qwl,V,S,2MS,lemma+root
qalu,5:104:2,qiyla,قِيلَ,qaAla,qwl,V,S,3MS,lemma+root
qalu,5:104:11,qaAlu,قَالُ,qaAla,qwl,V,P,3MP,lemma+root
qalu,5:109:5,yaquwlu,يَقُولُ,qaAla,qwl,V,S,3MS,lemma+root
qalu,5:109:8,qaAlu,قَالُ,qaAla,qwl,V,P,3MP,lemma+root
qalu,5:110:2,qaAla,قَالَ,qaAla,qwl,V,S,3MS,lemma+root
qalu,5:110:55,qaAla,قَالَ,qaAla,qwl,V,S,3MS,lemma+root
qalu,5:111:9,qaAlu,قَالُ,qaAla,qwl,V,P,3MP,lemma+root
qalu,5:112:2,qaAla,قَالَ,qaAla,qwl,V,S,3MS,lemma+root
qalu,5:112:16,qaAla,قَالَ,qaAla,qwl,V,S,3MS,lemma+root
qalu,5:113:1,qaAlu,قَالُ,qaAla,qwl,V,P,3MP,lemma+root
qalu,5:114:1,qaAla,قَالَ,qaAla,qwl,V,S,3MS,lemma+root
qalu,5:115:1,qaAla,قَالَ,qaAla,qwl,V,S,3MS,lemma+root
qalu,5:116:2,qaAla,قَالَ,qaAla,qwl,V,S,3MS,lemma+root
qalu,5:116:8,qulo,قُلْ,qaAla,qwl,V,S,2MS,lemma+root
qalu,5:116:16,qaAla,قَالَ,qaAla,qwl,V,S,3MS,lemma+root
qalu,5:116:22,>aquwla,أَقُولَ,qaAla,qwl,V,S,1S,lemma+root
qalu,5:116:29,qulo,قُلْ,qaAla,qwl,V,S,1S,lemma+root
qalu,5:117:2,qulo,قُلْ,qaAla,qwl,V,S,1S,lemma+root
qalu,5:119:1,qaAla,قَالَ,qaAla,qwl,V,S,3MS,lemma+root
qalu,6:7:9,qaAla,قَالَ,qaAla,qwl,V,S,3MS,lemma+root
qalu,6:8:1,qaAlu,قَالُ,qaAla,qwl,V,P,3MP,lemma+root
qalu,6:11:1,qulo,قُلْ,qaAla,qwl,V,S,2MS,lemma+root
qalu,6:12:1,qul,قُل,qaAla,qwl,V,S,2MS,lemma+root
qalu,6:12:7,qul,قُل,qaAla,qwl,V,S,2MS,lemma+root
qalu,6:14:1,qulo,قُلْ,qaAla,qwl,V,S,2MS,lemma+root
qalu,6:14:13,qulo,قُلْ,qaAla,qwl,V,S,2MS,lemma+root
qalu,6:15:1,qulo,قُلْ,qaAla,qwl,V,S,2MS,lemma+root
qalu,6:19:1,qulo,قُلْ,qaAla,qwl,V,S,2MS,lemma+root
qalu,6:19:6,quli,قُلِ,qaAla,qwl,V,S,2MS,lemma+root
qalu,6:19:26,qul,قُل,qaAla,qwl,V,S,2MS,lemma+root
qalu,6:19:29,qulo,قُلْ,qaAla,qwl,V,S,2MS,lemma+root
qalu,6:22:5,naquwlu,نَقُولُ,qaAla,qwl,V,P,1P,lemma+root
qalu,6:23:7,qaAlu,قَالُ,qaAla,qwl,V,P,3MP,lemma+root
qalu,6:25:25,yaquwlu,يَقُولُ,qaAla,qwl,V,S,3MS,lemma+root
qalu,6:27:7,qaAlu,قَالُ,qaAla,qwl,V,P,3MP,lemma+root
qalu,6:29:1,qaAlu,قَالُ,qaAla,qwl,V,P,3MP,lemma+root
qalu,6:30:7,qaAla,قَالَ,qaAla,qwl,V,S,3MS,lemma+root
qalu,6:30:11,qaAlu,قَالُ,qaAla,qwl,V,P,3MP,lemma+root
qalu,6:30:14,qaAla,قَالَ,qaAla,qwl,V,S,3MS,lemma+root
qalu,6:31:12,qaAlu,قَالُ,qaAla,qwl,V,P,3MP,lemma+root
qalu,6:33:6,yaquwlu,يَقُولُ,qaAla,qwl,V,P,3MP,lemma+root
qalu,6:37:1,qaAlu,قَالُ,qaAla,qwl,V,P,3MP,lemma+root
qalu,6:37:8,qulo,قُلْ,qaAla,qwl,V,S,2MS,lemma+root
qalu,6:40:1,qulo,قُلْ,qaAla,qwl,V,S,2MS,lemma+root
qalu,6:46:1,qulo,قُلْ,qaAla,qwl,V,S,2MS,lemma+root
qalu,6:47:1,qulo,قُلْ,qaAla,qwl,V,S,2MS,lemma+root
qalu,6:50:1,qul,قُل,qaAla,qwl,V,S,2MS,lemma+root
qalu,6:50:3,>aquwlu,أَقُولُ,qaAla,qwl,V,S,1S,lemma+root
qalu,6:50:12,>aquwlu,أَقُولُ,qaAla,qwl,V,S,1S,lemma+root
qalu,6:50:22,qulo,قُلْ,qaAla,qwl,V,S,2MS,lemma+root
qalu,6:53:5,yaquwlu,يَقُولُ,qaAla,qwl,V,P,3MP,lemma+root
qalu,6:54:6,qulo,قُلْ,qaAla,qwl,V,S,2MS,lemma+root
qalu,6:56:1,qulo,قُلْ,qaAla,qwl,V,S,2MS,lemma+root
qalu,6:56:11,qul,قُل,qaAla,qwl,V,S,2MS,lemma+root
qalu,6:57:1,qulo,قُلْ,qaAla,qwl,V,S,2MS,lemma+root
qalu,6:58:1,qul,قُل,qaAla,qwl,V,S,2MS,lemma+root
qalu,6:63:1,qulo,قُلْ,qaAla,qwl,V,S,2MS,lemma+root
qalu,6:64:1,quli,قُلِ,qaAla,qwl,V,S,2MS,lemma+root
qalu,6:65:1,qulo,قُلْ,qaAla,qwl,V,S,2MS,lemma+root
qalu,6:66:6,qul,قُل,qaAla,qwl,V,S,2MS,lemma+root
qalu,6:71:1,qulo,قُلْ,qaAla,qwl,V,S,2MS,lemma+root
qalu,6:71:30,qulo,قُلْ,qaAla,qwl,V,S,2MS,lemma+root
qalu,6:73:8,yaquwlu,يَقُولُ,qaAla,qwl,V,S,3MS,lemma+root
qalu,6:73:11,qawolu,قَوْلُ,qawol,qwl,N,,,root
qalu,6:74:2,qaAla,قَالَ,qaAla,qwl,V,S,3MS,lemma+root
qalu,6:76:7,qaAla,قَالَ,qaAla,qwl,V,S,3MS,lemma+root
qalu,6:76:12,qaAla,قَالَ,qaAla,qwl,V,S,3MS,lemma+root
qalu,6:77:5,qaAla,قَالَ,qaAla,qwl,V,S,3MS,lemma+root
qalu,6:77:10,qaAla,قَالَ,qaAla,qwl,V,S,3MS,lemma+root
qalu,6:78:5,qaAla,قَالَ,qaAla,qwl,V,S,3MS,lemma+root
qalu,6:78:12,qaAla,قَالَ,qaAla,qwl,V,S,3MS,lemma+root
qalu,6:80:3,qaAla,قَالَ,qaAla,qwl,V,S,3MS,lemma+root
qalu,6:90:7,qul,قُل,qaAla,qwl,V,S,2MS,lemma+root
qalu,6:91:7,qaAlu,قَالُ,qaAla,qwl,V,P,3MP,lemma+root
qalu,6:91:15,qulo,قُلْ,qaAla,qwl,V,S,2MS,lemma+root
qalu,6:91:38,quli,قُلِ,qaAla,qwl,V,S,2MS,lemma+root
qalu,6:93:9,qaAla,قَالَ,qaAla,qwl,V,S,3MS,lemma+root
qalu,6:93:17,qaAla,قَالَ,qaAla,qwl,V,S,3MS,lemma+root
qalu,6:93:41,taquwlu,تَقُولُ,qaAla,qwl,V,P,2MP,lemma+root
qalu,6:105:4,yaquwlu,يَقُولُ,qaAla,qwl,V,P,3MP,lemma+root
qalu,6:109:10,qulo,قُلْ,qaAla,qwl,V,S,2MS,lemma+root
qalu,6:112:14,qawoli,قَوْلِ,qawol,qwl,N,,,root
qalu,6:124:4,qaAlu,قَالُ,qaAla,qwl,V,P,3MP,lemma+root
qalu,6:128:10,qaAla,قَالَ,qaAla,qwl,V,S,3MS,lemma+root
qalu,6:128:23,qaAla,قَالَ,qaAla,qwl,V,S,3MS,lemma+root
qalu,6:130:15,qaAlu,قَالُ,qaAla,qwl,V,P,3MP,lemma+root
qalu,6:135:1,qulo,قُلْ,qaAla,qwl,V,S,2MS,lemma+root
qalu,6:136:9,qaAlu,قَالُ,qaAla,qwl,V,P,3MP,lemma+root
qalu,6:138:1,qaAlu,قَالُ,qaAla,qwl,V,P,3MP,lemma+root
qalu,6:139:1,qaAlu,قَالُ,qaAla,qwl,V,P,3MP,lemma+root
qalu,6:143:9,qulo,قُلْ,qaAla,qwl,V,S,2MS,lemma+root
qalu,6:144:7,qulo,قُلْ,qaAla,qwl,V,S,2MS,lemma+root
qalu,6:145:1,qul,قُل,qaAla,qwl,V,S,2MS,lemma+root
qalu,6:147:3,qul,قُل,qaAla,qwl,V,S,2MS,lemma+root
qalu,6:148:1,yaquwlu,يَقُولُ,qaAla,qwl,V,S,3MS,lemma+root
qalu,6:148:23,qulo,قُلْ,qaAla,qwl,V,S,2MS,lemma+root
qalu,6:149:1,qulo,قُلْ,qaAla,qwl,V,S,2MS,lemma+root
qalu,6:150:1,qulo,قُلْ,qaAla,qwl,V,S,2MS,lemma+root
qalu,6:151:1,qulo,قُلْ,qaAla,qwl,V,S,2MS,lemma+root
qalu,6:152:22,qulo,قُلْ,qaAla,qwl,V,P,2MP,lemma+root
qalu,6:156:2,taquwlu,تَقُولُ,qaAla,qwl,V,P,2MP,lemma+root
qalu,6:157:2,taquwlu,تَقُولُ,qaAla,qwl,V,P,2MP,lemma+root
qalu,6:158:34,quli,قُلِ,qaAla,qwl,V,S,2MS,lemma+root
qalu,6:161:1,qulo,قُلْ,qaAla,qwl,V,S,2MS,lemma+root
qalu,6:162:1,qulo,قُلْ,qaAla,qwl,V,S,2MS,lemma+root
qalu,6:164:1,qulo,قُلْ,qaAla,qwl,V,S,2MS,lemma+root
qalu,7:5:9,qaAlu,قَالُ,qaAla,qwl,V,P,3MP,lemma+root
qalu,7:11:6,qulo,قُلْ,qaAla,qwl,V,P,1P,lemma+root
qalu,7:12:1,qaAla,قَالَ,qaAla,qwl,V,S,3MS,lemma+root
qalu,7:12:8,qaAla,قَالَ,qaAla,qwl,V,S,3MS,lemma+root
qalu,7:13:1,qaAla,قَالَ,qaAla,qwl,V,S,3MS,lemma+root
qalu,7:14:1,qaAla,قَالَ,qaAla,qwl,V,S,3MS,lemma+root
qalu,7:15:1,qaAla,قَالَ,qaAla,qwl,V,S,3MS,lemma+root
qalu,7:16:1,qaAla,قَالَ,qaAla,qwl,V,S,3MS,lemma+root
qalu,7:18:1,qaAla,قَالَ,qaAla,qwl,V,S,3MS,lemma+root
qalu,7:20:11,qaAla,قَالَ,qaAla,qwl,V,S,3MS,lemma+root
qalu,7:22:22,>aqul,أَقُل,qaAla,qwl,V,S,1S,lemma+root
qalu,7:23:1,qaAla,قَالَ,qaAla,qwl,V,D,3MD,lemma+root
qalu,7:24:1,qaAla,قَالَ,qaAla,qwl,V,S,3MS,lemma+root
qalu,7:25:1,qaAla,قَالَ,qaAla,qwl,V,S,3MS,lemma+root
qalu,7:28:4,qaAlu,قَالُ,qaAla,qwl,V,P,3MP,lemma+root
qalu,7:28:11,qulo,قُلْ,qaAla,qwl,V,S,2MS,lemma+root
qalu,7:28:17,taquwlu,تَقُولُ,qaAla,qwl,V,P,2MP,lemma+root
qalu,7:29:1,qulo,قُلْ,qaAla,qwl,V,S,2MS,lemma+root
qalu,7:32:1,qulo,قُلْ,qaAla,qwl,V,S,2MS,lemma+root
qalu,7:32:12,qulo,قُلْ,qaAla,qwl,V,S,2MS,lemma+root
qalu,7:33:1,qulo,قُلْ,qaAla,qwl,V,S,2MS,lemma+root
qalu,7:33:24,taquwlu,تَقُولُ,qaAla,qwl,V,P,2MP,lemma+root
qalu,7:37:21,qaAlu,قَالُ,qaAla,qwl,V,P,3MP,lemma+root
qalu,7:37:29,qaAlu,قَالُ,qaAla,qwl,V,P,3MP,lemma+root
qalu,7:38:1,qaAla,قَالَ,qaAla,qwl,V,S,3MS,lemma+root
qalu,7:38:24,qaAlato,قَالَتْ,qaAla,qwl,V,S,3FS,lemma+root
qalu,7:38:35,qaAla,قَالَ,qaAla,qwl,V,S,3MS,lemma+root
qalu,7:39:1,qaAlato,قَالَتْ,qaAla,qwl,V,S,3FS,lemma+root
qalu,7:43:11,qaAlu,قَالُ,qaAla,qwl,V,P,3MP,lemma+root
qalu,7:44:19,qaAlu,قَالُ,qaAla,qwl,V,P,3MP,lemma+root
qalu,7:47:7,qaAlu,قَالُ,qaAla,qwl,V,P,3MP,lemma+root
qalu,7:48:7,qaAlu,قَالُ,qaAla,qwl,V,P,3MP,lemma+root
qalu,7:50:15,qaAlu,قَالُ,qaAla,qwl,V,P,3MP,lemma+root
qalu,7:53:8,yaquwlu,يَقُولُ,qaAla,qwl,V,S,3MS,lemma+root
qalu,7:59:6,qaAla,قَالَ,qaAla,qwl,V,S,3MS,lemma+root
qalu,7:60:1,qaAla,قَالَ,qaAla,qwl,V,S,3MS,lemma+root
qalu,7:61:1,qaAla,قَالَ,qaAla,qwl,V,S,3MS,lemma+root
qalu,7:65:5,qaAla,قَالَ,qaAla,qwl,V,S,3MS,lemma+root
qalu,7:66:1,qaAla,قَالَ,qaAla,qwl,V,S,3MS,lemma+root
qalu,7:67:1,qaAla,قَالَ,qaAla,qwl,V,S,3MS,lemma+root
qalu,7:70:1,qaAlu,قَالُ,qaAla,qwl,V,P,3MP,lemma+root
qalu,7:71:1,qaAla,قَالَ,qaAla,qwl,V,S,3MS,lemma+root
qalu,7:73:5,qaAla,قَالَ,qaAla,qwl,V,S,3MS,lemma+root
qalu,7:75:1,qaAla,قَالَ,qaAla,qwl,V,S,3MS,lemma+root
qalu,7:75:18,qaAlu,قَالُ,qaAla,qwl,V,P,3MP,lemma+root
qalu,7:76:1,qaAla,قَالَ,qaAla,qwl,V,S,3MS,lemma+root
qalu,7:77:7,qaAlu,قَالُ,qaAla,qwl,V,P,3MP,lemma+root
qalu,7:79:3,qaAla,قَالَ,qaAla,qwl,V,S,3MS,lemma+root
qalu,7:80:3,qaAla,قَالَ,qaAla,qwl,V,S,3MS,lemma+root
qalu,7:82:7,qaAlu,قَالُ,qaAla,qwl,V,P,3MP,lemma+root
qalu,7:85:5,qaAla,قَالَ,qaAla,qwl,V,S,3MS,lemma+root
qalu,7:88:1,qaAla,قَالَ,qaAla,qwl,V,S,3MS,lemma+root
qalu,7:88:18,qaAla,قَالَ,qaAla,qwl,V,S,3MS,lemma+root
qalu,7:90:1,qaAla,قَالَ,qaAla,qwl,V,S,3MS,lemma+root
qalu,7:93:3,qaAla,قَالَ,qaAla,qwl,V,S,3MS,lemma+root
qalu,7:95:8,qaAlu,قَالُ,qaAla,qwl,V,P,3MP,lemma+root
qalu,7:104:1,qaAla,قَالَ,qaAla,qwl,V,S,3MS,lemma+root
qalu,7:105:5,>aquwla,أَقُولَ,qaAla,qwl,V,S,1S,lemma+root
qalu,7:106:1,qaAla,قَالَ,qaAla,qwl,V,S,3MS,lemma+root
qalu,7:109:1,qaAla,قَالَ,qaAla,qwl,V,S,3MS,lemma+root
qalu,7:111:1,qaAlu,قَالُ,qaAla,qwl,V,P,3MP,lemma+root
qalu,7:113:4,qaAlu,قَالُ,qaAla,qwl,V,P,3MP,lemma+root
qalu,7:114:1,qaAla,قَالَ,qaAla,qwl,V,S,3MS,lemma+root
qalu,7:115:1,qaAlu,قَالُ,qaAla,qwl,V,P,3MP,lemma+root
qalu,7:116:1,qaAla,قَالَ,qaAla,qwl,V,S,3MS,lemma+root
qalu,7:121:1,qaAlu,قَالُ,qaAla,qwl,V,P,3MP,lemma+root
qalu,7:123:1,qaAla,قَالَ,qaAla,qwl,V,S,3MS,lemma+root
qalu,7:125:1,qaAlu,قَالُ,qaAla,qwl,V,P,3MP,lemma+root
qalu,7:127:1,qaAla,قَالَ,qaAla,qwl,V,S,3MS,lemma+root
qalu,7:127:14,qaAla,قَالَ,qaAla,qwl,V,S,3MS,lemma+root
qalu,7:128:1,qaAla,قَالَ,qaAla,qwl,V,S,3MS,lemma+root
qalu,7:129:1,qaAlu,قَالُ,qaAla,qwl,V,P,3MP,lemma+root
qalu,7:129:11,qaAla,قَالَ,qaAla,qwl,V,S,3MS,lemma+root
qalu,7:131:4,qaAlu,قَالُ,qaAla,qwl,V,P,3MP,lemma+root
qalu,7:132:1,qaAlu,قَالُ,qaAla,qwl,V,P,3MP,lemma+root
qalu,7:134:5,qaAlu,قَالُ,qaAla,qwl,V,P,3MP,lemma+root
qalu,7:138:12,qaAlu,قَالُ,qaAla,qwl,V,P,3MP,lemma+root
qalu,7:138:20,qaAla,قَالَ,qaAla,qwl,V,S,3MS,lemma+root
qalu,7:140:1,qaAla,قَالَ,qaAla,qwl,V,S,3MS,lemma+root
qalu,7:142:12,qaAla,قَالَ,qaAla,qwl,V,S,3MS,lemma+root
qalu,7:143:7,qaAla,قَالَ,qaAla,qwl,V,S,3MS,lemma+root
qalu,7:143:12,qaAla,قَالَ,qaAla,qwl,V,S,3MS,lemma+root
qalu,7:143:35,qaAla,قَالَ,qaAla,qwl,V,S,3MS,lemma+root
qalu,7:144:1,qaAla,قَالَ,qaAla,qwl,V,S,3MS,lemma+root
qalu,7:149:9,qaAlu,قَالُ,qaAla,qwl,V,P,3MP,lemma+root
qalu,7:150:8,qaAla,قَالَ,qaAla,qwl,V,S,3MS,lemma+root
qalu,7:150:23,qaAla,قَالَ,qaAla,qwl,V,S,3MS,lemma+root
qalu,7:151:1,qaAla,قَالَ,qaAla,qwl,V,S,3MS,lemma+root
qalu,7:155:10,qaAla,قَالَ,qaAla,qwl,V,S,3MS,lemma+root
qalu,7:156:12,qaAla,قَالَ,qaAla,qwl,V,S,3MS,lemma+root
qalu,7:158:1,qulo,قُلْ,qaAla,qwl,V,S,2MS,lemma+root
qalu,7:161:2,qiyla,قِيلَ,qaAla,qwl,V,S,3MS,lemma+root
qalu,7:161:11,quwlu,قُولُ,qaAla,qwl,V,P,2MP,lemma+root
qalu,7:162:5,qawolFA,قَوْلًا,qawol,qwl,N,,,root
qalu,7:162:8,qiyla,قِيلَ,qaAla,qwl,V,S,3MS,lemma+root
qalu,7:164:2,qaAlato,قَالَتْ,qaAla,qwl,V,S,3FS,lemma+root
qalu,7:164:14,qaAlu,قَالُ,qaAla,qwl,V,P,3MP,lemma+root
qalu,7:166:7,qulo,قُلْ,qaAla,qwl,V,P,1P,lemma+root
qalu,7:169:11,yaquwlu,يَقُولُ,qaAla,qwl,V,P,3MP,lemma+root
qalu,7:169:26,yaquwlu,يَقُولُ,qaAla,qwl,V,P,3MP,lemma+root
qalu,7:172:15,qaAlu,قَالُ,qaAla,qwl,V,P,3MP,lemma+root
qalu,7:172:19,taquwlu,تَقُولُ,qaAla,qwl,V,P,2MP,lemma+root
qalu,7:173:2,taquwlu,تَقُولُ,qaAla,qwl,V,P,2MP,lemma+root
qalu,7:187:6,qulo,قُلْ,qaAla,qwl,V,S,2MS,lemma+root
qalu,7:187:28,qulo,قُلْ,qaAla,qwl,V,S,2MS,lemma+root
qalu,7:188:1,qul,قُل,qaAla,qwl,V,S,2MS,lemma+root
qalu,7:195:20,quli,قُلِ,qaAla,qwl,V,S,2MS,lemma+root
qalu,7:203:5,qaAlu,قَالُ,qaAla,qwl,V,P,3MP,lemma+root
qalu,7:203:8,qulo,قُلْ,qaAla,qwl,V,S,2MS,lemma+root
qalu,7:205:10,qawoli,قَوْلِ,qawol,qwl,N,,,root
qalu,8:1:4,quli,قُلِ,qaAla,qwl,V,S,2MS,lemma+root
qalu,8:21:4,qaAlu,قَالُ,qaAla,qwl,V,P,3MP,lemma+root
qalu,8:31:5,qaAlu,قَالُ,qaAla,qwl,V,P,3MP,lemma+root
qalu,8:31:10,qulo,قُلْ,qaAla,qwl,V,P,1P,lemma+root
qalu,8:32:2,qaAlu,قَالُ,qaAla,qwl,V,P,3MP,lemma+root
qalu,8:38:1,qul,قُل,qaAla,qwl,V,S,2MS,lemma+root
qalu,8:48:6,qaAla,قَالَ,qaAla,qwl,V,S,3MS,lemma+root
qalu,8:48:22,qaAla,قَالَ,qaAla,qwl,V,S,3MS,lemma+root
qalu,8:49:2,yaquwlu,يَقُولُ,qaAla,qwl,V,S,3MS,lemma+root
qalu,8:70:3,qul,قُل,qaAla,qwl,V,S,2MS,lemma+root
qalu,9:24:1,qulo,قُلْ,qaAla,qwl,V,S,2MS,lemma+root
qalu,9:30:1,qaAlati,قَالَتِ,qaAla,qwl,V,S,3FS,lemma+root
qalu,9:30:6,qaAlati,قَالَتِ,qaAla,qwl,V,S,3FS,lemma+root
qalu,9:30:12,qawolu,قَوْلُ,qawol,qwl,N,,,root
qalu,9:30:15,qawola,قَوْلَ,qawol,qwl,N,,,root
qalu,9:38:7,qiyla,قِيلَ,qaAla,qwl,V,S,3MS,lemma+root
qalu,9:40:17,yaquwlu,يَقُولُ,qaAla,qwl,V,S,3MS,lemma+root
qalu,9:46:12,qiyla,قِيلَ,qaAla,qwl,V,S,3MS,lemma+root
qalu,9:49:3,yaquwlu,يَقُولُ,qaAla,qwl,V,S,3MS,lemma+root
qalu,9:50:8,yaquwlu,يَقُولُ,qaAla,qwl,V,P,3MP,lemma+root
qalu,9:51:1,qul,قُل,qaAla,qwl,V,S,2MS,lemma+root
qalu,9:52:1,qulo,قُلْ,qaAla,qwl,V,S,2MS,lemma+root
qalu,9:53:1,qulo,قُلْ,qaAla,qwl,V,S,2MS,lemma+root
qalu,9:59:8,qaAlu,قَالُ,qaAla,qwl,V,P,3MP,lemma+root
qalu,9:61:5,yaquwlu,يَقُولُ,qaAla,qwl,V,P,3MP,lemma+root
qalu,9:61:8,qulo,قُلْ,qaAla,qwl,V,S,2MS,lemma+root
qalu,9:64:11,quli,قُلِ,qaAla,qwl,V,S,2MS,lemma+root
qalu,9:65:3,yaquwlu,يَقُولُ,qaAla,qwl,V,P,3MP,lemma+root
qalu,9:65:8,qulo,قُلْ,qaAla,qwl,V,S,2MS,lemma+root
qalu,9:74:4,qaAlu,قَالُ,qaAla,qwl,V,P,3MP,lemma+root
qalu,9:74:6,qaAlu,قَالُ,qaAla,qwl,V,P,3MP,lemma+root
qalu,9:81:15,qaAlu,قَالُ,qaAla,qwl,V,P,3MP,lemma+root
qalu,9:81:20,qulo,قُلْ,qaAla,qwl,V,S,2MS,lemma+root
qalu,9:83:9,qul,قُل,qaAla,qwl,V,S,2MS,lemma+root
qalu,9:86:14,qaAlu,قَالُ,qaAla,qwl,V,P,3MP,lemma+root
qalu,9:92:8,qulo,قُلْ,qaAla,qwl,V,S,2MS,lemma+root
qalu,9:94:6,qul,قُل,qaAla,qwl,V,S,2MS,lemma+root
qalu,9:105:1,quli,قُلِ,qaAla,qwl,V,S,2MS,lemma+root
qalu,9:124:7,yaquwlu,يَقُولُ,qaAla,qwl,V,S,3MS,lemma+root
qalu,9:129:3,qulo,قُلْ,qaAla,qwl,V,S,2MS,lemma+root
qalu,10:2:21,qaAla,قَالَ,qaAla,qwl,V,S,3MS,lemma+root
qalu,10:15:6,qaAla,قَالَ,qaAla,qwl,V,S,3MS,lemma+root
qalu,10:15:17,qulo,قُلْ,qaAla,qwl,V,S,2MS,lemma+root
qalu,10:16:1,qul,قُل,qaAla,qwl,V,S,2MS,lemma+root
qalu,10:18:10,yaquwlu,يَقُولُ,qaAla,qwl,V,P,3MP,lemma+root
qalu,10:18:15,qulo,قُلْ,qaAla,qwl,V,S,2MS,lemma+root
qalu,10:20:1,yaquwlu,يَقُولُ,qaAla,qwl,V,P,3MP,lemma+root
qalu,10:20:8,qulo,قُلْ,qaAla,qwl,V,S,2MS,lemma+root
qalu,10:21:14,quli,قُلِ,qaAla,qwl,V,S,2MS,lemma+root
qalu,10:28:5,naquwlu,نَقُولُ,qaAla,qwl,V,P,1P,lemma+root
qalu,10:28:13,qaAla,قَالَ,qaAla,qwl,V,S,3MS,lemma+root
qalu,10:31:1,qulo,قُلْ,qaAla,qwl,V,S,2MS,lemma+root
qalu,10:31:23,yaquwlu,يَقُولُ,qaAla,qwl,V,P,3MP,lemma+root
qalu,10:31:25,qulo,قُلْ,qaAla,qwl,V,S,2MS,lemma+root
qalu,10:34:1,qulo,قُلْ,qaAla,qwl,V,S,2MS,lemma+root
qalu,10:34:10,quli,قُلِ,qaAla,qwl,V,S,2MS,lemma+root
qalu,10:35:1,qulo,قُلْ,qaAla,qwl,V,S,2MS,lemma+root
qalu,10:35:9,quli,قُلِ,qaAla,qwl,V,S,2MS,lemma+root
qalu,10:38:2,yaquwlu,يَقُولُ,qaAla,qwl,V,P,3MP,lemma+root
qalu,10:38:4,qulo,قُلْ,qaAla,qwl,V,S,2MS,lemma+root
qalu,10:41:3,qul,قُل,qaAla,qwl,V,S,2MS,lemma+root
qalu,10:48:1,yaquwlu,يَقُولُ,qaAla,qwl,V,P,3MP,lemma+root
qalu,10:49:1,qul,قُل,qaAla,qwl,V,S,2MS,lemma+root
qalu,10:50:1,qulo,قُلْ,qaAla,qwl,V,S,2MS,lemma+root
qalu,10:52:2,qiyla,قِيلَ,qaAla,qwl,V,S,3MS,lemma+root
qalu,10:53:4,qulo,قُلْ,qaAla,qwl,V,S,2MS,lemma+root
qalu,10:58:1,qulo,قُلْ,qaAla,qwl,V,S,2MS,lemma+root
qalu,10:59:1,qulo,قُلْ,qaAla,qwl,V,S,2MS,lemma+root
qalu,10:59:13,qulo,قُلْ,qaAla,qwl,V,S,2MS,lemma+root
qalu,10:65:3,qawolu,قَوْلُ,qawol,qwl,N,,,root
qalu,10:68:1,qaAlu,قَالُ,qaAla,qwl,V,P,3MP,lemma+root
qalu,10:68:20,taquwlu,تَقُولُ,qaAla,qwl,V,P,2MP,lemma+root
qalu,10:69:1,qulo,قُلْ,qaAla,qwl,V,S,2MS,lemma+root
qalu,10:71:6,qaAla,قَالَ,qaAla,qwl,V,S,3MS,lemma+root
qalu,10:76:6,qaAlu,قَالُ,qaAla,qwl,V,P,3MP,lemma+root
qalu,10:77:1,qaAla,قَالَ,qaAla,qwl,V,S,3MS,lemma+root
qalu,10:77:3,taquwlu,تَقُولُ,qaAla,qwl,V,P,2MP,lemma+root
qalu,10:78:1,qaAlu,قَالُ,qaAla,qwl,V,P,3MP,lemma+root
qalu,10:79:1,qaAla,قَالَ,qaAla,qwl,V,S,3MS,lemma+root
qalu,10:80:4,qaAla,قَالَ,qaAla,qwl,V,S,3MS,lemma+root
qalu,10:81:3,qaAla,قَالَ,qaAla,qwl,V,S,3MS,lemma+root
qalu,10:84:1,qaAla,قَالَ,qaAla,qwl,V,S,3MS,lemma+root
qalu,10:85:1,qaAlu,قَالُ,qaAla,qwl,V,P,3MP,lemma+root
qalu,10:88:1,qaAla,قَالَ,qaAla,qwl,V,S,3MS,lemma+root
qalu,10:89:1,qaAla,قَالَ,qaAla,qwl,V,S,3MS,lemma+root
qalu,10:90:14,qaAla,قَالَ,qaAla,qwl,V,S,3MS,lemma+root
qalu,10:101:1,quli,قُلِ,qaAla,qwl,V,S,2MS,lemma+root
qalu,10:102:10,qulo,قُلْ,qaAla,qwl,V,S,2MS,lemma+root
qalu,10:104:1,qulo,قُلْ,qaAla,qwl,V,S,2MS,lemma+root
qalu,10:108:1,qulo,قُلْ,qaAla,qwl,V,S,2MS,lemma+root
qalu,11:7:18,qulo,قُلْ,qaAla,qwl,V,S,2MS,lemma+root
qalu,11:7:24,yaquwla,يَقُولَ,qaAla,qwl,V,S,3MS,lemma+root
qalu,11:8:8,yaquwlu,يَقُولُ,qaAla,qwl,V,P,3MP,lemma+root
qalu,11:10:7,yaquwla,يَقُولَ,qaAla,qwl,V,S,3MS,lemma+root
qalu,11:12:11,yaquwlu,يَقُولُ,qaAla,qwl,V,P,3MP,lemma+root
qalu,11:13:2,yaquwlu,يَقُولُ,qaAla,qwl,V,P,3MP,lemma+root
qalu,11:13:4,qulo,قُلْ,qaAla,qwl,V,S,2MS,lemma+root
qalu,11:18:12,yaquwlu,يَقُولُ,qaAla,qwl,V,S,3MS,lemma+root
qalu,11:27:1,qaAla,قَالَ,qaAla,qwl,V,S,3MS,lemma+root
qalu,11:28:1,qaAla,قَالَ,qaAla,qwl,V,S,3MS,lemma+root
qalu,11:31:2,>aquwlu,أَقُولُ,qaAla,qwl,V,S,1S,lemma+root
qalu,11:31:11,>aquwlu,أَقُولُ,qaAla,qwl,V,S,1S,lemma+root
qalu,11:31:15,>aquwlu,أَقُولُ,qaAla,qwl,V,S,1S,lemma+root
qalu,11:32:1,qaAlu,قَالُ,qaAla,qwl,V,P,3MP,lemma+root
qalu,11:33:1,qaAla,قَالَ,qaAla,qwl,V,S,3MS,lemma+root
qalu,11:35:2,yaquwlu,يَقُولُ,qaAla,qwl,V,P,3MP,lemma+root
qalu,11:35:4,qulo,قُلْ,qaAla,qwl,V,S,2MS,lemma+root
qalu,11:38:11,qaAla,قَالَ,qaAla,qwl,V,S,3MS,lemma+root
qalu,11:40:7,qulo,قُلْ,qaAla,qwl,V,P,1P,lemma+root
qalu,11:40:19,qawolu,قَوْلُ,qawol,qwl,N,,,root
qalu,11:41:1,qaAla,قَالَ,qaAla,qwl,V,S,3MS,lemma+root
qalu,11:43:1,qaAla,قَالَ,qaAla,qwl,V,S,3MS,lemma+root
qalu,11:43:8,qaAla,قَالَ,qaAla,qwl,V,S,3MS,lemma+root
qalu,11:44:1,qiyla,قِيلَ,qaAla,qwl,V,S,3MS,lemma+root
qalu,11:44:14,qiyla,قِيلَ,qaAla,qwl,V,S,3MS,lemma+root
qalu,11:45:4,qaAla,قَالَ,qaAla,qwl,V,S,3MS,lemma+root
qalu,11:46:1,qaAla,قَالَ,qaAla,qwl,V,S,3MS,lemma+root
qalu,11:47:1,qaAla,قَالَ,qaAla,qwl,V,S,3MS,lemma+root
qalu,11:48:1,qiyla,قِيلَ,qaAla,qwl,V,S,3MS,lemma+root
qalu,11:50:5,qaAla,قَالَ,qaAla,qwl,V,S,3MS,lemma+root
qalu,11:53:1,qaAlu,قَالُ,qaAla,qwl,V,P,3MP,lemma+root
qalu,11:53:11,qawoli,قَوْلِ,qawol,qwl,N,,,root
qalu,11:54:2,n~aquwlu,نَّقُولُ,qaAla,qwl,V,P,1P,lemma+root
qalu,11:54:8,qaAla,قَالَ,qaAla,qwl,V,S,3MS,lemma+root
qalu,11:61:5,qaAla,قَالَ,qaAla,qwl,V,S,3MS,lemma+root
qalu,11:62:1,qaAlu,قَالُ,qaAla,qwl,V,P,3MP,lemma+root
qalu,11:63:1,qaAla,قَالَ,qaAla,qwl,V,S,3MS,lemma+root
qalu,11:65:2,qaAla,قَالَ,qaAla,qwl,V,S,3MS,lemma+root
qalu,11:69:6,qaAlu,قَالُ,qaAla,qwl,V,P,3MP,lemma+root
qalu,11:69:8,qaAla,قَالَ,qaAla,qwl,V,S,3MS,lemma+root
qalu,11:70:11,qaAlu,قَالُ,qaAla,qwl,V,P,3MP,lemma+root
qalu,11:72:1,qaAlato,قَالَتْ,qaAla,qwl,V,S,3FS,lemma+root
qalu,11:73:1,qaAlu,قَالُ,qaAla,qwl,V,P,3MP,lemma+root
qalu,11:77:10,qaAla,قَالَ,qaAla,qwl,V,S,3MS,lemma+root
qalu,11:78:10,qaAla,قَالَ,qaAla,qwl,V,S,3MS,lemma+root
qalu,11:79:1,qaAlu,قَالُ,qaAla,qwl,V,P,3MP,lemma+root
qalu,11:80:1,qaAla,قَالَ,qaAla,qwl,V,S,3MS,lemma+root
qalu,11:81:1,qaAlu,قَالُ,qaAla,qwl,V,P,3MP,lemma+root
qalu,11:84:5,qaAla,قَالَ,qaAla,qwl,V,S,3MS,lemma+root
qalu,11:87:1,qaAlu,قَالُ,qaAla,qwl,V,P,3MP,lemma+root
qalu,11:88:1,qaAla,قَالَ,qaAla,qwl,V,S,3MS,lemma+root
qalu,11:91:1,qaAlu,قَالُ,qaAla,qwl,V,P,3MP,lemma+root
qalu,11:91:7,taquwlu,تَقُولُ,qaAla,qwl,V,S,2MS,lemma+root
qalu,11:92:1,qaAla,قَالَ,qaAla,qwl,V,S,3MS,lemma+root
qalu,11:121:1,qul,قُل,qaAla,qwl,V,S,2MS,lemma+root
qalu,12:4:2,qaAla,قَالَ,qaAla,qwl,V,S,3MS,lemma+root
qalu,12:5:1,qaAla,قَالَ,qaAla,qwl,V,S,3MS,lemma+root
qalu,12:8:2,qaAlu,قَالُ,qaAla,qwl,V,P,3MP,lemma+root
qalu,12:10:1,qaAla,قَالَ,qaAla,qwl,V,S,3MS,lemma+root
qalu,12:10:2,qaA^}ilN,قَآئِلٌ,qaA^}il,qwl,N,,,root
qalu,12:11:1,qaAlu,قَالُ,qaAla,qwl,V,P,3MP,lemma+root
qalu,12:13:1,qaAla,قَالَ,qaAla,qwl,V,S,3MS,lemma+root
qalu,12:14:1,qaAlu,قَالُ,qaAla,qwl,V,P,3MP,lemma+root
qalu,12:17:1,qaAlu,قَالُ,qaAla,qwl,V,P,3MP,lemma+root
qalu,12:18:6,qaAla,قَالَ,qaAla,qwl,V,S,3MS,lemma+root
qalu,12:19:7,qaAla,قَالَ,qaAla,qwl,V,S,3MS,lemma+root
qalu,12:21:1,qaAla,قَالَ,qaAla,qwl,V,S,3MS,lemma+root
qalu,12:23:10,qaAlato,قَالَتْ,qaAla,qwl,V,S,3FS,lemma+root
qalu,12:23:13,qaAla,قَالَ,qaAla,qwl,V,S,3MS,lemma+root
qalu,12:25:11,qaAlato,قَالَتْ,qaAla,qwl,V,S,3FS,lemma+root
qalu,12:26:1,qaAla,قَالَ,qaAla,qwl,V,S,3MS,lemma+root
qalu,12:28:7,qaAla,قَالَ,qaAla,qwl,V,S,3MS,lemma+root
qalu,12:30:1,qaAla,قَالَ,qaAla,qwl,V,S,3MS,lemma+root
qalu,12:31:14,qaAlati,قَالَتِ,qaAla,qwl,V,S,3FS,lemma+root
qalu,12:31:22,qulo,قُلْ,qaAla,qwl,V,P,3FP,lemma+root
qalu,12:32:1,qaAlato,قَالَتْ,qaAla,qwl,V,S,3FS,lemma+root
qalu,12:33:1,qaAla,قَالَ,qaAla,qwl,V,S,3MS,lemma+root
qalu,12:36:5,qaAla,قَالَ,qaAla,qwl,V,S,3MS,lemma+root
qalu,12:36:11,qaAla,قَالَ,qaAla,qwl,V,S,3MS,lemma+root
qalu,12:37:1,qaAla,قَالَ,qaAla,qwl,V,S,3MS,lemma+root
qalu,12:42:1,qaAla,قَالَ,qaAla,qwl,V,S,3MS,lemma+root
qalu,12:43:1,qaAla,قَالَ,qaAla,qwl,V,S,3MS,lemma+root
qalu,12:44:1,qaAlu,قَالُ,qaAla,qwl,V,P,3MP,lemma+root
qalu,12:45:1,qaAla,قَالَ,qaAla,qwl,V,S,3MS,lemma+root
qalu,12:47:1,qaAla,قَالَ,qaAla,qwl,V,S,3MS,lemma+root
qalu,12:50:1,qaAla,قَالَ,qaAla,qwl,V,S,3MS,lemma+root
qalu,12:50:8,qaAla,قَالَ,qaAla,qwl,V,S,3MS,lemma+root
qalu,12:51:1,qaAla,قَالَ,qaAla,qwl,V,S,3MS,lemma+root
qalu,12:51:9,qulo,قُلْ,qaAla,qwl,V,P,3FP,lemma+root
qalu,12:51:17,qaAlati,قَالَتِ,qaAla,qwl,V,S,3FS,lemma+root
qalu,12:54:1,qaAla,قَالَ,qaAla,qwl,V,S,3MS,lemma+root
qalu,12:54:9,qaAla,قَالَ,qaAla,qwl,V,S,3MS,lemma+root
qalu,12:55:1,qaAla,قَالَ,qaAla,qwl,V,S,3MS,lemma+root
qalu,12:59:4,qaAla,قَالَ,qaAla,qwl,V,S,3MS,lemma+root
qalu,12:61:1,qaAlu,قَالُ,qaAla,qwl,V,P,3MP,lemma+root
qalu,12:62:1,qaAla,قَالَ,qaAla,qwl,V,S,3MS,lemma+root
qalu,12:63:5,qaAlu,قَالُ,qaAla,qwl,V,P,3MP,lemma+root
qalu,12:64:1,qaAla,قَالَ,qaAla,qwl,V,S,3MS,lemma+root
qalu,12:65:8,qaAlu,قَالُ,qaAla,qwl,V,P,3MP,lemma+root
qalu,12:66:1,qaAla,قَالَ,qaAla,qwl,V,S,3MS,lemma+root
qalu,12:66:19,qaAla,قَالَ,qaAla,qwl,V,S,3MS,lemma+root
qalu,12:66:23,naquwlu,نَقُولُ,qaAla,qwl,V,P,1P,lemma+root
qalu,12:67:1,qaAla,قَالَ,qaAla,qwl,V,S,3MS,lemma+root
qalu,12:69:8,qaAla,قَالَ,qaAla,qwl,V,S,3MS,lemma+root
qalu,12:71:1,qaAlu,قَالُ,qaAla,qwl,V,P,3MP,lemma+root
qalu,12:72:1,qaAlu,قَالُ,qaAla,qwl,V,P,3MP,lemma+root
qalu,12:73:1,qaAlu,قَالُ,qaAla,qwl,V,P,3MP,lemma+root
qalu,12:74:1,qaAlu,قَالُ,qaAla,qwl,V,P,3MP,lemma+root
qalu,12:75:1,qaAlu,قَالُ,qaAla,qwl,V,P,3MP,lemma+root
qalu,12:77:1,qaAlu,قَالُ,qaAla,qwl,V,P,3MP,lemma+root
qalu,12:77:17,qaAla,قَالَ,qaAla,qwl,V,S,3MS,lemma+root
qalu,12:78:1,qaAlu,قَالُ,qaAla,qwl,V,P,3MP,lemma+root
qalu,12:79:1,qaAla,قَالَ,qaAla,qwl,V,S,3MS,lemma+root
qalu,12:80:6,qaAla,قَالَ,qaAla,qwl,V,S,3MS,lemma+root
qalu,12:81:4,quwlu,قُولُ,qaAla,qwl,V,P,2MP,lemma+root
qalu,12:83:1,qaAla,قَالَ,qaAla,qwl,V,S,3MS,lemma+root
qalu,12:84:3,qaAla,قَالَ,qaAla,qwl,V,S,3MS,lemma+root
qalu,12:85:1,qaAlu,قَالُ,qaAla,qwl,V,P,3MP,lemma+root
qalu,12:86:1,qaAla,قَالَ,qaAla,qwl,V,S,3MS,lemma+root
qalu,12:88:4,qaAlu,قَالُ,qaAla,qwl,V,P,3MP,lemma+root
qalu,12:89:1,qaAla,قَالَ,qaAla,qwl,V,S,3MS,lemma+root
qalu,12:90:1,qaAlu,قَالُ,qaAla,qwl,V,P,3MP,lemma+root
qalu,12:90:5,qaAla,قَالَ,qaAla,qwl,V,S,3MS,lemma+root
qalu,12:91:1,qaAlu,قَالُ,qaAla,qwl,V,P,3MP,lemma+root
qalu,12:92:1,qaAla,قَالَ,qaAla,qwl,V,S,3MS,lemma+root
qalu,12:94:4,qaAla,قَالَ,qaAla,qwl,V,S,3MS,lemma+root
qalu,12:95:1,qaAlu,قَالُ,qaAla,qwl,V,P,3MP,lemma+root
qalu,12:96:10,qaAla,قَالَ,qaAla,qwl,V,S,3MS,lemma+root
qalu,12:96:12,>aqul,أَقُل,qaAla,qwl,V,S,1S,lemma+root
qalu,12:97:1,qaAlu,قَالُ,qaAla,qwl,V,P,3MP,lemma+root
qalu,12:98:1,qaAla,قَالَ,qaAla,qwl,V,S,3MS,lemma+root
qalu,12:99:8,qaAla,قَالَ,qaAla,qwl,V,S,3MS,lemma+root
qalu,12:100:8,qaAla,قَالَ,qaAla,qwl,V,S,3MS,lemma+root
qalu,12:108:1,qulo,قُلْ,qaAla,qwl,V,S,2MS,lemma+root
qalu,13:5:4,qawolu,قَوْلُ,qawol,qwl,N,,,root
qalu,13:7:1,yaquwlu,يَقُولُ,qaAla,qwl,V,S,3MS,lemma+root
qalu,13:10:5,qawola,قَوْلَ,qawol,qwl,N,,,root
qalu,13:16:1,qulo,قُلْ,qaAla,qwl,V,S,2MS,lemma+root
qalu,13:16:6,quli,قُلِ,qaAla,qwl,V,S,2MS,lemma+root
qalu,13:16:8,qulo,قُلْ,qaAla,qwl,V,S,2MS,lemma+root
qalu,13:16:19,qulo,قُلْ,qaAla,qwl,V,S,2MS,lemma+root
qalu,13:16:38,quli,قُلِ,qaAla,qwl,V,S,2MS,lemma+root
qalu,13:27:1,yaquwlu,يَقُولُ,qaAla,qwl,V,S,3MS,lemma+root
qalu,13:27:10,qulo,قُلْ,qaAla,qwl,V,S,2MS,lemma+root
qalu,13:30:18,qulo,قُلْ,qaAla,qwl,V,S,2MS,lemma+root
qalu,13:33:12,qulo,قُلْ,qaAla,qwl,V,S,2MS,lemma+root
qalu,13:33:24,qawoli,قَوْلِ,qawol,qwl,N,,,root
qalu,13:36:13,qulo,قُلْ,qaAla,qwl,V,S,2MS,lemma+root
qalu,13:43:1,yaquwlu,يَقُولُ,qaAla,qwl,V,S,3MS,lemma+root
qalu,13:43:6,qulo,قُلْ,qaAla,qwl,V,S,2MS,lemma+root
qalu,14:6:2,qaAla,قَالَ,qaAla,qwl,V,S,3MS,lemma+root
qalu,14:8:1,qaAla,قَالَ,qaAla,qwl,V,S,3MS,lemma+root
qalu,14:9:25,qaAlu,قَالُ,qaAla,qwl,V,P,3MP,lemma+root
qalu,14:10:1,qaAlato,قَالَتْ,qaAla,qwl,V,S,3FS,lemma+root
qalu,14:10:18,qaAlu,قَالُ,qaAla,qwl,V,P,3MP,lemma+root
qalu,14:11:1,qaAlato,قَالَتْ,qaAla,qwl,V,S,3FS,lemma+root
qalu,14:13:1,qaAla,قَالَ,qaAla,qwl,V,S,3MS,lemma+root
qalu,14:21:4,qaAla,قَالَ,qaAla,qwl,V,S,3MS,lemma+root
qalu,14:21:21,qaAlu,قَالُ,qaAla,qwl,V,P,3MP,lemma+root
qalu,14:22:1,qaAla,قَالَ,qaAla,qwl,V,S,3MS,lemma+root
qalu,14:27:5,qawoli,قَوْلِ,qawol,qwl,N,,,root
qalu,14:30:7,qulo,قُلْ,qaAla,qwl,V,S,2MS,lemma+root
qalu,14:31:1,qul,قُل,qaAla,qwl,V,S,2MS,lemma+root
qalu,14:35:2,qaAla,قَالَ,qaAla,qwl,V,S,3MS,lemma+root
qalu,14:44:6,yaquwlu,يَقُولُ,qaAla,qwl,V,S,3MS,lemma+root
qalu,15:6:1,qaAlu,قَالُ,qaAla,qwl,V,P,3MP,lemma+root
qalu,15:15:1,qaAlu,قَالُ,qaAla,qwl,V,P,3MP,lemma+root
qalu,15:28:2,qaAla,قَالَ,qaAla,qwl,V,S,3MS,lemma+root
qalu,15:32:1,qaAla,قَالَ,qaAla,qwl,V,S,3MS,lemma+root
qalu,15:33:1,qaAla,قَالَ,qaAla,qwl,V,S,3MS,lemma+root
qalu,15:34:1,qaAla,قَالَ,qaAla,qwl,V,S,3MS,lemma+root
qalu,15:36:1,qaAla,قَالَ,qaAla,qwl,V,S,3MS,lemma+root
qalu,15:37:1,qaAla,قَالَ,qaAla,qwl,V,S,3MS,lemma+root
qalu,15:39:1,qaAla,قَالَ,qaAla,qwl,V,S,3MS,lemma+root
qalu,15:41:1,qaAla,قَالَ,qaAla,qwl,V,S,3MS,lemma+root
qalu,15:52:4,qaAlu,قَالُ,qaAla,qwl,V,P,3MP,lemma+root
qalu,15:52:6,qaAla,قَالَ,qaAla,qwl,V,S,3MS,lemma+root
qalu,15:53:1,qaAlu,قَالُ,qaAla,qwl,V,P,3MP,lemma+root
qalu,15:54:1,qaAla,قَالَ,qaAla,qwl,V,S,3MS,lemma+root
qalu,15:55:1,qaAlu,قَالُ,qaAla,qwl,V,P,3MP,lemma+root
qalu,15:56:1,qaAla,قَالَ,qaAla,qwl,V,S,3MS,lemma+root
qalu,15:57:1,qaAla,قَالَ,qaAla,qwl,V,S,3MS,lemma+root
qalu,15:58:1,qaAlu,قَالُ,qaAla,qwl,V,P,3MP,lemma+root
qalu,15:62:1,qaAla,قَالَ,qaAla,qwl,V,S,3MS,lemma+root
qalu,15:63:1,qaAlu,قَالُ,qaAla,qwl,V,P,3MP,lemma+root
qalu,15:68:1,qaAla,قَالَ,qaAla,qwl,V,S,3MS,lemma+root
qalu,15:70:1,qaAlu,قَالُ,qaAla,qwl,V,P,3MP,lemma+root
qalu,15:71:1,qaAla,قَالَ,qaAla,qwl,V,S,3MS,lemma+root
qalu,15:89:1,qulo,قُلْ,qaAla,qwl,V,S,2MS,lemma+root
qalu,15:97:7,yaquwlu,يَقُولُ,qaAla,qwl,V,P,3MP,lemma+root
qalu,16:24:2,qiyla,قِيلَ,qaAla,qwl,V,S,3MS,lemma+root
qalu,16:24:7,qaAlu,قَالُ,qaAla,qwl,V,P,3MP,lemma+root
qalu,16:27:5,yaquwlu,يَقُولُ,qaAla,qwl,V,S,3MS,lemma+root
qalu,16:27:12,qaAla,قَالَ,qaAla,qwl,V,S,3MS,lemma+root
qalu,16:30:1,qiyla,قِيلَ,qaAla,qwl,V,S,3MS,lemma+root
qalu,16:30:7,qaAlu,قَالُ,qaAla,qwl,V,P,3MP,lemma+root
qalu,16:32:5,yaquwlu,يَقُولُ,qaAla,qwl,V,P,3MP,lemma+root
qalu,16:35:1,qaAla,قَالَ,qaAla,qwl,V,S,3MS,lemma+root
qalu,16:40:2,qawolu,قَوْلُ,qawol,qwl,N,,,root
qalu,16:40:7,n~aquwla,نَّقُولَ,qaAla,qwl,V,P,1P,lemma+root
qalu,16:51:1,qaAla,قَالَ,qaAla,qwl,V,S,3MS,lemma+root
qalu,16:86:6,qaAlu,قَالُ,qaAla,qwl,V,P,3MP,lemma+root
qalu,16:86:17,qawola,قَوْلَ,qawol,qwl,N,,,root
qalu,16:101:10,qaAlu,قَالُ,qaAla,qwl,V,P,3MP,lemma+root
qalu,16:102:1,qulo,قُلْ,qaAla,qwl,V,S,2MS,lemma+root
qalu,16:103:4,yaquwlu,يَقُولُ,qaAla,qwl,V,P,3MP,lemma+root
qalu,16:116:2,taquwlu,تَقُولُ,qaAla,qwl,V,P,2MP,lemma+root
qalu,17:16:12,qawolu,قَوْلُ,qawol,qwl,N,,,root
qalu,17:23:17,taqul,تَقُل,qaAla,qwl,V,S,2MS,lemma+root
qalu,17:23:22,qul,قُل,qaAla,qwl,V,S,2MS,lemma+root
qalu,17:23:24,qawolFA,قَوْلًا,qawol,qwl,N,,,root
qalu,17:24:7,qul,قُل,qaAla,qwl,V,S,2MS,lemma+root
qalu,17:28:9,qul,قُل,qaAla,qwl,V,S,2MS,lemma+root
qalu,17:28:11,qawolFA,قَوْلًا,qawol,qwl,N,,,root
qalu,17:40:9,taquwlu,تَقُولُ,qaAla,qwl,V,P,2MP,lemma+root
qalu,17:40:10,qawolFA,قَوْلًا,qawol,qwl,N,,,root
qalu,17:42:1,qul,قُل,qaAla,qwl,V,S,2MS,lemma+root
qalu,17:42:7,yaquwlu,يَقُولُ,qaAla,qwl,V,P,3MP,lemma+root
qalu,17:43:4,yaquwlu,يَقُولُ,qaAla,qwl,V,P,3MP,lemma+root
qalu,17:47:13,yaquwlu,يَقُولُ,qaAla,qwl,V,S,3MS,lemma+root
qalu,17:49:1,qaAlu,قَالُ,qaAla,qwl,V,P,3MP,lemma+root
qalu,17:50:1,qulo,قُلْ,qaAla,qwl,V,S,2MS,lemma+root
qalu,17:51:7,yaquwlu,يَقُولُ,qaAla,qwl,V,P,3MP,lemma+root
qalu,17:51:10,quli,قُلِ,qaAla,qwl,V,S,2MS,lemma+root
qalu,17:51:18,yaquwlu,يَقُولُ,qaAla,qwl,V,P,3MP,lemma+root
qalu,17:51:21,qulo,قُلْ,qaAla,qwl,V,S,2MS,lemma+root
qalu,17:53:1,qul,قُل,qaAla,qwl,V,S,2MS,lemma+root
qalu,17:53:3,yaquwlu,يَقُولُ,qaAla,qwl,V,P,3MP,lemma+root
qalu,17:56:1,quli,قُلِ,qaAla,qwl,V,S,2MS,lemma+root
qalu,17:60:2,qulo,قُلْ,qaAla,qwl,V,P,1P,lemma+root
qalu,17:61:2,qulo,قُلْ,qaAla,qwl,V,P,1P,lemma+root
qalu,17:61:9,qaAla,قَالَ,qaAla,qwl,V,S,3MS,lemma+root
qalu,17:62:1,qaAla,قَالَ,qaAla,qwl,V,S,3MS,lemma+root
qalu,17:63:1,qaAla,قَالَ,qaAla,qwl,V,S,3MS,lemma+root
qalu,17:80:1,qul,قُل,qaAla,qwl,V,S,2MS,lemma+root
qalu,17:81:1,qulo,قُلْ,qaAla,qwl,V,S,2MS,lemma+root
qalu,17:84:1,qulo,قُلْ,qaAla,qwl,V,S,2MS,lemma+root
qalu,17:85:4,quli,قُلِ,qaAla,qwl,V,S,2MS,lemma+root
qalu,17:88:1,qul,قُل,qaAla,qwl,V,S,2MS,lemma+root
qalu,17:90:1,qaAlu,قَالُ,qaAla,qwl,V,P,3MP,lemma+root
qalu,17:93:19,qulo,قُلْ,qaAla,qwl,V,S,2MS,lemma+root
qalu,17:94:11,qaAlu,قَالُ,qaAla,qwl,V,P,3MP,lemma+root
qalu,17:95:1,qul,قُل,qaAla,qwl,V,S,2MS,lemma+root
qalu,17:96:1,qulo,قُلْ,qaAla,qwl,V,S,2MS,lemma+root
qalu,17:98:6,qaAlu,قَالُ,qaAla,qwl,V,P,3MP,lemma+root
qalu,17:100:1,qul,قُل,qaAla,qwl,V,S,2MS,lemma+root
qalu,17:101:12,qaAla,قَالَ,qaAla,qwl,V,S,3MS,lemma+root
qalu,17:102:1,qaAla,قَالَ,qaAla,qwl,V,S,3MS,lemma+root
qalu,17:104:1,qulo,قُلْ,qaAla,qwl,V,P,1P,lemma+root
qalu,17:107:1,qulo,قُلْ,qaAla,qwl,V,S,2MS,lemma+root
qalu,17:108:1,yaquwlu,يَقُولُ,qaAla,qwl,V,P,3MP,lemma+root
qalu,17:110:1,quli,قُلِ,qaAla,qwl,V,S,2MS,lemma+root
qalu,17:111:1,quli,قُلِ,qaAla,qwl,V,S,2MS,lemma+root
qalu,18:4:3,qaAlu,قَالُ,qaAla,qwl,V,P,3MP,lemma+root
qalu,18:5:14,yaquwlu,يَقُولُ,qaAla,qwl,V,P,3MP,lemma+root
qalu,18:10:6,qaAlu,قَالُ,qaAla,qwl,V,P,3MP,lemma+root
qalu,18:14:6,qaAlu,قَالُ,qaAla,qwl,V,P,3MP,lemma+root
qalu,18:14:17,qulo,قُلْ,qaAla,qwl,V,P,1P,lemma+root
qalu,18:19:5,qaAla,قَالَ,qaAla,qwl,V,S,3MS,lemma+root
qalu,18:19:6,qaA^}ilN,قَآئِلٌ,qaA^}il,qwl,N,,,root
qalu,18:19:10,qaAlu,قَالُ,qaAla,qwl,V,P,3MP,lemma+root
qalu,18:19:16,qaAlu,قَالُ,qaAla,qwl,V,P,3MP,lemma+root
qalu,18:21:18,qaAlu,قَالُ,qaAla,qwl,V,P,3MP,lemma+root
qalu,18:21:25,qaAla,قَالَ,qaAla,qwl,V,S,3MS,lemma+root
qalu,18:22:1,yaquwlu,يَقُولُ,qaAla,qwl,V,P,3MP,lemma+root
qalu,18:22:5,yaquwlu,يَقُولُ,qaAla,qwl,V,P,3MP,lemma+root
qalu,18:22:11,yaquwlu,يَقُولُ,qaAla,qwl,V,P,3MP,lemma+root
qalu,18:22:15,qul,قُل,qaAla,qwl,V,S,2MS,lemma+root
qalu,18:23:2,taquwla,تَقُولَ,qaAla,qwl,V,S,2MS,lemma+root
qalu,18:24:9,qulo,قُلْ,qaAla,qwl,V,S,2MS,lemma+root
qalu,18:26:1,quli,قُلِ,qaAla,qwl,V,S,2MS,lemma+root
qalu,18:29:1,quli,قُلِ,qaAla,qwl,V,S,2MS,lemma+root
qalu,18:34:4,qaAla,قَالَ,qaAla,qwl,V,S,3MS,lemma+root
qalu,18:35:6,qaAla,قَالَ,qaAla,qwl,V,S,3MS,lemma+root
qalu,18:37:1,qaAla,قَالَ,qaAla,qwl,V,S,3MS,lemma+root
qalu,18:39:5,qulo,قُلْ,qaAla,qwl,V,S,2MS,lemma+root
qalu,18:42:14,yaquwlu,يَقُولُ,qaAla,qwl,V,S,3MS,lemma+root
qalu,18:49:8,yaquwlu,يَقُولُ,qaAla,qwl,V,P,3MP,lemma+root
qalu,18:50:2,qulo,قُلْ,qaAla,qwl,V,P,1P,lemma+root
qalu,18:52:2,yaquwlu,يَقُولُ,qaAla,qwl,V,S,3MS,lemma+root
qalu,18:60:2,qaAla,قَالَ,qaAla,qwl,V,S,3MS,lemma+root
qalu,18:62:3,qaAla,قَالَ,qaAla,qwl,V,S,3MS,lemma+root
qalu,18:63:1,qaAla,قَالَ,qaAla,qwl,V,S,3MS,lemma+root
qalu,18:64:1,qaAla,قَالَ,qaAla,qwl,V,S,3MS,lemma+root
qalu,18:66:1,qaAla,قَالَ,qaAla,qwl,V,S,3MS,lemma+root
qalu,18:67:1,qaAla,قَالَ,qaAla,qwl,V,S,3MS,lemma+root
qalu,18:69:1,qaAla,قَالَ,qaAla,qwl,V,S,3MS,lemma+root
qalu,18:70:1,qaAla,قَالَ,qaAla,qwl,V,S,3MS,lemma+root
qalu,18:71:8,qaAla,قَالَ,qaAla,qwl,V,S,3MS,lemma+root
qalu,18:72:1,qaAla,قَالَ,qaAla,qwl,V,S,3MS,lemma+root
qalu,18:72:3,>aqulo,أَقُلْ,qaAla,qwl,V,S,1S,lemma+root
qalu,18:73:1,qaAla,قَالَ,qaAla,qwl,V,S,3MS,lemma+root
qalu,18:74:7,qaAla,قَالَ,qaAla,qwl,V,S,3MS,lemma+root
qalu,18:75:1,qaAla,قَالَ,qaAla,qwl,V,S,3MS,lemma+root
qalu,18:75:3,>aqul,أَقُل,qaAla,qwl,V,S,1S,lemma+root
qalu,18:76:1,qaAla,قَالَ,qaAla,qwl,V,S,3MS,lemma+root
qalu,18:77:19,qaAla,قَالَ,qaAla,qwl,V,S,3MS,lemma+root
qalu,18:78:1,qaAla,قَالَ,qaAla,qwl,V,S,3MS,lemma+root
qalu,18:83:5,qulo,قُلْ,qaAla,qwl,V,S,2MS,lemma+root
qalu,18:86:14,qulo,قُلْ,qaAla,qwl,V,P,1P,lemma+root
qalu,18:87:1,qaAla,قَالَ,qaAla,qwl,V,S,3MS,lemma+root
qalu,18:88:9,naquwlu,نَقُولُ,qaAla,qwl,V,P,1P,lemma+root
qalu,18:93:13,qawolFA,قَوْلًا,qawol,qwl,N,,,root
qalu,18:94:1,qaAlu,قَالُ,qaAla,qwl,V,P,3MP,lemma+root
qalu,18:95:1,qaAla,قَالَ,qaAla,qwl,V,S,3MS,lemma+root
qalu,18:96:9,qaAla,قَالَ,qaAla,qwl,V,S,3MS,lemma+root
qalu,18:96:15,qaAla,قَالَ,qaAla,qwl,V,S,3MS,lemma+root
qalu,18:98:1,qaAla,قَالَ,qaAla,qwl,V,S,3MS,lemma+root
qalu,18:103:1,qulo,قُلْ,qaAla,qwl,V,S,2MS,lemma+root
qalu,18:109:1,qul,قُل,qaAla,qwl,V,S,2MS,lemma+root
qalu,18:110:1,qulo,قُلْ,qaAla,qwl,V,S,2MS,lemma+root
qalu,19:4:1,qaAla,قَالَ,qaAla,qwl,V,S,3MS,lemma+root
qalu,19:8:1,qaAla,قَالَ,qaAla,qwl,V,S,3MS,lemma+root
qalu,19:9:1,qaAla,قَالَ,qaAla,qwl,V,S,3MS,lemma+root
qalu,19:9:3,qaAla,قَالَ,qaAla,qwl,V,S,3MS,lemma+root
qalu,19:10:1,qaAla,قَالَ,qaAla,qwl,V,S,3MS,lemma+root
qalu,19:10:6,qaAla,قَالَ,qaAla,qwl,V,S,3MS,lemma+root
qalu,19:18:1,qaAlato,قَالَتْ,qaAla,qwl,V,S,3FS,lemma+root
qalu,19:19:1,qaAla,قَالَ,qaAla,qwl,V,S,3MS,lemma+root
qalu,19:20:1,qaAlato,قَالَتْ,qaAla,qwl,V,S,3FS,lemma+root
qalu,19:21:1,qaAla,قَالَ,qaAla,qwl,V,S,3MS,lemma+root
qalu,19:21:3,qaAla,قَالَ,qaAla,qwl,V,S,3MS,lemma+root
qalu,19:23:6,qaAlato,قَالَتْ,qaAla,qwl,V,S,3FS,lemma+root
qalu,19:26:10,quwli,قُولِ,qaAla,qwl,V,S,2FS,lemma+root
qalu,19:27:5,qaAlu,قَالُ,qaAla,qwl,V,P,3MP,lemma+root
qalu,19:29:3,qaAlu,قَالُ,qaAla,qwl,V,P,3MP,lemma+root
qalu,19:30:1,qaAla,قَالَ,qaAla,qwl,V,S,3MS,lemma+root
qalu,19:34:5,qawola,قَوْلَ,qawol,qwl,N,,,root
qalu,19:35:13,yaquwlu,يَقُولُ,qaAla,qwl,V,S,3MS,lemma+root
qalu,19:42:2,qaAla,قَالَ,qaAla,qwl,V,S,3MS,lemma+root
qalu,19:46:1,qaAla,قَالَ,qaAla,qwl,V,S,3MS,lemma+root
qalu,19:47:1,qaAla,قَالَ,qaAla,qwl,V,S,3MS,lemma+root
qalu,19:66:1,yaquwlu,يَقُولُ,qaAla,qwl,V,S,3MS,lemma+root
qalu,19:73:6,qaAla,قَالَ,qaAla,qwl,V,S,3MS,lemma+root
qalu,19:75:1,qulo,قُلْ,qaAla,qwl,V,S,2MS,lemma+root
qalu,19:77:5,qaAla,قَالَ,qaAla,qwl,V,S,3MS,lemma+root
qalu,19:79:4,yaquwlu,يَقُولُ,qaAla,qwl,V,S,3MS,lemma+root
qalu,19:80:3,yaquwlu,يَقُولُ,qaAla,qwl,V,S,3MS,lemma+root
qalu,19:88:1,qaAlu,قَالُ,qaAla,qwl,V,P,3MP,lemma+root
qalu,20:7:3,qawoli,قَوْلِ,qawol,qwl,N,,,root
qalu,20:10:4,qaAla,قَالَ,qaAla,qwl,V,S,3MS,lemma+root
qalu,20:18:1,qaAla,قَالَ,qaAla,qwl,V,S,3MS,lemma+root
qalu,20:19:1,qaAla,قَالَ,qaAla,qwl,V,S,3MS,lemma+root
qalu,20:21:1,qaAla,قَالَ,qaAla,qwl,V,S,3MS,lemma+root
qalu,20:25:1,qaAla,قَالَ,qaAla,qwl,V,S,3MS,lemma+root
qalu,20:28:2,qawoli,قَوْلِ,qawol,qwl,N,,,root
qalu,20:36:1,qaAla,قَالَ,qaAla,qwl,V,S,3MS,lemma+root
qalu,20:40:4,taquwlu,تَقُولُ,qaAla,qwl,V,S,3FS,lemma+root
qalu,20:44:1,quwla,قُولَ,qaAla,qwl,V,D,2D,lemma+root
qalu,20:44:3,qawolFA,قَوْلًا,qawol,qwl,N,,,root
qalu,20:45:1,qaAla,قَالَ,qaAla,qwl,V,D,3MD,lemma+root
qalu,20:46:1,qaAla,قَالَ,qaAla,qwl,V,S,3MS,lemma+root
qalu,20:47:2,quwla,قُولَ,qaAla,qwl,V,D,2D,lemma+root
qalu,20:49:1,qaAla,قَالَ,qaAla,qwl,V,S,3MS,lemma+root
qalu,20:50:1,qaAla,قَالَ,qaAla,qwl,V,S,3MS,lemma+root
qalu,20:51:1,qaAla,قَالَ,qaAla,qwl,V,S,3MS,lemma+root
qalu,20:52:1,qaAla,قَالَ,qaAla,qwl,V,S,3MS,lemma+root
qalu,20:57:1,qaAla,قَالَ,qaAla,qwl,V,S,3MS,lemma+root
qalu,20:59:1,qaAla,قَالَ,qaAla,qwl,V,S,3MS,lemma+root
qalu,20:61:1,qaAla,قَالَ,qaAla,qwl,V,S,3MS,lemma+root
qalu,20:63:1,qaAlu,قَالُ,qaAla,qwl,V,P,3MP,lemma+root
qalu,20:65:1,qaAlu,قَالُ,qaAla,qwl,V,P,3MP,lemma+root
qalu,20:66:1,qaAla,قَالَ,qaAla,qwl,V,S,3MS,lemma+root
qalu,20:68:1,qulo,قُلْ,qaAla,qwl,V,P,1P,lemma+root
qalu,20:70:4,qaAlu,قَالُ,qaAla,qwl,V,P,3MP,lemma+root
qalu,20:71:1,qaAla,قَالَ,qaAla,qwl,V,S,3MS,lemma+root
qalu,20:72:1,qaAlu,قَالُ,qaAla,qwl,V,P,3MP,lemma+root
qalu,20:84:1,qaAla,قَالَ,qaAla,qwl,V,S,3MS,lemma+root
qalu,20:85:1,qaAla,قَالَ,qaAla,qwl,V,S,3MS,lemma+root
qalu,20:86:7,qaAla,قَالَ,qaAla,qwl,V,S,3MS,lemma+root
qalu,20:87:1,qaAlu,قَالُ,qaAla,qwl,V,P,3MP,lemma+root
qalu,20:88:7,qaAlu,قَالُ,qaAla,qwl,V,P,3MP,lemma+root
qalu,20:89:6,qawolFA,قَوْلًا,qawol,qwl,N,,,root
qalu,20:90:2,qaAla,قَالَ,qaAla,qwl,V,S,3MS,lemma+root
qalu,20:91:1,qaAlu,قَالُ,qaAla,qwl,V,P,3MP,lemma+root
qalu,20:92:1,qaAla,قَالَ,qaAla,qwl,V,S,3MS,lemma+root
qalu,20:94:1,qaAla,قَالَ,qaAla,qwl,V,S,3MS,lemma+root
qalu,20:94:11,taquwla,تَقُولَ,qaAla,qwl,V,S,2MS,lemma+root
qalu,20:94:18,qawoli,قَوْلِ,qawol,qwl,N,,,root
qalu,20:95:1,qaAla,قَالَ,qaAla,qwl,V,S,3MS,lemma+root
qalu,20:96:1,qaAla,قَالَ,qaAla,qwl,V,S,3MS,lemma+root
qalu,20:97:1,qaAla,قَالَ,qaAla,qwl,V,S,3MS,lemma+root
qalu,20:97:8,taquwla,تَقُولَ,qaAla,qwl,V,S,2MS,lemma+root
qalu,20:104:4,yaquwlu,يَقُولُ,qaAla,qwl,V,P,3MP,lemma+root
qalu,20:104:6,yaquwlu,يَقُولُ,qaAla,qwl,V,S,3MS,lemma+root
qalu,20:105:4,qulo,قُلْ,qaAla,qwl,V,S,2MS,lemma+root
qalu,20:109:12,qawolFA,قَوْلًا,qawol,qwl,N,,,root
qalu,20:114:14,qul,قُل,qaAla,qwl,V,S,2MS,lemma+root
qalu,20:116:2,qulo,قُلْ,qaAla,qwl,V,P,1P,lemma+root
qalu,20:117:1,qulo,قُلْ,qaAla,qwl,V,P,1P,lemma+root
qalu,20:120:4,qaAla,قَالَ,qaAla,qwl,V,S,3MS,lemma+root
qalu,20:123:1,qaAla,قَالَ,qaAla,qwl,V,S,3MS,lemma+root
qalu,20:125:1,qaAla,قَالَ,qaAla,qwl,V,S,3MS,lemma+root
qalu,20:126:1,qaAla,قَالَ,qaAla,qwl,V,S,3MS,lemma+root
qalu,20:130:4,yaquwlu,يَقُولُ,qaAla,qwl,V,P,3MP,lemma+root
qalu,20:133:1,qaAlu,قَالُ,qaAla,qwl,V,P,3MP,lemma+root
qalu,20:134:7,qaAlu,قَالُ,qaAla,qwl,V,P,3MP,lemma+root
qalu,20:135:1,qulo,قُلْ,qaAla,qwl,V,S,2MS,lemma+root
qalu,21:4:1,qaAla,قَالَ,qaAla,qwl,V,S,3MS,lemma+root
qalu,21:4:4,qawola,قَوْلَ,qawol,qwl,N,,,root
qalu,21:5:2,qaAlu,قَالُ,qaAla,qwl,V,P,3MP,lemma+root
qalu,21:14:1,qaAlu,قَالُ,qaAla,qwl,V,P,3MP,lemma+root
qalu,21:24:6,qulo,قُلْ,qaAla,qwl,V,S,2MS,lemma+root
qalu,21:26:1,qaAlu,قَالُ,qaAla,qwl,V,P,3MP,lemma+root
qalu,21:27:3,qawoli,قَوْلِ,qawol,qwl,N,,,root
qalu,21:29:2,yaqulo,يَقُلْ,qaAla,qwl,V,S,3MS,lemma+root
qalu,21:38:1,yaquwlu,يَقُولُ,qaAla,qwl,V,P,3MP,lemma+root
qalu,21:42:1,qulo,قُلْ,qaAla,qwl,V,S,2MS,lemma+root
qalu,21:45:1,qulo,قُلْ,qaAla,qwl,V,S,2MS,lemma+root
qalu,21:46:7,yaquwlu,يَقُولُ,qaAla,qwl,V,P,3MP,lemma+root
qalu,21:52:2,qaAla,قَالَ,qaAla,qwl,V,S,3MS,lemma+root
qalu,21:53:1,qaAlu,قَالُ,qaAla,qwl,V,P,3MP,lemma+root
qalu,21:54:1,qaAla,قَالَ,qaAla,qwl,V,S,3MS,lemma+root
qalu,21:55:1,qaAlu,قَالُ,qaAla,qwl,V,P,3MP,lemma+root
qalu,21:56:1,qaAla,قَالَ,qaAla,qwl,V,S,3MS,lemma+root
qalu,21:59:1,qaAlu,قَالُ,qaAla,qwl,V,P,3MP,lemma+root
qalu,21:60:1,qaAlu,قَالُ,qaAla,qwl,V,P,3MP,lemma+root
qalu,21:60:5,yuqaAlu,يُقَالُ,qaAla,qwl,V,S,3MS,lemma+root
qalu,21:61:1,qaAlu,قَالُ,qaAla,qwl,V,P,3MP,lemma+root
qalu,21:62:1,qaAlu,قَالُ,qaAla,qwl,V,P,3MP,lemma+root
qalu,21:63:1,qaAla,قَالَ,qaAla,qwl,V,S,3MS,lemma+root
qalu,21:64:4,qaAlu,قَالُ,qaAla,qwl,V,P,3MP,lemma+root
qalu,21:66:1,qaAla,قَالَ,qaAla,qwl,V,S,3MS,lemma+root
qalu,21:68:1,qaAlu,قَالُ,qaAla,qwl,V,P,3MP,lemma+root
qalu,21:69:1,qulo,قُلْ,qaAla,qwl,V,P,1P,lemma+root
qalu,21:108:1,qulo,قُلْ,qaAla,qwl,V,S,2MS,lemma+root
qalu,21:109:3,qulo,قُلْ,qaAla,qwl,V,S,2MS,lemma+root
qalu,21:110:5,qawoli,قَوْلِ,qawol,qwl,N,,,root
qalu,21:112:1,qa`la,قَٰلَ,qaAla,qwl,V,S,3MS,lemma+root
qalu,22:24:5,qawoli,قَوْلِ,qawol,qwl,N,,,root
qalu,22:30:23,qawola,قَوْلَ,qawol,qwl,N,,,root
qalu,22:40:9,yaquwlu,يَقُولُ,qaAla,qwl,V,P,3MP,lemma+root
qalu,22:49:1,qulo,قُلْ,qaAla,qwl,V,S,2MS,lemma+root
qalu,22:68:3,quli,قُلِ,qaAla,qwl,V,S,2MS,lemma+root
qalu,22:72:18,qulo,قُلْ,qaAla,qwl,V,S,2MS,lemma+root
qalu,23:23:6,qaAla,قَالَ,qaAla,qwl,V,S,3MS,lemma+root
qalu,23:24:1,qaAla,قَالَ,qaAla,qwl,V,S,3MS,lemma+root
qalu,23:26:1,qaAla,قَالَ,qaAla,qwl,V,S,3MS,lemma+root
qalu,23:27:24,qawolu,قَوْلُ,qawol,qwl,N,,,root
qalu,23:28:8,quli,قُلِ,qaAla,qwl,V,S,2MS,lemma+root
qalu,23:29:1,qul,قُل,qaAla,qwl,V,S,2MS,lemma+root
qalu,23:33:1,qaAla,قَالَ,qaAla,qwl,V,S,3MS,lemma+root
qalu,23:39:1,qaAla,قَالَ,qaAla,qwl,V,S,3MS,lemma+root
qalu,23:40:1,qaAla,قَالَ,qaAla,qwl,V,S,3MS,lemma+root
qalu,23:47:1,qaAlu,قَالُ,qaAla,qwl,V,P,3MP,lemma+root
qalu,23:68:3,qawola,قَوْلَ,qawol,qwl,N,,,root
qalu,23:70:2,yaquwlu,يَقُولُ,qaAla,qwl,V,P,3MP,lemma+root
qalu,23:81:2,qaAlu,قَالُ,qaAla,qwl,V,P,3MP,lemma+root
qalu,23:81:5,qaAla,قَالَ,qaAla,qwl,V,S,3MS,lemma+root
qalu,23:82:1,qaAlu,قَالُ,qaAla,qwl,V,P,3MP,lemma+root
qalu,23:84:1,qul,قُل,qaAla,qwl,V,S,2MS,lemma+root
qalu,23:85:1,yaquwlu,يَقُولُ,qaAla,qwl,V,P,3MP,lemma+root
qalu,23:85:3,qulo,قُلْ,qaAla,qwl,V,S,2MS,lemma+root
qalu,23:86:1,qulo,قُلْ,qaAla,qwl,V,S,2MS,lemma+root
qalu,23:87:1,yaquwlu,يَقُولُ,qaAla,qwl,V,P,3MP,lemma+root
qalu,23:87:3,qulo,قُلْ,qaAla,qwl,V,S,2MS,lemma+root
qalu,23:88:1,qulo,قُلْ,qaAla,qwl,V,S,2MS,lemma+root
qalu,23:89:1,yaquwlu,يَقُولُ,qaAla,qwl,V,P,3MP,lemma+root
qalu,23:89:3,qulo,قُلْ,qaAla,qwl,V,S,2MS,lemma+root
qalu,23:93:1,qul,قُل,qaAla,qwl,V,S,2MS,lemma+root
qalu,23:97:1,qul,قُل,qaAla,qwl,V,S,2MS,lemma+root
qalu,23:99:6,qaAla,قَالَ,qaAla,qwl,V,S,3MS,lemma+root
qalu,23:100:10,qaA^}ilu,قَآئِلُ,qaA^}il,qwl,N,,,root
qalu,23:106:1,qaAlu,قَالُ,qaAla,qwl,V,P,3MP,lemma+root
qalu,23:108:1,qaAla,قَالَ,qaAla,qwl,V,S,3MS,lemma+root
qalu,23:109:6,yaquwlu,يَقُولُ,qaAla,qwl,V,P,3MP,lemma+root
qalu,23:112:1,qa`la,قَٰلَ,qaAla,qwl,V,S,3MS,lemma+root
qalu,23:113:1,qaAlu,قَالُ,qaAla,qwl,V,P,3MP,lemma+root
qalu,23:114:1,qa`la,قَٰلَ,qaAla,qwl,V,S,3MS,lemma+root
qalu,23:118:1,qul,قُل,qaAla,qwl,V,S,2MS,lemma+root
qalu,24:12:9,qaAlu,قَالُ,qaAla,qwl,V,P,3MP,lemma+root
qalu,24:15:4,taquwlu,تَقُولُ,qaAla,qwl,V,P,2MP,lemma+root
qalu,24:16:4,qulo,قُلْ,qaAla,qwl,V,P,2MP,lemma+root
qalu,24:26:12,yaquwlu,يَقُولُ,qaAla,qwl,V,P,3MP,lemma+root
qalu,24:28:12,qiyla,قِيلَ,qaAla,qwl,V,S,3MS,lemma+root
qalu,24:30:1,qul,قُل,qaAla,qwl,V,S,2MS,lemma+root
qalu,24:31:1,qul,قُل,qaAla,qwl,V,S,2MS,lemma+root
qalu,24:47:1,yaquwlu,يَقُولُ,qaAla,qwl,V,P,3MP,lemma+root
qalu,24:51:3,qawola,قَوْلَ,qawol,qwl,N,,,root
qalu,24:51:13,yaquwlu,يَقُولُ,qaAla,qwl,V,P,3MP,lemma+root
qalu,24:53:8,qul,قُل,qaAla,qwl,V,S,2MS,lemma+root
qalu,24:54:1,qulo,قُلْ,qaAla,qwl,V,S,2MS,lemma+root
qalu,25:4:1,qaAla,قَالَ,qaAla,qwl,V,S,3MS,lemma+root
qalu,25:5:1,qaAlu,قَالُ,qaAla,qwl,V,P,3MP,lemma+root
qalu,25:6:1,qulo,قُلْ,qaAla,qwl,V,S,2MS,lemma+root
qalu,25:7:1,qaAlu,قَالُ,qaAla,qwl,V,P,3MP,lemma+root
qalu,25:8:11,qaAla,قَالَ,qaAla,qwl,V,S,3MS,lemma+root
qalu,25:15:1,qulo,قُلْ,qaAla,qwl,V,S,2MS,lemma+root
qalu,25:17:8,yaquwlu,يَقُولُ,qaAla,qwl,V,S,3MS,lemma+root
qalu,25:18:1,qaAlu,قَالُ,qaAla,qwl,V,P,3MP,lemma+root
qalu,25:19:4,taquwlu,تَقُولُ,qaAla,qwl,V,P,2MP,lemma+root
qalu,25:21:1,qaAla,قَالَ,qaAla,qwl,V,S,3MS,lemma+root
qalu,25:22:8,yaquwlu,يَقُولُ,qaAla,qwl,V,P,3MP,lemma+root
qalu,25:27:6,yaquwlu,يَقُولُ,qaAla,qwl,V,S,3MS,lemma+root
qalu,25:30:1,qaAla,قَالَ,qaAla,qwl,V,S,3MS,lemma+root
qalu,25:32:1,qaAla,قَالَ,qaAla,qwl,V,S,3MS,lemma+root
qalu,25:36:1,qulo,قُلْ,qaAla,qwl,V,P,1P,lemma+root
qalu,25:57:1,qulo,قُلْ,qaAla,qwl,V,S,2MS,lemma+root
qalu,25:60:2,qiyla,قِيلَ,qaAla,qwl,V,S,3MS,lemma+root
qalu,25:60:6,qaAlu,قَالُ,qaAla,qwl,V,P,3MP,lemma+root
qalu,25:63:11,qaAlu,قَالُ,qaAla,qwl,V,P,3MP,lemma+root
qalu,25:65:2,yaquwlu,يَقُولُ,qaAla,qwl,V,P,3MP,lemma+root
qalu,25:74:2,yaquwlu,يَقُولُ,qaAla,qwl,V,P,3MP,lemma+root
qalu,25:77:1,qulo,قُلْ,qaAla,qwl,V,S,2MS,lemma+root
qalu,26:12:1,qaAla,قَالَ,qaAla,qwl,V,S,3MS,lemma+root
qalu,26:15:1,qaAla,قَالَ,qaAla,qwl,V,S,3MS,lemma+root
qalu,26:16:3,quwla,قُولَ,qaAla,qwl,V,D,2D,lemma+root
qalu,26:18:1,qaAla,قَالَ,qaAla,qwl,V,S,3MS,lemma+root
qalu,26:20:1,qaAla,قَالَ,qaAla,qwl,V,S,3MS,lemma+root
qalu,26:23:1,qaAla,قَالَ,qaAla,qwl,V,S,3MS,lemma+root
qalu,26:24:1,qaAla,قَالَ,qaAla,qwl,V,S,3MS,lemma+root
qalu,26:25:1,qaAla,قَالَ,qaAla,qwl,V,S,3MS,lemma+root
qalu,26:26:1,qaAla,قَالَ,qaAla,qwl,V,S,3MS,lemma+root
qalu,26:27:1,qaAla,قَالَ,qaAla,qwl,V,S,3MS,lemma+root
qalu,26:28:1,qaAla,قَالَ,qaAla,qwl,V,S,3MS,lemma+root
qalu,26:29:1,qaAla,قَالَ,qaAla,qwl,V,S,3MS,lemma+root
qalu,26:30:1,qaAla,قَالَ,qaAla,qwl,V,S,3MS,lemma+root
qalu,26:31:1,qaAla,قَالَ,qaAla,qwl,V,S,3MS,lemma+root
qalu,26:34:1,qaAla,قَالَ,qaAla,qwl,V,S,3MS,lemma+root
qalu,26:36:1,qaAlu,قَالُ,qaAla,qwl,V,P,3MP,lemma+root
qalu,26:39:1,qiyla,قِيلَ,qaAla,qwl,V,S,3MS,lemma+root
qalu,26:41:4,qaAlu,قَالُ,qaAla,qwl,V,P,3MP,lemma+root
qalu,26:42:1,qaAla,قَالَ,qaAla,qwl,V,S,3MS,lemma+root
qalu,26:43:1,qaAla,قَالَ,qaAla,qwl,V,S,3MS,lemma+root
qalu,26:44:4,qaAlu,قَالُ,qaAla,qwl,V,P,3MP,lemma+root
qalu,26:47:1,qaAlu,قَالُ,qaAla,qwl,V,P,3MP,lemma+root
qalu,26:49:1,qaAla,قَالَ,qaAla,qwl,V,S,3MS,lemma+root
qalu,26:50:1,qaAlu,قَالُ,qaAla,qwl,V,P,3MP,lemma+root
qalu,26:61:4,qaAla,قَالَ,qaAla,qwl,V,S,3MS,lemma+root
qalu,26:62:1,qaAla,قَالَ,qaAla,qwl,V,S,3MS,lemma+root
qalu,26:70:2,qaAla,قَالَ,qaAla,qwl,V,S,3MS,lemma+root
qalu,26:71:1,qaAlu,قَالُ,qaAla,qwl,V,P,3MP,lemma+root
qalu,26:72:1,qaAla,قَالَ,qaAla,qwl,V,S,3MS,lemma+root
qalu,26:74:1,qaAlu,قَالُ,qaAla,qwl,V,P,3MP,lemma+root
qalu,26:75:1,qaAla,قَالَ,qaAla,qwl,V,S,3MS,lemma+root
qalu,26:92:1,qiyla,قِيلَ,qaAla,qwl,V,S,3MS,lemma+root
qalu,26:96:1,qaAlu,قَالُ,qaAla,qwl,V,P,3MP,lemma+root
qalu,26:106:2,qaAla,قَالَ,qaAla,qwl,V,S,3MS,lemma+root
qalu,26:111:1,qaAlu,قَالُ,qaAla,qwl,V,P,3MP,lemma+root
qalu,26:112:1,qaAla,قَالَ,qaAla,qwl,V,S,3MS,lemma+root
qalu,26:116:1,qaAlu,قَالُ,qaAla,qwl,V,P,3MP,lemma+root
qalu,26:117:1,qaAla,قَالَ,qaAla,qwl,V,S,3MS,lemma+root
qalu,26:124:2,qaAla,قَالَ,qaAla,qwl,V,S,3MS,lemma+root
qalu,26:136:1,qaAlu,قَالُ,qaAla,qwl,V,P,3MP,lemma+root
qalu,26:142:2,qaAla,قَالَ,qaAla,qwl,V,S,3MS,lemma+root
qalu,26:153:1,qaAlu,قَالُ,qaAla,qwl,V,P,3MP,lemma+root
qalu,26:155:1,qaAla,قَالَ,qaAla,qwl,V,S,3MS,lemma+root
qalu,26:161:2,qaAla,قَالَ,qaAla,qwl,V,S,3MS,lemma+root
qalu,26:167:1,qaAlu,قَالُ,qaAla,qwl,V,P,3MP,lemma+root
qalu,26:168:1,qaAla,قَالَ,qaAla,qwl,V,S,3MS,lemma+root
qalu,26:177:2,qaAla,قَالَ,qaAla,qwl,V,S,3MS,lemma+root
qalu,26:185:1,qaAlu,قَالُ,qaAla,qwl,V,P,3MP,lemma+root
qalu,26:188:1,qaAla,قَالَ,qaAla,qwl,V,S,3MS,lemma+root
qalu,26:203:1,yaquwlu,يَقُولُ,qaAla,qwl,V,P,3MP,lemma+root
qalu,26:216:3,qulo,قُلْ,qaAla,qwl,V,S,2MS,lemma+root
qalu,26:226:2,yaquwlu,يَقُولُ,qaAla,qwl,V,P,3MP,lemma+root
qalu,27:7:2,qaAla,قَالَ,qaAla,qwl,V,S,3MS,lemma+root
qalu,27:13:5,qaAlu,قَالُ,qaAla,qwl,V,P,3MP,lemma+root
qalu,27:15:6,qaAla,قَالَ,qaAla,qwl,V,D,3MD,lemma+root
qalu,27:16:4,qaAla,قَالَ,qaAla,qwl,V,S,3MS,lemma+root
qalu,27:18:7,qaAlato,قَالَتْ,qaAla,qwl,V,S,3FS,lemma+root
qalu,27:19:4,qawoli,قَوْلِ,qawol,qwl,N,,,root
qalu,27:19:5,qaAla,قَالَ,qaAla,qwl,V,S,3MS,lemma+root
qalu,27:20:3,qaAla,قَالَ,qaAla,qwl,V,S,3MS,lemma+root
qalu,27:22:4,qaAla,قَالَ,qaAla,qwl,V,S,3MS,lemma+root
qalu,27:27:1,qaAla,قَالَ,qaAla,qwl,V,S,3MS,lemma+root
qalu,27:29:1,qaAlato,قَالَتْ,qaAla,qwl,V,S,3FS,lemma+root
qalu,27:32:1,qaAlato,قَالَتْ,qaAla,qwl,V,S,3FS,lemma+root
qalu,27:33:1,qaAlu,قَالُ,qaAla,qwl,V,P,3MP,lemma+root
qalu,27:34:1,qaAlato,قَالَتْ,qaAla,qwl,V,S,3FS,lemma+root
qalu,27:36:4,qaAla,قَالَ,qaAla,qwl,V,S,3MS,lemma+root
qalu,27:38:1,qaAla,قَالَ,qaAla,qwl,V,S,3MS,lemma+root
qalu,27:39:1,qaAla,قَالَ,qaAla,qwl,V,S,3MS,lemma+root
qalu,27:40:1,qaAla,قَالَ,qaAla,qwl,V,S,3MS,lemma+root
qalu,27:40:19,qaAla,قَالَ,qaAla,qwl,V,S,3MS,lemma+root
qalu,27:41:1,qaAla,قَالَ,qaAla,qwl,V,S,3MS,lemma+root
qalu,27:42:3,qiyla,قِيلَ,qaAla,qwl,V,S,3MS,lemma+root
qalu,27:42:6,qaAlato,قَالَتْ,qaAla,qwl,V,S,3FS,lemma+root
qalu,27:44:1,qiyla,قِيلَ,qaAla,qwl,V,S,3MS,lemma+root
qalu,27:44:12,qaAla,قَالَ,qaAla,qwl,V,S,3MS,lemma+root
qalu,27:44:18,qaAlato,قَالَتْ,qaAla,qwl,V,S,3FS,lemma+root
qalu,27:46:1,qaAla,قَالَ,qaAla,qwl,V,S,3MS,lemma+root
qalu,27:47:1,qaAlu,قَالُ,qaAla,qwl,V,P,3MP,lemma+root
qalu,27:47:6,qaAla,قَالَ,qaAla,qwl,V,S,3MS,lemma+root
qalu,27:49:1,qaAlu,قَالُ,qaAla,qwl,V,P,3MP,lemma+root
qalu,27:49:7,naquwla,نَقُولَ,qaAla,qwl,V,P,1P,lemma+root
qalu,27:54:3,qaAla,قَالَ,qaAla,qwl,V,S,3MS,lemma+root
qalu,27:56:7,qaAlu,قَالُ,qaAla,qwl,V,P,3MP,lemma+root
qalu,27:59:1,quli,قُلِ,qaAla,qwl,V,S,2MS,lemma+root
qalu,27:64:14,qulo,قُلْ,qaAla,qwl,V,S,2MS,lemma+root
qalu,27:65:1,qul,قُل,qaAla,qwl,V,S,2MS,lemma+root
qalu,27:67:1,qaAla,قَالَ,qaAla,qwl,V,S,3MS,lemma+root
qalu,27:69:1,qulo,قُلْ,qaAla,qwl,V,S,2MS,lemma+root
qalu,27:71:1,yaquwlu,يَقُولُ,qaAla,qwl,V,P,3MP,lemma+root
qalu,27:72:1,qulo,قُلْ,qaAla,qwl,V,S,2MS,lemma+root
qalu,27:82:3,qawolu,قَوْلُ,qawol,qwl,N,,,root
qalu,27:84:4,qaAla,قَالَ,qaAla,qwl,V,S,3MS,lemma+root
qalu,27:85:2,qawolu,قَوْلُ,qawol,qwl,N,,,root
qalu,27:92:11,qulo,قُلْ,qaAla,qwl,V,S,2MS,lemma+root
qalu,27:93:1,quli,قُلِ,qaAla,qwl,V,S,2MS,lemma+root
qalu,28:9:1,qaAlati,قَالَتِ,qaAla,qwl,V,S,3FS,lemma+root
qalu,28:11:1,qaAlato,قَالَتْ,qaAla,qwl,V,S,3FS,lemma+root
qalu,28:12:6,qaAlato,قَالَتْ,qaAla,qwl,V,S,3FS,lemma+root
qalu,28:15:30,qaAla,قَالَ,qaAla,qwl,V,S,3MS,lemma+root
qalu,28:16:1,qaAla,قَالَ,qaAla,qwl,V,S,3MS,lemma+root
qalu,28:17:1,qaAla,قَالَ,qaAla,qwl,V,S,3MS,lemma+root
qalu,28:18:11,qaAla,قَالَ,qaAla,qwl,V,S,3MS,lemma+root
qalu,28:19:10,qaAla,قَالَ,qaAla,qwl,V,S,3MS,lemma+root
qalu,28:20:7,qaAla,قَالَ,qaAla,qwl,V,S,3MS,lemma+root
qalu,28:21:5,qaAla,قَالَ,qaAla,qwl,V,S,3MS,lemma+root
qalu,28:22:5,qaAla,قَالَ,qaAla,qwl,V,S,3MS,lemma+root
qalu,28:23:16,qaAla,قَالَ,qaAla,qwl,V,S,3MS,lemma+root
qalu,28:23:19,qaAla,قَالَ,qaAla,qwl,V,D,3FD,lemma+root
qalu,28:24:7,qaAla,قَالَ,qaAla,qwl,V,S,3MS,lemma+root
qalu,28:25:6,qaAlato,قَالَتْ,qaAla,qwl,V,S,3FS,lemma+root
qalu,28:25:20,qaAla,قَالَ,qaAla,qwl,V,S,3MS,lemma+root
qalu,28:26:1,qaAlato,قَالَتْ,qaAla,qwl,V,S,3FS,lemma+root
qalu,28:27:1,qaAla,قَالَ,qaAla,qwl,V,S,3MS,lemma+root
qalu,28:28:1,qaAla,قَالَ,qaAla,qwl,V,S,3MS,lemma+root
qalu,28:28:14,naquwlu,نَقُولُ,qaAla,qwl,V,P,1P,lemma+root
qalu,28:29:12,qaAla,قَالَ,qaAla,qwl,V,S,3MS,lemma+root
qalu,28:33:1,qaAla,قَالَ,qaAla,qwl,V,S,3MS,lemma+root
qalu,28:35:1,qaAla,قَالَ,qaAla,qwl,V,S,3MS,lemma+root
qalu,28:36:6,qaAlu,قَالُ,qaAla,qwl,V,P,3MP,lemma+root
qalu,28:37:1,qaAla,قَالَ,qaAla,qwl,V,S,3MS,lemma+root
qalu,28:38:1,qaAla,قَالَ,qaAla,qwl,V,S,3MS,lemma+root
qalu,28:47:8,yaquwlu,يَقُولُ,qaAla,qwl,V,P,3MP,lemma+root
qalu,28:48:6,qaAlu,قَالُ,qaAla,qwl,V,P,3MP,lemma+root
qalu,28:48:20,qaAlu,قَالُ,qaAla,qwl,V,P,3MP,lemma+root
qalu,28:48:23,qaAlu,قَالُ,qaAla,qwl,V,P,3MP,lemma+root
qalu,28:49:1,qulo,قُلْ,qaAla,qwl,V,S,2MS,lemma+root
qalu,28:51:4,qawola,قَوْلَ,qawol,qwl,N,,,root
qalu,28:53:4,qaAlu,قَالُ,qaAla,qwl,V,P,3MP,lemma+root
qalu,28:55:6,qaAlu,قَالُ,qaAla,qwl,V,P,3MP,lemma+root
qalu,28:57:1,qaAlu,قَالُ,qaAla,qwl,V,P,3MP,lemma+root
qalu,28:62:3,yaquwlu,يَقُولُ,qaAla,qwl,V,S,3MS,lemma+root
qalu,28:63:1,qaAla,قَالَ,qaAla,qwl,V,S,3MS,lemma+root
qalu,28:63:5,qawolu,قَوْلُ,qawol,qwl,N,,,root
qalu,28:64:1,qiyla,قِيلَ,qaAla,qwl,V,S,3MS,lemma+root
qalu,28:65:3,yaquwlu,يَقُولُ,qaAla,qwl,V,S,3MS,lemma+root
qalu,28:71:1,qulo,قُلْ,qaAla,qwl,V,S,2MS,lemma+root
qalu,28:72:1,qulo,قُلْ,qaAla,qwl,V,S,2MS,lemma+root
qalu,28:74:3,yaquwlu,يَقُولُ,qaAla,qwl,V,S,3MS,lemma+root
qalu,28:75:6,qulo,قُلْ,qaAla,qwl,V,P,1P,lemma+root
qalu,28:76:20,qaAla,قَالَ,qaAla,qwl,V,S,3MS,lemma+root
qalu,28:78:1,qaAla,قَالَ,qaAla,qwl,V,S,3MS,lemma+root
qalu,28:79:6,qaAla,قَالَ,qaAla,qwl,V,S,3MS,lemma+root
qalu,28:80:1,qaAla,قَالَ,qaAla,qwl,V,S,3MS,lemma+root
qalu,28:82:6,yaquwlu,يَقُولُ,qaAla,qwl,V,P,3MP,lemma+root
qalu,28:85:9,qul,قُل,qaAla,qwl,V,S,2MS,lemma+root
qalu,29:2:6,yaquwlu,يَقُولُ,qaAla,qwl,V,P,3MP,lemma+root
qalu,29:10:4,yaquwlu,يَقُولُ,qaAla,qwl,V,S,3MS,lemma+root
qalu,29:10:21,yaquwlu,يَقُولُ,qaAla,qwl,V,P,3MP,lemma+root
qalu,29:12:1,qaAla,قَالَ,qaAla,qwl,V,S,3MS,lemma+root
qalu,29:16:3,qaAla,قَالَ,qaAla,qwl,V,S,3MS,lemma+root
qalu,29:20:1,qulo,قُلْ,qaAla,qwl,V,S,2MS,lemma+root
qalu,29:24:7,qaAlu,قَالُ,qaAla,qwl,V,P,3MP,lemma+root
qalu,29:25:1,qaAla,قَالَ,qaAla,qwl,V,S,3MS,lemma+root
qalu,29:26:4,qaAla,قَالَ,qaAla,qwl,V,S,3MS,lemma+root
qalu,29:28:3,qaAla,قَالَ,qaAla,qwl,V,S,3MS,lemma+root
qalu,29:29:16,qaAlu,قَالُ,qaAla,qwl,V,P,3MP,lemma+root
qalu,29:30:1,qaAla,قَالَ,qaAla,qwl,V,S,3MS,lemma+root
qalu,29:31:6,qaAlu,قَالُ,qaAla,qwl,V,P,3MP,lemma+root
qalu,29:32:1,qaAla,قَالَ,qaAla,qwl,V,S,3MS,lemma+root
qalu,29:32:5,qaAlu,قَالُ,qaAla,qwl,V,P,3MP,lemma+root
qalu,29:33:11,qaAlu,قَالُ,qaAla,qwl,V,P,3MP,lemma+root
qalu,29:36:5,qaAla,قَالَ,qaAla,qwl,V,S,3MS,lemma+root
qalu,29:46:13,quwlu,قُولُ,qaAla,qwl,V,P,2MP,lemma+root
qalu,29:50:1,qaAlu,قَالُ,qaAla,qwl,V,P,3MP,lemma+root
qalu,29:50:8,qulo,قُلْ,qaAla,qwl,V,S,2MS,lemma+root
qalu,29:52:1,qulo,قُلْ,qaAla,qwl,V,S,2MS,lemma+root
qalu,29:55:9,yaquwlu,يَقُولُ,qaAla,qwl,V,S,3MS,lemma+root
qalu,29:61:10,yaquwlu,يَقُولُ,qaAla,qwl,V,P,3MP,lemma+root
qalu,29:63:14,yaquwlu,يَقُولُ,qaAla,qwl,V,P,3MP,lemma+root
qalu,29:63:16,quli,قُلِ,qaAla,qwl,V,S,2MS,lemma+root
qalu,30:42:1,qulo,قُلْ,qaAla,qwl,V,S,2MS,lemma+root
qalu,30:56:1,qaAla,قَالَ,qaAla,qwl,V,S,3MS,lemma+root
qalu,30:58:13,yaquwla,يَقُولَ,qaAla,qwl,V,S,3MS,lemma+root
qalu,31:13:2,qaAla,قَالَ,qaAla,qwl,V,S,3MS,lemma+root
qalu,31:21:2,qiyla,قِيلَ,qaAla,qwl,V,S,3MS,lemma+root
qalu,31:21:8,qaAlu,قَالُ,qaAla,qwl,V,P,3MP,lemma+root
qalu,31:25:7,yaquwlu,يَقُولُ,qaAla,qwl,V,P,3MP,lemma+root
qalu,31:25:9,quli,قُلِ,qaAla,qwl,V,S,2MS,lemma+root
qalu,32:3:2,yaquwlu,يَقُولُ,qaAla,qwl,V,P,3MP,lemma+root
qalu,32:10:1,qaAlu,قَالُ,qaAla,qwl,V,P,3MP,lemma+root
qalu,32:11:1,qulo,قُلْ,qaAla,qwl,V,S,2MS,lemma+root
qalu,32:13:9,qawolu,قَوْلُ,qawol,qwl,N,,,root
qalu,32:20:13,qiyla,قِيلَ,qaAla,qwl,V,S,3MS,lemma+root
qalu,32:28:1,yaquwlu,يَقُولُ,qaAla,qwl,V,P,3MP,lemma+root
qalu,32:29:1,qulo,قُلْ,qaAla,qwl,V,S,2MS,lemma+root
qalu,33:4:21,qawolu,قَوْلُ,qawol,qwl,N,,,root
qalu,33:4:24,yaquwlu,يَقُولُ,qaAla,qwl,V,S,3MS,lemma+root
qalu,33:12:2,yaquwlu,يَقُولُ,qaAla,qwl,V,S,3MS,lemma+root
qalu,33:13:2,qaAlat,قَالَت,qaAla,qwl,V,S,3FS,lemma+root
qalu,33:13:15,yaquwlu,يَقُولُ,qaAla,qwl,V,P,3MP,lemma+root
qalu,33:16:1,qul,قُل,qaAla,qwl,V,S,2MS,lemma+root
qalu,33:17:1,qulo,قُلْ,qaAla,qwl,V,S,2MS,lemma+root
qalu,33:18:6,qaA^}iliyna,قَآئِلِينَ,qaA^}il,qwl,N,P,MP,root
qalu,33:22:5,qaAlu,قَالُ,qaAla,qwl,V,P,3MP,lemma+root
qalu,33:28:3,qul,قُل,qaAla,qwl,V,S,2MS,lemma+root
qalu,33:32:11,qawoli,قَوْلِ,qawol,qwl,N,,,root
qalu,33:32:17,qulo,قُلْ,qaAla,qwl,V,P,2FP,lemma+root
qalu,33:32:18,qawolFA,قَوْلًا,qawol,qwl,N,,,root
qalu,33:37:2,taquwlu,تَقُولُ,qaAla,qwl,V,S,2MS,lemma+root
qalu,33:59:3,qul,قُل,qaAla,qwl,V,S,2MS,lemma+root
qalu,33:63:5,qulo,قُلْ,qaAla,qwl,V,S,2MS,lemma+root
qalu,33:66:6,yaquwlu,يَقُولُ,qaAla,qwl,V,P,3MP,lemma+root
qalu,33:67:1,qaAlu,قَالُ,qaAla,qwl,V,P,3MP,lemma+root
qalu,33:69:12,qaAlu,قَالُ,qaAla,qwl,V,P,3MP,lemma+root
qalu,33:70:6,quwlu,قُولُ,qaAla,qwl,V,P,2MP,lemma+root
qalu,33:70:7,qawolFA,قَوْلًا,qawol,qwl,N,,,root
qalu,34:3:1,qaAla,قَالَ,qaAla,qwl,V,S,3MS,lemma+root
qalu,34:3:7,qulo,قُلْ,qaAla,qwl,V,S,2MS,lemma+root
qalu,34:7:1,qaAla,قَالَ,qaAla,qwl,V,S,3MS,lemma+root
qalu,34:19:1,qaAlu,قَالُ,qaAla,qwl,V,P,3MP,lemma+root
qalu,34:22:1,quli,قُلِ,qaAla,qwl,V,S,2MS,lemma+root
qalu,34:23:14,qaAlu,قَالُ,qaAla,qwl,V,P,3MP,lemma+root
qalu,34:23:16,qaAla,قَالَ,qaAla,qwl,V,S,3MS,lemma+root
qalu,34:23:18,qaAlu,قَالُ,qaAla,qwl,V,P,3MP,lemma+root
qalu,34:24:1,qulo,قُلْ,qaAla,qwl,V,S,2MS,lemma+root
qalu,34:24:7,quli,قُلِ,qaAla,qwl,V,S,2MS,lemma+root
qalu,34:25:1,qul,قُل,qaAla,qwl,V,S,2MS,lemma+root
qalu,34:26:1,qulo,قُلْ,qaAla,qwl,V,S,2MS,lemma+root
qalu,34:27:1,qulo,قُلْ,qaAla,qwl,V,S,2MS,lemma+root
qalu,34:29:1,yaquwlu,يَقُولُ,qaAla,qwl,V,P,3MP,lemma+root
qalu,34:30:1,qul,قُل,qaAla,qwl,V,S,2MS,lemma+root
qalu,34:31:1,qaAla,قَالَ,qaAla,qwl,V,S,3MS,lemma+root
qalu,34:31:23,qawola,قَوْلَ,qawol,qwl,N,,,root
qalu,34:31:24,yaquwlu,يَقُولُ,qaAla,qwl,V,S,3MS,lemma+root
qalu,34:32:1,qaAla,قَالَ,qaAla,qwl,V,S,3MS,lemma+root
qalu,34:33:1,qaAla,قَالَ,qaAla,qwl,V,S,3MS,lemma+root
qalu,34:34:8,qaAla,قَالَ,qaAla,qwl,V,S,3MS,lemma+root
qalu,34:35:1,qaAlu,قَالُ,qaAla,qwl,V,P,3MP,lemma+root
qalu,34:36:1,qulo,قُلْ,qaAla,qwl,V,S,2MS,lemma+root
qalu,34:39:1,qulo,قُلْ,qaAla,qwl,V,S,2MS,lemma+root
qalu,34:40:5,yaquwlu,يَقُولُ,qaAla,qwl,V,S,3MS,lemma+root
qalu,34:41:1,qaAlu,قَالُ,qaAla,qwl,V,P,3MP,lemma+root
qalu,34:42:9,naquwlu,نَقُولُ,qaAla,qwl,V,P,1P,lemma+root
qalu,34:43:6,qaAlu,قَالُ,qaAla,qwl,V,P,3MP,lemma+root
qalu,34:43:18,qaAlu,قَالُ,qaAla,qwl,V,P,3MP,lemma+root
qalu,34:43:24,qaAla,قَالَ,qaAla,qwl,V,S,3MS,lemma+root
qalu,34:46:1,qulo,قُلْ,qaAla,qwl,V,S,2MS,lemma+root
qalu,34:47:1,qulo,قُلْ,qaAla,qwl,V,S,2MS,lemma+root
qalu,34:48:1,qulo,قُلْ,qaAla,qwl,V,S,2MS,lemma+root
qalu,34:49:1,qulo,قُلْ,qaAla,qwl,V,S,2MS,lemma+root
qalu,34:50:1,qulo,قُلْ,qaAla,qwl,V,S,2MS,lemma+root
qalu,34:52:1,qaAlu,قَالُ,qaAla,qwl,V,P,3MP,lemma+root
qalu,35:34:1,qaAlu,قَالُ,qaAla,qwl,V,P,3MP,lemma+root
qalu,35:40:1,qulo,قُلْ,qaAla,qwl,V,S,2MS,lemma+root
qalu,36:7:3,qawolu,قَوْلُ,qawol,qwl,N,,,root
qalu,36:14:8,qaAlu,قَالُ,qaAla,qwl,V,P,3MP,lemma+root
qalu,36:15:1,qaAlu,قَالُ,qaAla,qwl,V,P,3MP,lemma+root
qalu,36:16:1,qaAlu,قَالُ,qaAla,qwl,V,P,3MP,lemma+root
qalu,36:18:1,qaAlu,قَالُ,qaAla,qwl,V,P,3MP,lemma+root
qalu,36:19:1,qaAlu,قَالُ,qaAla,qwl,V,P,3MP,lemma+root
qalu,36:20:7,qaAla,قَالَ,qaAla,qwl,V,S,3MS,lemma+root
qalu,36:26:1,qiyla,قِيلَ,qaAla,qwl,V,S,3MS,lemma+root
qalu,36:26:4,qaAla,قَالَ,qaAla,qwl,V,S,3MS,lemma+root
qalu,36:45:2,qiyla,قِيلَ,qaAla,qwl,V,S,3MS,lemma+root
qalu,36:47:2,qiyla,قِيلَ,qaAla,qwl,V,S,3MS,lemma+root
qalu,36:47:8,qaAla,قَالَ,qaAla,qwl,V,S,3MS,lemma+root
qalu,36:48:1,yaquwlu,يَقُولُ,qaAla,qwl,V,P,3MP,lemma+root
qalu,36:52:1,qaAlu,قَالُ,qaAla,qwl,V,P,3MP,lemma+root
qalu,36:58:2,qawolFA,قَوْلًا,qawol,qwl,N,,,root
qalu,36:70:6,qawolu,قَوْلُ,qawol,qwl,N,,,root
qalu,36:76:3,qawolu,قَوْلُ,qawol,qwl,N,,,root
qalu,36:78:6,qaAla,قَالَ,qaAla,qwl,V,S,3MS,lemma+root
qalu,36:79:1,qulo,قُلْ,qaAla,qwl,V,S,2MS,lemma+root
qalu,36:82:7,yaquwla,يَقُولَ,qaAla,qwl,V,S,3MS,lemma+root
qalu,37:15:1,qaAlu,قَالُ,qaAla,qwl,V,P,3MP,lemma+root
qalu,37:18:1,qulo,قُلْ,qaAla,qwl,V,S,2MS,lemma+root
qalu,37:20:1,qaAlu,قَالُ,qaAla,qwl,V,P,3MP,lemma+root
qalu,37:28:1,qaAlu,قَالُ,qaAla,qwl,V,P,3MP,lemma+root
qalu,37:29:1,qaAlu,قَالُ,qaAla,qwl,V,P,3MP,lemma+root
qalu,37:31:3,qawolu,قَوْلُ,qawol,qwl,N,,,root
qalu,37:35:4,qiyla,قِيلَ,qaAla,qwl,V,S,3MS,lemma+root
qalu,37:36:1,yaquwlu,يَقُولُ,qaAla,qwl,V,P,3MP,lemma+root
qalu,37:51:1,qaAla,قَالَ,qaAla,qwl,V,S,3MS,lemma+root
qalu,37:51:2,qaA^}ilN,قَآئِلٌ,qaA^}il,qwl,N,,,root
qalu,37:52:1,yaquwlu,يَقُولُ,qaAla,qwl,V,S,3MS,lemma+root
qalu,37:54:1,qaAla,قَالَ,qaAla,qwl,V,S,3MS,lemma+root
qalu,37:56:1,qaAla,قَالَ,qaAla,qwl,V,S,3MS,lemma+root
qalu,37:85:2,qaAla,قَالَ,qaAla,qwl,V,S,3MS,lemma+root
qalu,37:89:1,qaAla,قَالَ,qaAla,qwl,V,S,3MS,lemma+root
qalu,37:91:4,qaAla,قَالَ,qaAla,qwl,V,S,3MS,lemma+root
qalu,37:95:1,qaAla,قَالَ,qaAla,qwl,V,S,3MS,lemma+root
qalu,37:97:1,qaAlu,قَالُ,qaAla,qwl,V,P,3MP,lemma+root
qalu,37:99:1,qaAla,قَالَ,qaAla,qwl,V,S,3MS,lemma+root
qalu,37:102:5,qaAla,قَالَ,qaAla,qwl,V,S,3MS,lemma+root
qalu,37:102:16,qaAla,قَالَ,qaAla,qwl,V,S,3MS,lemma+root
qalu,37:124:2,qaAla,قَالَ,qaAla,qwl,V,S,3MS,lemma+root
qalu,37:151:5,yaquwlu,يَقُولُ,qaAla,qwl,V,P,3MP,lemma+root
qalu,37:167:3,yaquwlu,يَقُولُ,qaAla,qwl,V,P,3MP,lemma+root
qalu,38:4:6,qaAla,قَالَ,qaAla,qwl,V,S,3MS,lemma+root
qalu,38:16:1,qaAlu,قَالُ,qaAla,qwl,V,P,3MP,lemma+root
qalu,38:17:4,yaquwlu,يَقُولُ,qaAla,qwl,V,P,3MP,lemma+root
qalu,38:22:7,qaAlu,قَالُ,qaAla,qwl,V,P,3MP,lemma+root
qalu,38:23:11,qaAla,قَالَ,qaAla,qwl,V,S,3MS,lemma+root
qalu,38:24:1,qaAla,قَالَ,qaAla,qwl,V,S,3MS,lemma+root
qalu,38:32:1,qaAla,قَالَ,qaAla,qwl,V,S,3MS,lemma+root
qalu,38:35:1,qaAla,قَالَ,qaAla,qwl,V,S,3MS,lemma+root
qalu,38:60:1,qaAlu,قَالُ,qaAla,qwl,V,P,3MP,lemma+root
qalu,38:61:1,qaAlu,قَالُ,qaAla,qwl,V,P,3MP,lemma+root
qalu,38:62:1,qaAlu,قَالُ,qaAla,qwl,V,P,3MP,lemma+root
qalu,38:65:1,qulo,قُلْ,qaAla,qwl,V,S,2MS,lemma+root
qalu,38:67:1,qulo,قُلْ,qaAla,qwl,V,S,2MS,lemma+root
qalu,38:71:2,qaAla,قَالَ,qaAla,qwl,V,S,3MS,lemma+root
qalu,38:75:1,qaAla,قَالَ,qaAla,qwl,V,S,3MS,lemma+root
qalu,38:76:1,qaAla,قَالَ,qaAla,qwl,V,S,3MS,lemma+root
qalu,38:77:1,qaAla,قَالَ,qaAla,qwl,V,S,3MS,lemma+root
qalu,38:79:1,qaAla,قَالَ,qaAla,qwl,V,S,3MS,lemma+root
qalu,38:80:1,qaAla,قَالَ,qaAla,qwl,V,S,3MS,lemma+root
qalu,38:82:1,qaAla,قَالَ,qaAla,qwl,V,S,3MS,lemma+root
qalu,38:84:1,qaAla,قَالَ,qaAla,qwl,V,S,3MS,lemma+root
qalu,38:84:4,>aquwlu,أَقُولُ,qaAla,qwl,V,S,1S,lemma+root
qalu,38:86:1,qulo,قُلْ,qaAla,qwl,V,S,2MS,lemma+root
qalu,39:8:27,qulo,قُلْ,qaAla,qwl,V,S,2MS,lemma+root
qalu,39:9:13,qulo,قُلْ,qaAla,qwl,V,S,2MS,lemma+root
qalu,39:10:1,qulo,قُلْ,qaAla,qwl,V,S,2MS,lemma+root
qalu,39:11:1,qulo,قُلْ,qaAla,qwl,V,S,2MS,lemma+root
qalu,39:13:1,qulo,قُلْ,qaAla,qwl,V,S,2MS,lemma+root
qalu,39:14:1,quli,قُلِ,qaAla,qwl,V,S,2MS,lemma+root
qalu,39:15:6,qulo,قُلْ,qaAla,qwl,V,S,2MS,lemma+root
qalu,39:18:3,qawola,قَوْلَ,qawol,qwl,N,,,root
qalu,39:24:8,qiyla,قِيلَ,qaAla,qwl,V,S,3MS,lemma+root
qalu,39:38:7,yaquwlu,يَقُولُ,qaAla,qwl,V,P,3MP,lemma+root
qalu,39:38:9,qulo,قُلْ,qaAla,qwl,V,S,2MS,lemma+root
qalu,39:38:31,qulo,قُلْ,qaAla,qwl,V,S,2MS,lemma+root
qalu,39:39:1,qulo,قُلْ,qaAla,qwl,V,S,2MS,lemma+root
qalu,39:43:7,qulo,قُلْ,qaAla,qwl,V,S,2MS,lemma+root
qalu,39:44:1,qul,قُل,qaAla,qwl,V,S,2MS,lemma+root
qalu,39:46:1,quli,قُلِ,qaAla,qwl,V,S,2MS,lemma+root
qalu,39:49:11,qaAla,قَالَ,qaAla,qwl,V,S,3MS,lemma+root
qalu,39:50:2,qaAla,قَالَ,qaAla,qwl,V,S,3MS,lemma+root
qalu,39:53:1,qulo,قُلْ,qaAla,qwl,V,S,2MS,lemma+root
qalu,39:56:2,taquwla,تَقُولَ,qaAla,qwl,V,S,3FS,lemma+root
qalu,39:57:2,taquwla,تَقُولَ,qaAla,qwl,V,S,3FS,lemma+root
qalu,39:58:2,taquwla,تَقُولَ,qaAla,qwl,V,S,3FS,lemma+root
qalu,39:64:1,qulo,قُلْ,qaAla,qwl,V,S,2MS,lemma+root
qalu,39:71:12,qaAla,قَالَ,qaAla,qwl,V,S,3MS,lemma+root
qalu,39:71:27,qaAlu,قَالُ,qaAla,qwl,V,P,3MP,lemma+root
qalu,39:72:1,qiyla,قِيلَ,qaAla,qwl,V,S,3MS,lemma+root
qalu,39:73:13,qaAla,قَالَ,qaAla,qwl,V,S,3MS,lemma+root
qalu,39:74:1,qaAlu,قَالُ,qaAla,qwl,V,P,3MP,lemma+root
qalu,39:75:13,qiyla,قِيلَ,qaAla,qwl,V,S,3MS,lemma+root
qalu,40:11:1,qaAlu,قَالُ,qaAla,qwl,V,P,3MP,lemma+root
qalu,40:24:5,qaAlu,قَالُ,qaAla,qwl,V,P,3MP,lemma+root
qalu,40:25:6,qaAlu,قَالُ,qaAla,qwl,V,P,3MP,lemma+root
qalu,40:26:1,qaAla,قَالَ,qaAla,qwl,V,S,3MS,lemma+root
qalu,40:27:1,qaAla,قَالَ,qaAla,qwl,V,S,3MS,lemma+root
qalu,40:28:1,qaAla,قَالَ,qaAla,qwl,V,S,3MS,lemma+root
qalu,40:28:12,yaquwla,يَقُولَ,qaAla,qwl,V,S,3MS,lemma+root
qalu,40:29:15,qaAla,قَالَ,qaAla,qwl,V,S,3MS,lemma+root
qalu,40:30:1,qaAla,قَالَ,qaAla,qwl,V,S,3MS,lemma+root
qalu,40:34:17,qulo,قُلْ,qaAla,qwl,V,P,2MP,lemma+root
qalu,40:36:1,qaAla,قَالَ,qaAla,qwl,V,S,3MS,lemma+root
qalu,40:38:1,qaAla,قَالَ,qaAla,qwl,V,S,3MS,lemma+root
qalu,40:44:3,>aquwlu,أَقُولُ,qaAla,qwl,V,S,1S,lemma+root
qalu,40:47:5,yaquwlu,يَقُولُ,qaAla,qwl,V,S,3MS,lemma+root
qalu,40:48:1,qaAla,قَالَ,qaAla,qwl,V,S,3MS,lemma+root
qalu,40:49:1,qaAla,قَالَ,qaAla,qwl,V,S,3MS,lemma+root
qalu,40:50:1,qaAlu,قَالُ,qaAla,qwl,V,P,3MP,lemma+root
qalu,40:50:7,qaAlu,قَالُ,qaAla,qwl,V,P,3MP,lemma+root
qalu,40:50:9,qaAlu,قَالُ,qaAla,qwl,V,P,3MP,lemma+root
qalu,40:60:1,qaAla,قَالَ,qaAla,qwl,V,S,3MS,lemma+root
qalu,40:66:1,qulo,قُلْ,qaAla,qwl,V,S,2MS,lemma+root
qalu,40:68:9,yaquwlu,يَقُولُ,qaAla,qwl,V,S,3MS,lemma+root
qalu,40:73:2,qiyla,قِيلَ,qaAla,qwl,V,S,3MS,lemma+root
qalu,40:74:4,qaAlu,قَالُ,qaAla,qwl,V,P,3MP,lemma+root
qalu,40:84:4,qaAlu,قَالُ,qaAla,qwl,V,P,3MP,lemma+root
qalu,41:5:1,qaAlu,قَالُ,qaAla,qwl,V,P,3MP,lemma+root
qalu,41:6:1,qulo,قُلْ,qaAla,qwl,V,S,2MS,lemma+root
qalu,41:9:1,qulo,قُلْ,qaAla,qwl,V,S,2MS,lemma+root
qalu,41:11:7,qaAla,قَالَ,qaAla,qwl,V,S,3MS,lemma+root
qalu,41:11:14,qaAla,قَالَ,qaAla,qwl,V,D,3FD,lemma+root
qalu,41:13:3,qulo,قُلْ,qaAla,qwl,V,S,2MS,lemma+root
qalu,41:14:13,qaAlu,قَالُ,qaAla,qwl,V,P,3MP,lemma+root
qalu,41:15:8,qaAlu,قَالُ,qaAla,qwl,V,P,3MP,lemma+root
qalu,41:21:1,qaAlu,قَالُ,qaAla,qwl,V,P,3MP,lemma+root
qalu,41:21:6,qaAlu,قَالُ,qaAla,qwl,V,P,3MP,lemma+root
qalu,41:25:13,qawolu,قَوْلُ,qawol,qwl,N,,,root
qalu,41:26:1,qaAla,قَالَ,qaAla,qwl,V,S,3MS,lemma+root
qalu,41:29:1,qaAla,قَالَ,qaAla,qwl,V,S,3MS,lemma+root
qalu,41:30:3,qaAlu,قَالُ,qaAla,qwl,V,P,3MP,lemma+root
qalu,41:33:3,qawolFA,قَوْلًا,qawol,qwl,N,,,root
qalu,41:33:10,qaAla,قَالَ,qaAla,qwl,V,S,3MS,lemma+root
qalu,41:43:2,yuqaAlu,يُقَالُ,qaAla,qwl,V,S,3MS,lemma+root
qalu,41:43:7,qiyla,قِيلَ,qaAla,qwl,V,S,3MS,lemma+root
qalu,41:44:5,qaAlu,قَالُ,qaAla,qwl,V,P,3MP,lemma+root
qalu,41:44:11,qulo,قُلْ,qaAla,qwl,V,S,2MS,lemma+root
qalu,41:47:23,qaAlu,قَالُ,qaAla,qwl,V,P,3MP,lemma+root
qalu,41:50:9,yaquwla,يَقُولَ,qaAla,qwl,V,S,3MS,lemma+root
qalu,41:52:1,qulo,قُلْ,qaAla,qwl,V,S,2MS,lemma+root
qalu,42:15:9,qulo,قُلْ,qaAla,qwl,V,S,2MS,lemma+root
qalu,42:23:10,qul,قُل,qaAla,qwl,V,S,2MS,lemma+root
qalu,42:24:2,yaquwlu,يَقُولُ,qaAla,qwl,V,P,3MP,lemma+root
qalu,42:44:15,yaquwlu,يَقُولُ,qaAla,qwl,V,P,3MP,lemma+root
qalu,42:45:11,qaAla,قَالَ,qaAla,qwl,V,S,3MS,lemma+root
qalu,43:9:7,yaquwlu,يَقُولُ,qaAla,qwl,V,P,3MP,lemma+root
qalu,43:13:11,taquwlu,تَقُولُ,qaAla,qwl,V,P,2MP,lemma+root
qalu,43:20:1,qaAlu,قَالُ,qaAla,qwl,V,P,3MP,lemma+root
qalu,43:22:2,qaAlu,قَالُ,qaAla,qwl,V,P,3MP,lemma+root
qalu,43:23:11,qaAla,قَالَ,qaAla,qwl,V,S,3MS,lemma+root
qalu,43:24:1,qa`la,قَٰلَ,qaAla,qwl,V,S,3MS,lemma+root
qalu,43:24:9,qaAlu,قَالُ,qaAla,qwl,V,P,3MP,lemma+root
qalu,43:26:2,qaAla,قَالَ,qaAla,qwl,V,S,3MS,lemma+root
qalu,43:30:4,qaAlu,قَالُ,qaAla,qwl,V,P,3MP,lemma+root
qalu,43:31:1,qaAlu,قَالُ,qaAla,qwl,V,P,3MP,lemma+root
qalu,43:38:4,qaAla,قَالَ,qaAla,qwl,V,S,3MS,lemma+root
qalu,43:46:8,qaAla,قَالَ,qaAla,qwl,V,S,3MS,lemma+root
qalu,43:49:1,qaAlu,قَالُ,qaAla,qwl,V,P,3MP,lemma+root
qalu,43:51:5,qaAla,قَالَ,qaAla,qwl,V,S,3MS,lemma+root
qalu,43:58:1,qaAlu,قَالُ,qaAla,qwl,V,P,3MP,lemma+root
qalu,43:63:5,qaAla,قَالَ,qaAla,qwl,V,S,3MS,lemma+root
qalu,43:77:6,qaAla,قَالَ,qaAla,qwl,V,S,3MS,lemma+root
qalu,43:81:1,qulo,قُلْ,qaAla,qwl,V,S,2MS,lemma+root
qalu,43:87:5,yaquwlu,يَقُولُ,qaAla,qwl,V,P,3MP,lemma+root
qalu,43:88:1,qiyli,قِيلِ,qiyl,qwl,N,,,root
qalu,43:89:3,qulo,قُلْ,qaAla,qwl,V,S,2MS,lemma+root
qalu,44:14:4,qaAlu,قَالُ,qaAla,qwl,V,P,3MP,lemma+root
qalu,44:34:3,yaquwlu,يَقُولُ,qaAla,qwl,V,P,3MP,lemma+root
qalu,45:14:1,qul,قُل,qaAla,qwl,V,S,2MS,lemma+root
qalu,45:24:1,qaAlu,قَالُ,qaAla,qwl,V,P,3MP,lemma+root
qalu,45:25:11,qaAlu,قَالُ,qaAla,qwl,V,P,3MP,lemma+root
qalu,45:26:1,quli,قُلِ,qaAla,qwl,V,S,2MS,lemma+root
qalu,45:32:2,qiyla,قِيلَ,qaAla,qwl,V,S,3MS,lemma+root
qalu,45:32:11,qulo,قُلْ,qaAla,qwl,V,P,2MP,lemma+root
qalu,45:34:1,qiyla,قِيلَ,qaAla,qwl,V,S,3MS,lemma+root
qalu,46:4:1,qulo,قُلْ,qaAla,qwl,V,S,2MS,lemma+root
qalu,46:7:6,qaAla,قَالَ,qaAla,qwl,V,S,3MS,lemma+root
qalu,46:8:2,yaquwlu,يَقُولُ,qaAla,qwl,V,P,3MP,lemma+root
qalu,46:8:4,qulo,قُلْ,qaAla,qwl,V,S,2MS,lemma+root
qalu,46:9:1,qulo,قُلْ,qaAla,qwl,V,S,2MS,lemma+root
qalu,46:10:1,qulo,قُلْ,qaAla,qwl,V,S,2MS,lemma+root
qalu,46:11:1,qaAla,قَالَ,qaAla,qwl,V,S,3MS,lemma+root
qalu,46:11:16,yaquwlu,يَقُولُ,qaAla,qwl,V,P,3MP,lemma+root
qalu,46:13:3,qaAlu,قَالُ,qaAla,qwl,V,P,3MP,lemma+root
qalu,46:15:21,qaAla,قَالَ,qaAla,qwl,V,S,3MS,lemma+root
qalu,46:17:2,qaAla,قَالَ,qaAla,qwl,V,S,3MS,lemma+root
qalu,46:17:23,yaquwlu,يَقُولُ,qaAla,qwl,V,S,3MS,lemma+root
qalu,46:18:5,qawolu,قَوْلُ,qawol,qwl,N,,,root
qalu,46:22:1,qaAlu,قَالُ,qaAla,qwl,V,P,3MP,lemma+root
qalu,46:23:1,qaAla,قَالَ,qaAla,qwl,V,S,3MS,lemma+root
qalu,46:24:6,qaAlu,قَالُ,qaAla,qwl,V,P,3MP,lemma+root
qalu,46:29:11,qaAlu,قَالُ,qaAla,qwl,V,P,3MP,lemma+root
qalu,46:30:1,qaAlu,قَالُ,qaAla,qwl,V,P,3MP,lemma+root
qalu,46:34:10,qaAlu,قَالُ,qaAla,qwl,V,P,3MP,lemma+root
qalu,46:34:13,qaAla,قَالَ,qaAla,qwl,V,S,3MS,lemma+root
qalu,47:16:10,qaAlu,قَالُ,qaAla,qwl,V,P,3MP,lemma+root
qalu,47:16:15,qaAla,قَالَ,qaAla,qwl,V,S,3MS,lemma+root
qalu,47:20:1,yaquwlu,يَقُولُ,qaAla,qwl,V,S,3MS,lemma+root
qalu,47:21:2,qawolN,قَوْلٌ,qawol,qwl,N,,,root
qalu,47:26:3,qaAlu,قَالُ,qaAla,qwl,V,P,3MP,lemma+root
qalu,47:30:9,qawoli,قَوْلِ,qawol,qwl,N,,,root
qalu,48:11:1,yaquwlu,يَقُولُ,qaAla,qwl,V,S,3MS,lemma+root
qalu,48:11:11,yaquwlu,يَقُولُ,qaAla,qwl,V,P,3MP,lemma+root
qalu,48:11:17,qulo,قُلْ,qaAla,qwl,V,S,2MS,lemma+root
qalu,48:15:1,yaquwlu,يَقُولُ,qaAla,qwl,V,S,3MS,lemma+root
qalu,48:15:15,qul,قُل,qaAla,qwl,V,S,2MS,lemma+root
qalu,48:15:19,qaAla,قَالَ,qaAla,qwl,V,S,3MS,lemma+root
qalu,48:15:23,yaquwlu,يَقُولُ,qaAla,qwl,V,P,3MP,lemma+root
qalu,48:16:1,qul,قُل,qaAla,qwl,V,S,2MS,lemma+root
qalu,49:2:13,qawoli,قَوْلِ,qawol,qwl,N,,,root
qalu,49:14:1,qaAlati,قَالَتِ,qaAla,qwl,V,S,3FS,lemma+root
qalu,49:14:4,qul,قُل,qaAla,qwl,V,S,2MS,lemma+root
qalu,49:14:8,quwlu,قُولُ,qaAla,qwl,V,P,2MP,lemma+root
qalu,49:16:1,qulo,قُلْ,qaAla,qwl,V,S,2MS,lemma+root
qalu,49:17:5,qul,قُل,qaAla,qwl,V,S,2MS,lemma+root
qalu,50:2:7,qaAla,قَالَ,qaAla,qwl,V,S,3MS,lemma+root
qalu,50:18:4,qawolK,قَوْلٍ,qawol,qwl,N,,,root
qalu,50:23:1,qaAla,قَالَ,qaAla,qwl,V,S,3MS,lemma+root
qalu,50:27:1,qaAla,قَالَ,qaAla,qwl,V,S,3MS,lemma+root
qalu,50:28:1,qaAla,قَالَ,qaAla,qwl,V,S,3MS,lemma+root
qalu,50:29:3,qawolu,قَوْلُ,qawol,qwl,N,,,root
qalu,50:30:2,naquwlu,نَقُولُ,qaAla,qwl,V,P,1P,lemma+root
qalu,50:30:6,taquwlu,تَقُولُ,qaAla,qwl,V,S,3FS,lemma+root
qalu,50:39:4,yaquwlu,يَقُولُ,qaAla,qwl,V,P,3MP,lemma+root
qalu,50:45:4,yaquwlu,يَقُولُ,qaAla,qwl,V,P,3MP,lemma+root
qalu,51:8:3,qawolK,قَوْلٍ,qawol,qwl,N,,,root
qalu,51:25:4,qaAlu,قَالُ,qaAla,qwl,V,P,3MP,lemma+root
qalu,51:25:6,qaAla,قَالَ,qaAla,qwl,V,S,3MS,lemma+root
qalu,51:27:3,qaAla,قَالَ,qaAla,qwl,V,S,3MS,lemma+root
qalu,51:28:4,qaAlu,قَالُ,qaAla,qwl,V,P,3MP,lemma+root
qalu,51:29:7,qaAlato,قَالَتْ,qaAla,qwl,V,S,3FS,lemma+root
qalu,51:30:1,qaAlu,قَالُ,qaAla,qwl,V,P,3MP,lemma+root
qalu,51:30:3,qaAla,قَالَ,qaAla,qwl,V,S,3MS,lemma+root
qalu,51:31:1,qaAla,قَالَ,qaAla,qwl,V,S,3MS,lemma+root
qalu,51:32:1,qaAlu,قَالُ,qaAla,qwl,V,P,3MP,lemma+root
qalu,51:39:3,qaAla,قَالَ,qaAla,qwl,V,S,3MS,lemma+root
qalu,51:43:4,qiyla,قِيلَ,qaAla,qwl,V,S,3MS,lemma+root
qalu,51:52:10,qaAlu,قَالُ,qaAla,qwl,V,P,3MP,lemma+root
qalu,52:26:1,qaAlu,قَالُ,qaAla,qwl,V,P,3MP,lemma+root
qalu,52:30:2,yaquwlu,يَقُولُ,qaAla,qwl,V,P,3MP,lemma+root
qalu,52:31:1,qulo,قُلْ,qaAla,qwl,V,S,2MS,lemma+root
qalu,52:33:2,yaquwlu,يَقُولُ,qaAla,qwl,V,P,3MP,lemma+root
qalu,52:33:3,taqaw~ala,تَقَوَّلَ,taqaw~ala,qwl,V,S,3MS,root
qalu,52:44:7,yaquwlu,يَقُولُ,qaAla,qwl,V,P,3MP,lemma+root
qalu,54:2:5,yaquwlu,يَقُولُ,qaAla,qwl,V,P,3MP,lemma+root
qalu,54:8:4,yaquwlu,يَقُولُ,qaAla,qwl,V,S,3MS,lemma+root
qalu,54:9:7,qaAlu,قَالُ,qaAla,qwl,V,P,3MP,lemma+root
qalu,54:24:1,qaAlu,قَالُ,qaAla,qwl,V,P,3MP,lemma+root
qalu,54:44:2,yaquwlu,يَقُولُ,qaAla,qwl,V,P,3MP,lemma+root
qalu,56:26:2,qiylFA,قِيلًا,qiyl,qwl,N,,,root
qalu,56:47:2,yaquwlu,يَقُولُ,qaAla,qwl,V,P,3MP,lemma+root
qalu,56:49:1,qulo,قُلْ,qaAla,qwl,V,S,2MS,lemma+root
qalu,57:13:2,yaquwlu,يَقُولُ,qaAla,qwl,V,S,3MS,lemma+root
qalu,57:13:11,qiyla,قِيلَ,qaAla,qwl,V,S,3MS,lemma+root
qalu,57:14:5,qaAlu,قَالُ,qaAla,qwl,V,P,3MP,lemma+root
qalu,58:1:4,qawola,قَوْلَ,qawol,qwl,N,,,root
qalu,58:2:15,yaquwlu,يَقُولُ,qaAla,qwl,V,P,3MP,lemma+root
qalu,58:2:18,qawoli,قَوْلِ,qawol,qwl,N,,,root
qalu,58:3:8,qaAlu,قَالُ,qaAla,qwl,V,P,3MP,lemma+root
qalu,58:8:26,yaquwlu,يَقُولُ,qaAla,qwl,V,P,3MP,lemma+root
qalu,58:8:33,naquwlu,نَقُولُ,qaAla,qwl,V,P,1P,lemma+root
qalu,58:11:5,qiyla,قِيلَ,qaAla,qwl,V,S,3MS,lemma+root
qalu,58:11:15,qiyla,قِيلَ,qaAla,qwl,V,S,3MS,lemma+root
qalu,59:10:5,yaquwlu,يَقُولُ,qaAla,qwl,V,P,3MP,lemma+root
qalu,59:11:6,yaquwlu,يَقُولُ,qaAla,qwl,V,P,3MP,lemma+root
qalu,59:16:4,qaAla,قَالَ,qaAla,qwl,V,S,3MS,lemma+root
qalu,59:16:9,qaAla,قَالَ,qaAla,qwl,V,S,3MS,lemma+root
qalu,60:4:11,qaAlu,قَالُ,qaAla,qwl,V,P,3MP,lemma+root
qalu,60:4:34,qawola,قَوْلَ,qawol,qwl,N,,,root
qalu,61:2:5,taquwlu,تَقُولُ,qaAla,qwl,V,P,2MP,lemma+root
qalu,61:3:6,taquwlu,تَقُولُ,qaAla,qwl,V,P,2MP,lemma+root
qalu,61:5:2,qaAla,قَالَ,qaAla,qwl,V,S,3MS,lemma+root
qalu,61:6:2,qaAla,قَالَ,qaAla,qwl,V,S,3MS,lemma+root
qalu,61:6:28,qaAlu,قَالُ,qaAla,qwl,V,P,3MP,lemma+root
qalu,61:14:8,qaAla,قَالَ,qaAla,qwl,V,S,3MS,lemma+root
qalu,61:14:17,qaAla,قَالَ,qaAla,qwl,V,S,3MS,lemma+root
qalu,62:6:1,qulo,قُلْ,qaAla,qwl,V,S,2MS,lemma+root
qalu,62:8:1,qulo,قُلْ,qaAla,qwl,V,S,2MS,lemma+root
qalu,62:11:10,qulo,قُلْ,qaAla,qwl,V,S,2MS,lemma+root
qalu,63:1:4,qaAlu,قَالُ,qaAla,qwl,V,P,3MP,lemma+root
qalu,63:4:6,yaquwlu,يَقُولُ,qaAla,qwl,V,P,3MP,lemma+root
qalu,63:4:8,qawoli,قَوْلِ,qawol,qwl,N,,,root
qalu,63:5:2,qiyla,قِيلَ,qaAla,qwl,V,S,3MS,lemma+root
qalu,63:7:3,yaquwlu,يَقُولُ,qaAla,qwl,V,P,3MP,lemma+root
qalu,63:8:1,yaquwlu,يَقُولُ,qaAla,qwl,V,P,3MP,lemma+root
qalu,63:10:11,yaquwla,يَقُولَ,qaAla,qwl,V,S,3MS,lemma+root
qalu,64:6:7,qaAlu,قَالُ,qaAla,qwl,V,P,3MP,lemma+root
qalu,64:7:7,qulo,قُلْ,qaAla,qwl,V,S,2MS,lemma+root
qalu,66:3:22,qaAlato,قَالَتْ,qaAla,qwl,V,S,3FS,lemma+root
qalu,66:3:26,qaAla,قَالَ,qaAla,qwl,V,S,3MS,lemma+root
qalu,66:8:34,yaquwlu,يَقُولُ,qaAla,qwl,V,P,3MP,lemma+root
qalu,66:10:23,qiyla,قِيلَ,qaAla,qwl,V,S,3MS,lemma+root
qalu,66:11:9,qaAlato,قَالَتْ,qaAla,qwl,V,S,3FS,lemma+root
qalu,67:9:1,qaAlu,قَالُ,qaAla,qwl,V,P,3MP,lemma+root
qalu,67:9:7,qulo,قُلْ,qaAla,qwl,V,P,1P,lemma+root
qalu,67:10:1,qaAlu,قَالُ,qaAla,qwl,V,P,3MP,lemma+root
qalu,67:13:2,qawola,قَوْلَ,qawol,qwl,N,,,root
qalu,67:23:1,qulo,قُلْ,qaAla,qwl,V,S,2MS,lemma+root
qalu,67:24:1,qulo,قُلْ,qaAla,qwl,V,S,2MS,lemma+root
qalu,67:25:1,yaquwlu,يَقُولُ,qaAla,qwl,V,P,3MP,lemma+root
qalu,67:26:1,qulo,قُلْ,qaAla,qwl,V,S,2MS,lemma+root
qalu,67:27:8,qiyla,قِيلَ,qaAla,qwl,V,S,3MS,lemma+root
qalu,67:28:1,qulo,قُلْ,qaAla,qwl,V,S,2MS,lemma+root
qalu,67:29:1,qulo,قُلْ,qaAla,qwl,V,S,2MS,lemma+root
qalu,67:30:1,qulo,قُلْ,qaAla,qwl,V,S,2MS,lemma+root
qalu,68:15:5,qaAla,قَالَ,qaAla,qwl,V,S,3MS,lemma+root
qalu,68:26:3,qaAlu,قَالُ,qaAla,qwl,V,P,3MP,lemma+root
qalu,68:28:1,qaAla,قَالَ,qaAla,qwl,V,S,3MS,lemma+root
qalu,68:28:4,>aqul,أَقُل,qaAla,qwl,V,S,1S,lemma+root
qalu,68:29:1,qaAlu,قَالُ,qaAla,qwl,V,P,3MP,lemma+root
qalu,68:31:1,qaAlu,قَالُ,qaAla,qwl,V,P,3MP,lemma+root
qalu,68:51:10,yaquwlu,يَقُولُ,qaAla,qwl,V,P,3MP,lemma+root
qalu,69:19:6,yaquwlu,يَقُولُ,qaAla,qwl,V,S,3MS,lemma+root
qalu,69:25:6,yaquwlu,يَقُولُ,qaAla,qwl,V,S,3MS,lemma+root
qalu,69:40:2,qawolu,قَوْلُ,qawol,qwl,N,,,root
qalu,69:41:3,qawoli,قَوْلِ,qawol,qwl,N,,,root
qalu,69:42:2,qawoli,قَوْلِ,qawol,qwl,N,,,root
qalu,69:44:2,taqaw~ala,تَقَوَّلَ,taqaw~ala,qwl,V,S,3MS,root
qalu,69:44:5,>aqaAwiyli,أَقَاوِيلِ,>aqaAwiyl,qwl,N,,,root
qalu,71:2:1,qaAla,قَالَ,qaAla,qwl,V,S,3MS,lemma+root
qalu,71:5:1,qaAla,قَالَ,qaAla,qwl,V,S,3MS,lemma+root
qalu,71:10:1,qulo,قُلْ,qaAla,qwl,V,S,1S,lemma+root
qalu,71:21:1,qaAla,قَالَ,qaAla,qwl,V,S,3MS,lemma+root
qalu,71:23:1,qaAlu,قَالُ,qaAla,qwl,V,P,3MP,lemma+root
qalu,71:26:1,qaAla,قَالَ,qaAla,qwl,V,S,3MS,lemma+root
qalu,72:1:1,qulo,قُلْ,qaAla,qwl,V,S,2MS,lemma+root
qalu,72:1:9,qaAlu,قَالُ,qaAla,qwl,V,P,3MP,lemma+root
qalu,72:4:3,yaquwlu,يَقُولُ,qaAla,qwl,V,S,3MS,lemma+root
qalu,72:5:5,taquwla,تَقُولَ,qaAla,qwl,V,S,3FS,lemma+root
qalu,72:20:1,qulo,قُلْ,qaAla,qwl,V,S,2MS,lemma+root
qalu,72:21:1,qulo,قُلْ,qaAla,qwl,V,S,2MS,lemma+root
qalu,72:22:1,qulo,قُلْ,qaAla,qwl,V,S,2MS,lemma+root
qalu,72:25:1,qulo,قُلْ,qaAla,qwl,V,S,2MS,lemma+root
qalu,73:5:4,qawolFA,قَوْلًا,qawol,qwl,N,,,root
qalu,73:6:8,qiylFA,قِيلًا,qiyl,qwl,N,,,root
qalu,73:10:4,yaquwlu,يَقُولُ,qaAla,qwl,V,P,3MP,lemma+root
qalu,74:24:1,qaAla,قَالَ,qaAla,qwl,V,S,3MS,lemma+root
qalu,74:25:4,qawolu,قَوْلُ,qawol,qwl,N,,,root
qalu,74:31:28,yaquwla,يَقُولَ,qaAla,qwl,V,S,3MS,lemma+root
qalu,74:43:1,qaAlu,قَالُ,qaAla,qwl,V,P,3MP,lemma+root
qalu,75:10:1,yaquwlu,يَقُولُ,qaAla,qwl,V,S,3MS,lemma+root
qalu,75:27:1,qiyla,قِيلَ,qaAla,qwl,V,S,3MS,lemma+root
qalu,77:48:2,qiyla,قِيلَ,qaAla,qwl,V,S,3MS,lemma+root
qalu,78:38:13,qaAla,قَالَ,qaAla,qwl,V,S,3MS,lemma+root
qalu,78:40:11,yaquwlu,يَقُولُ,qaAla,qwl,V,S,3MS,lemma+root
qalu,79:10:1,yaquwlu,يَقُولُ,qaAla,qwl,V,P,3MP,lemma+root
qalu,79:12:1,qaAlu,قَالُ,qaAla,qwl,V,P,3MP,lemma+root
qalu,79:18:1,qulo,قُلْ,qaAla,qwl,V,S,2MS,lemma+root
qalu,79:24:1,qaAla,قَالَ,qaAla,qwl,V,S,3MS,lemma+root
qalu,81:19:2,qawolu,قَوْلُ,qawol,qwl,N,,,root
qalu,81:25:3,qawoli,قَوْلِ,qawol,qwl,N,,,root
qalu,83:13:5,qaAla,قَالَ,qaAla,qwl,V,S,3MS,lemma+root
qalu,83:17:2,yuqaAlu,يُقَالُ,qaAla,qwl,V,S,3MS,lemma+root
qalu,83:32:3,qaAlu,قَالُ,qaAla,qwl,V,P,3MP,lemma+root
qalu,86:13:2,qawolN,قَوْلٌ,qawol,qwl,N,,,root
qalu,89:15:9,yaquwlu,يَقُولُ,qaAla,qwl,V,S,3MS,lemma+root
qalu,89:16:8,yaquwlu,يَقُولُ,qaAla,qwl,V,S,3MS,lemma+root
qalu,89:24:1,yaquwlu,يَقُولُ,qaAla,qwl,V,S,3MS,lemma+root
qalu,90:6:1,yaquwlu,يَقُولُ,qaAla,qwl,V,S,3MS,lemma+root
qalu,91:13:1,qaAla,قَالَ,qaAla,qwl,V,S,3MS,lemma+root
qalu,99:3:1,qaAla,قَالَ,qaAla,qwl,V,S,3MS,lemma+root
qalu,109:1:1,qulo,قُلْ,qaAla,qwl,V,S,2MS,lemma+root
qalu,112:1:1,qulo,قُلْ,qaAla,qwl,V,S,2MS,lemma+root
qalu,113:1:1,qulo,قُلْ,qaAla,qwl,V,S,2MS,lemma+root
qalu,114:1:1,qulo,قُلْ,qaAla,qwl,V,S,2MS,lemma+root
sab_samawat,2:29:14,saboEa,سَبْعَ,saboE,sbE,N,,,phrase
sab_samawat,2:29:15,sama`wa`tK,سَمَٰوَٰتٍ,samaA^',smw,N,P,FP,phrase
sab_samawat,17:44:3,s~ama`wa`tu,سَّمَٰوَٰتُ,samaA^',smw,N,P,FP,phrase
sab_samawat,17:44:4,s~aboEu,سَّبْعُ,saboE,sbE,N,,,phrase
sab_samawat,23:86:4,s~ama`wa`ti,سَّمَٰوَٰتِ,samaA^',smw,N,P,FP,phrase
sab_samawat,23:86:5,s~aboEi,سَّبْعِ,saboE,sbE,N,,,phrase
sab_samawat,41:12:2,saboEa,سَبْعَ,saboE,sbE,N,,,phrase
sab_samawat,41:12:3,sama`waAtK,سَمَٰوَاتٍ,samaA^',smw,N,P,FP,phrase
sab_samawat,65:12:4,saboEa,سَبْعَ,saboE,sbE,N,,,phrase
sab_samawat,65:12:5,sama`wa`tK,سَمَٰوَٰتٍ,samaA^',smw,N,P,FP,phrase
sab_samawat,67:3:3,saboEa,سَبْعَ,saboE,sbE,N,,,phrase
sab_samawat,67:3:4,sama`wa`tK,سَمَٰوَٰتٍ,samaA^',smw,N,P,FP,phrase
sab_samawat,71:15:6,saboEa,سَبْعَ,saboE,sbE,N,,,phrase
sab_samawat,71:15:7,sama`wa`tK,سَمَٰوَٰتٍ,samaA^',smw,N,P,FP,phrase
