target,location,form,form_arabic,LEM,POS,NUMBER,PGN,kind
Dunya,2:85:38,d~unoyaA,دُّنْيَا,d~unoyaA,ADJ,S,FS,primary
Dunya,2:86:5,d~unoyaA,دُّنْيَا,d~unoyaA,ADJ,S,FS,primary
Dunya,2:114:24,d~unoyaA,دُّنْيَا,d~unoyaA,N,S,FS,primary
Dunya,2:130:13,d~unoyaA,دُّنْيَا,d~unoyaA,N,S,FS,primary
Dunya,2:200:18,d~unoyaA,دُّنْيَا,d~unoyaA,N,S,FS,primary
Dunya,2:201:7,d~unoyaA,دُّنْيَا,d~unoyaA,N,S,FS,primary
Dunya,2:204:8,d~unoyaA,دُّنْيَا,d~unoyaA,ADJ,S,FS,primary
Dunya,2:212:5,d~unoyaA,دُّنْيَا,d~unoyaA,ADJ,S,FS,primary
Dunya,2:217:50,d~unoyaA,دُّنْيَا,d~unoyaA,N,S,FS,primary
Dunya,2:220:2,d~unoyaA,دُّنْيَا,d~unoyaA,N,S,FS,primary
Dunya,3:14:20,d~unoyaA,دُّنْيَا,d~unoyaA,ADJ,S,FS,primary
Dunya,3:22:6,d~unoyaA,دُّنْيَا,d~unoyaA,N,S,FS,primary
Dunya,3:45:17,d~unoyaA,دُّنْيَا,d~unoyaA,N,S,FS,primary
Dunya,3:56:8,d~unoyaA,دُّنْيَا,d~unoyaA,N,S,FS,primary
Dunya,3:117:7,d~unoyaA,دُّنْيَا,d~unoyaA,ADJ,S,FS,primary
Dunya,3:145:14,d~unoyaA,دُّنْيَا,d~unoyaA,N,S,FS,primary
Dunya,3:148:4,d~unoyaA,دُّنْيَا,d~unoyaA,N,S,FS,primary
Dunya,3:152:24,d~unoyaA,دُّنْيَا,d~unoyaA,N,S,FS,primary
Dunya,3:185:20,d~unoyaA^,دُّنْيَآ,d~unoyaA,ADJ,S,FS,primary
Dunya,4:74:8,d~unoyaA,دُّنْيَا,d~unoyaA,ADJ,S,FS,primary
Dunya,4:77:40,d~unoyaA,دُّنْيَا,d~unoyaA,N,S,FS,primary
Dunya,4:94:21,d~unoyaA,دُّنْيَا,d~unoyaA,ADJ,S,FS,primary
Dunya,4:109:7,d~unoyaA,دُّنْيَا,d~unoyaA,ADJ,S,FS,primary
Dunya,4:134:5,d~unoyaA,دُّنْيَا,d~unoyaA,N,S,FS,primary
Dunya,4:134:9,d~unoyaA,دُّنْيَا,d~unoyaA,N,S,FS,primary
Dunya,5:33:29,d~unoyaA,دُّنْيَا,d~unoyaA,N,S,FS,primary
Dunya,5:41:61,d~unoyaA,دُّنْيَا,d~unoyaA,N,S,FS,primary
Dunya,6:29:6,d~unoyaA,دُّنْيَا,d~unoyaA,ADJ,S,FS,primary
Dunya,6:32:3,d~unoyaA^,دُّنْيَآ,d~unoyaA,ADJ,S,FS,primary
Dunya,6:70:9,d~unoyaA,دُّنْيَا,d~unoyaA,ADJ,S,FS,primary
Dunya,6:130:21,d~unoyaA,دُّنْيَا,d~unoyaA,ADJ,S,FS,primary
Dunya,7:32:18,d~unoyaA,دُّنْيَا,d~unoyaA,ADJ,S,FS,primary
Dunya,7:51:8,d~unoyaA,دُّنْيَا,d~unoyaA,ADJ,S,FS,primary
Dunya,7:152:12,d~unoyaA,دُّنْيَا,d~unoyaA,ADJ,S,FS,primary
Dunya,7:156:5,d~unoyaA,دُّنْيَا,d~unoyaA,N,S,FS,primary
Dunya,8:42:4,d~unoyaA,دُّنْيَا,d~unoyaA,ADJ,S,FS,primary
Dunya,8:67:14,d~unoyaA,دُّنْيَا,d~unoyaA,ADJ,S,FS,primary
Dunya,9:38:18,d~unoyaA,دُّنْيَا,d~unoyaA,ADJ,S,FS,primary
Dunya,9:38:24,d~unoyaA,دُّنْيَا,d~unoyaA,ADJ,S,FS,primary
Dunya,9:55:13,d~unoyaA,دُّنْيَا,d~unoyaA,ADJ,S,FS,primary
Dunya,9:69:28,d~unoyaA,دُّنْيَا,d~unoyaA,N,S,FS,primary
Dunya,9:74:37,d~unoyaA,دُّنْيَا,d~unoyaA,N,S,FS,primary
Dunya,9:85:12,d~unoyaA,دُّنْيَا,d~unoyaA,N,S,FS,primary
Dunya,10:7:8,d~unoyaA,دُّنْيَا,d~unoyaA,ADJ,S,FS,primary
Dunya,10:23:18,d~unoyaA,دُّنْيَا,d~unoyaA,ADJ,S,FS,primary
Dunya,10:24:4,d~unoyaA,دُّنْيَا,d~unoyaA,ADJ,S,FS,primary
Dunya,10:64:5,d~unoyaA,دُّنْيَا,d~unoyaA,ADJ,S,FS,primary
Dunya,10:70:3,d~unoyaA,دُّنْيَا,d~unoyaA,N,S,FS,primary
Dunya,10:88:12,d~unoyaA,دُّنْيَا,d~unoyaA,ADJ,S,FS,primary
Dunya,10:98:18,d~unoyaA,دُّنْيَا,d~unoyaA,ADJ,S,FS,primary
Dunya,11:15:5,d~unoyaA,دُّنْيَا,d~unoyaA,ADJ,S,FS,primary
Dunya,11:60:4,d~unoyaA,دُّنْيَا,d~unoyaA,N,S,FS,primary
Dunya,12:101:16,d~unoyaA,دُّنْيَا,d~unoyaA,N,S,FS,primary
Dunya,13:26:9,d~unoyaA,دُّنْيَا,d~unoyaA,ADJ,S,FS,primary
Dunya,13:26:12,d~unoyaA,دُّنْيَا,d~unoyaA,ADJ,S,FS,primary
Dunya,13:34:5,d~unoyaA,دُّنْيَا,d~unoyaA,ADJ,S,FS,primary
Dunya,14:3:4,d~unoyaA,دُّنْيَا,d~unoyaA,ADJ,S,FS,primary
Dunya,14:27:9,d~unoyaA,دُّنْيَا,d~unoyaA,ADJ,S,FS,primary
Dunya,16:30:13,d~unoyaA,دُّنْيَا,d~unoyaA,N,S,FS,primary
Dunya,16:41:11,d~unoyaA,دُّنْيَا,d~unoyaA,N,S,FS,primary
Dunya,16:107:5,d~unoyaA,دُّنْيَا,d~unoyaA,ADJ,S,FS,primary
Dunya,16:122:3,d~unoyaA,دُّنْيَا,d~unoyaA,N,S,FS,primary
Dunya,18:28:18,d~unoyaA,دُّنْيَا,d~unoyaA,ADJ,S,FS,primary
Dunya,18:45:5,d~unoyaA,دُّنْيَا,d~unoyaA,ADJ,S,FS,primary
Dunya,18:46:5,d~unoyaA,دُّنْيَا,d~unoyaA,ADJ,S,FS,primary
Dunya,18:104:6,d~unoyaA,دُّنْيَا,d~unoyaA,ADJ,S,FS,primary
Dunya,20:72:19,d~unoyaA^,دُّنْيَآ,d~unoyaA,ADJ,S,FS,primary
Dunya,20:131:12,d~unoyaA,دُّنْيَا,d~unoyaA,ADJ,S,FS,primary
Dunya,22:9:9,d~unoyaA,دُّنْيَا,d~unoyaA,N,S,FS,primary
Dunya,22:11:20,d~unoyaA,دُّنْيَا,d~unoyaA,N,S,FS,primary
Dunya,22:15:9,d~unoyaA,دُّنْيَا,d~unoyaA,N,S,FS,primary
Dunya,23:33:13,d~unoyaA,دُّنْيَا,d~unoyaA,ADJ,S,FS,primary
Dunya,23:37:5,d~unoyaA,دُّنْيَا,d~unoyaA,ADJ,S,FS,primary
Dunya,24:14:7,d~unoyaA,دُّنْيَا,d~unoyaA,N,S,FS,primary
Dunya,24:19:14,d~unoyaA,دُّنْيَا,d~unoyaA,N,S,FS,primary
Dunya,24:23:9,d~unoyaA,دُّنْيَا,d~unoyaA,N,S,FS,primary
Dunya,24:33:39,d~unoyaA,دُّنْيَا,d~unoyaA,ADJ,S,FS,primary
Dunya,28:42:4,d~unoyaA,دُّنْيَا,d~unoyaA,N,S,FS,primary
Dunya,28:60:7,d~unoyaA,دُّنْيَا,d~unoyaA,ADJ,S,FS,primary
Dunya,28:61:11,d~unoyaA,دُّنْيَا,d~unoyaA,ADJ,S,FS,primary
Dunya,28:77:11,d~unoyaA,دُّنْيَا,d~unoyaA,N,S,FS,primary
Dunya,28:79:10,d~unoyaA,دُّنْيَا,d~unoyaA,ADJ,S,FS,primary
Dunya,29:25:12,d~unoyaA,دُّنْيَا,d~unoyaA,ADJ,S,FS,primary
Dunya,29:27:13,d~unoyaA,دُّنْيَا,d~unoyaA,N,S,FS,primary
Dunya,29:64:4,d~unoyaA^,دُّنْيَآ,d~unoyaA,ADJ,S,FS,primary
Dunya,30:7:5,d~unoyaA,دُّنْيَا,d~unoyaA,ADJ,S,FS,primary
Dunya,31:15:16,d~unoyaA,دُّنْيَا,d~unoyaA,N,S,FS,primary
Dunya,31:33:26,d~unoyaA,دُّنْيَا,d~unoyaA,ADJ,S,FS,primary
Dunya,33:28:9,d~unoyaA,دُّنْيَا,d~unoyaA,ADJ,S,FS,primary
Dunya,33:57:9,d~unoyaA,دُّنْيَا,d~unoyaA,N,S,FS,primary
Dunya,35:5:10,d~unoyaA,دُّنْيَا,d~unoyaA,ADJ,S,FS,primary
Dunya,37:6:4,d~unoyaA,دُّنْيَا,d~unoyaA,ADJ,S,FS,primary
Dunya,39:10:11,d~unoyaA,دُّنْيَا,d~unoyaA,N,S,FS,primary
Dunya,39:26:6,d~unoyaA,دُّنْيَا,d~unoyaA,ADJ,S,FS,primary
Dunya,40:39:5,d~unoyaA,دُّنْيَا,d~unoyaA,ADJ,S,FS,primary
Dunya,40:43:10,d~unoyaA,دُّنْيَا,d~unoyaA,N,S,FS,primary
Dunya,40:51:8,d~unoyaA,دُّنْيَا,d~unoyaA,ADJ,S,FS,primary
Dunya,41:12:13,d~unoyaA,دُّنْيَا,d~unoyaA,ADJ,S,FS,primary
Dunya,41:16:13,d~unoyaA,دُّنْيَا,d~unoyaA,ADJ,S,FS,primary
Dunya,41:31:5,d~unoyaA,دُّنْيَا,d~unoyaA,ADJ,S,FS,primary
Dunya,42:20:14,d~unoyaA,دُّنْيَا,d~unoyaA,ADJ,S,FS,primary
Dunya,42:36:7,d~unoyaA,دُّنْيَا,d~unoyaA,ADJ,S,FS,primary
Dunya,43:32:11,d~unoyaA,دُّنْيَا,d~unoyaA,ADJ,S,FS,primary
Dunya,43:35:8,d~unoyaA,دُّنْيَا,d~unoyaA,ADJ,S,FS,primary
Dunya,45:24:6,d~unoyaA,دُّنْيَا,d~unoyaA,ADJ,S,FS,primary
Dunya,45:35:9,d~unoyaA,دُّنْيَا,d~unoyaA,ADJ,S,FS,primary
Dunya,46:20:11,d~unoyaA,دُّنْيَا,d~unoyaA,ADJ,S,FS,primary
Dunya,47:36:3,d~unoyaA,دُّنْيَا,d~unoyaA,ADJ,S,FS,primary
Dunya,53:29:11,d~unoyaA,دُّنْيَا,d~unoyaA,ADJ,S,FS,primary
Dunya,57:20:4,d~unoyaA,دُّنْيَا,d~unoyaA,ADJ,S,FS,primary
Dunya,57:20:36,d~unoyaA^,دُّنْيَآ,d~unoyaA,ADJ,S,FS,primary
Dunya,59:3:9,d~unoyaA,دُّنْيَا,d~unoyaA,N,S,FS,primary
Dunya,67:5:4,d~unoyaA,دُّنْيَا,d~unoyaA,ADJ,S,FS,primary
Dunya,79:38:3,d~unoyaA,دُّنْيَا,d~unoyaA,ADJ,S,FS,primary
Dunya,87:16:4,d~unoyaA,دُّنْيَا,d~unoyaA,ADJ,S,FS,primary
Akhira,2:4:10,'aAxirapi,ءَاخِرَةِ,A^xir,N,S,FS,primary
Akhira,2:86:6,'aAxirapi,ءَاخِرَةِ,A^xir,N,S,FS,primary
Akhira,2:94:6,'aAxirapu,ءَاخِرَةُ,A^xir,ADJ,S,FS,primary
Akhira,2:102:64,'aAxirapi,ءَاخِرَةِ,A^xir,N,S,FS,primary
Akhira,2:114:28,'aAxirapi,ءَاخِرَةِ,A^xir,N,S,FS,primary
Akhira,2:130:16,'aAxirapi,ءَاخِرَةِ,A^xir,N,S,FS,primary
Akhira,2:200:22,'aAxirapi,ءَاخِرَةِ,A^xir,N,S,FS,primary
Akhira,2:201:10,'aAxirapi,ءَاخِرَةِ,A^xir,N,S,FS,primary
Akhira,2:217:51,'aAxirapi,ءَاخِرَةِ,A^xir,N,S,FS,primary
Akhira,2:220:3,'aAxirapi,ءَاخِرَةِ,A^xir,N,S,FS,primary
Akhira,3:22:7,'aAxirapi,ءَاخِرَةِ,A^xir,N,S,FS,primary
Akhira,3:45:18,'aAxirapi,ءَاخِرَةِ,A^xir,N,S,FS,primary
Akhira,3:56:9,'aAxirapi,ءَاخِرَةِ,A^xir,N,S,FS,primary
Akhira,3:77:14,'aAxirapi,ءَاخِرَةِ,A^xir,N,S,FS,primary
Akhira,3:85:11,'aAxirapi,ءَاخِرَةِ,A^xir,N,S,FS,primary
Akhira,3:145:20,'aAxirapi,ءَاخِرَةِ,A^xir,N,S,FS,primary
Akhira,3:148:7,'aAxirapi,ءَاخِرَةِ,A^xir,N,S,FS,primary
Akhira,3:152:28,'aAxirapa,ءَاخِرَةَ,A^xir,N,S,FS,primary
Akhira,3:176:19,'aAxirapi,ءَاخِرَةِ,A^xir,N,S,FS,primary
Akhira,4:74:9,'aAxirapi,ءَاخِرَةِ,A^xir,N,S,FS,primary
Akhira,4:77:42,'aAxirapu,ءَاخِرَةُ,A^xir,N,S,FS,primary
Akhira,4:134:10,'aAxirapi,ءَاخِرَةِ,A^xir,N,S,FS,primary
Akhira,5:5:41,'aAxirapi,ءَاخِرَةِ,A^xir,N,S,FS,primary
Akhira,5:33:32,'aAxirapi,ءَاخِرَةِ,A^xir,N,S,FS,primary
Akhira,5:41:65,'aAxirapi,ءَاخِرَةِ,A^xir,N,S,FS,primary
Akhira,6:32:8,'aAxirapu,ءَاخِرَةُ,A^xir,ADJ,S,FS,primary
Akhira,6:92:16,'aAxirapi,ءَاخِرَةِ,A^xir,N,S,FS,primary
Akhira,6:113:7,'aAxirapi,ءَاخِرَةِ,A^xir,N,S,FS,primary
Akhira,6:150:24,'aAxirapi,ءَاخِرَةِ,A^xir,N,S,FS,primary
Akhira,7:45:9,'aAxirapi,ءَاخِرَةِ,A^xir,N,S,FS,primary
Akhira,7:147:5,'aAxirapi,ءَاخِرَةِ,A^xir,N,S,FS,primary
Akhira,7:156:8,'aAxirapi,ءَاخِرَةِ,A^xir,N,S,FS,primary
Akhira,7:169:35,'aAxirapu,ءَاخِرَةُ,A^xir,ADJ,S,FS,primary
Akhira,8:67:17,'aAxirapa,ءَاخِرَةَ,A^xir,N,S,FS,primary
Akhira,9:38:20,'aAxirapi,ءَاخِرَةِ,A^xir,N,S,FS,primary
Akhira,9:38:26,'aAxirapi,ءَاخِرَةِ,A^xir,N,S,FS,primary
Akhira,9:69:29,'aAxirapi,ءَاخِرَةِ,A^xir,N,S,FS,primary
Akhira,9:74:38,'aAxirapi,ءَاخِرَةِ,A^xir,N,S,FS,primary
Akhira,10:64:7,'aAxirapi,ءَاخِرَةِ,A^xir,N,S,FS,primary
Akhira,11:16:6,'aAxirapi,ءَاخِرَةِ,A^xir,N,S,FS,primary
Akhira,11:19:9,'aAxirapi,ءَاخِرَةِ,A^xir,N,S,FS,primary
Akhira,11:22:5,'aAxirapi,ءَاخِرَةِ,A^xir,N,S,FS,primary
Akhira,11:103:8,'aAxirapi,ءَاخِرَةِ,A^xir,N,S,FS,primary
Akhira,12:37:24,'aAxirapi,ءَاخِرَةِ,A^xir,N,S,FS,primary
Akhira,12:57:2,'aAxirapi,ءَاخِرَةِ,A^xir,N,S,FS,primary
Akhira,12:101:17,'aAxirapi,ءَاخِرَةِ,A^xir,N,S,FS,primary
Akhira,12:109:24,'aAxirapi,ءَاخِرَةِ,A^xir,N,S,FS,primary
Akhira,13:26:14,'aAxirapi,ءَاخِرَةِ,A^xir,N,S,FS,primary
Akhira,13:34:7,'aAxirapi,ءَاخِرَةِ,A^xir,N,S,FS,primary
Akhira,14:3:6,'aAxirapi,ءَاخِرَةِ,A^xir,N,S,FS,primary
Akhira,14:27:11,'aAxirapi,ءَاخِرَةِ,A^xir,N,S,FS,primary
Akhira,16:22:7,'aAxirapi,ءَاخِرَةِ,A^xir,N,S,FS,primary
Akhira,16:30:16,'aAxirapi,ءَاخِرَةِ,A^xir,N,S,FS,primary
Akhira,16:41:14,'aAxirapi,ءَاخِرَةِ,A^xir,N,S,FS,primary
Akhira,16:60:4,'aAxirapi,ءَاخِرَةِ,A^xir,N,S,FS,primary
Akhira,16:107:7,'aAxirapi,ءَاخِرَةِ,A^xir,N,S,FS,primary
Akhira,16:109:5,'aAxirapi,ءَاخِرَةِ,A^xir,N,S,FS,primary
Akhira,16:122:7,'aAxirapi,ءَاخِرَةِ,A^xir,N,S,FS,primary
Akhira,17:7:11,'aAxirapi,ءَاخِرَةِ,A^xir,N,S,FS,primary
Akhira,17:10:5,'aAxirapi,ءَاخِرَةِ,A^xir,N,S,FS,primary
Akhira,17:19:3,'aAxirapa,ءَاخِرَةَ,A^xir,N,S,FS,primary
Akhira,17:21:7,'aAxirapu,ءَاخِرَةُ,A^xir,N,S,FS,primary
Akhira,17:45:10,'aAxirapi,ءَاخِرَةِ,A^xir,N,S,FS,primary
Akhira,17:72:8,'aAxirapi,ءَاخِرَةِ,A^xir,N,S,FS,primary
Akhira,17:104:11,'aAxirapi,ءَاخِرَةِ,A^xir,N,S,FS,primary
Akhira,20:127:10,'aAxirapi,ءَاخِرَةِ,A^xir,N,S,FS,primary
Akhira,22:11:21,'aAxirapa,ءَاخِرَةَ,A^xir,N,S,FS,primary
Akhira,22:15:10,'aAxirapi,ءَاخِرَةِ,A^xir,N,S,FS,primary
Akhira,23:33:9,'aAxirapi,ءَاخِرَةِ,A^xir,N,S,FS,primary
Akhira,23:74:5,'aAxirapi,ءَاخِرَةِ,A^xir,N,S,FS,primary
Akhira,24:14:8,'aAxirapi,ءَاخِرَةِ,A^xir,N,S,FS,primary
Akhira,24:19:15,'aAxirapi,ءَاخِرَةِ,A^xir,N,S,FS,primary
Akhira,24:23:10,'aAxirapi,ءَاخِرَةِ,A^xir,N,S,FS,primary
Akhira,27:3:7,'aAxirapi,ءَاخِرَةِ,A^xir,N,S,FS,primary
Akhira,27:4:5,'aAxirapi,ءَاخِرَةِ,A^xir,N,S,FS,primary
Akhira,27:5:8,'aAxirapi,ءَاخِرَةِ,A^xir,N,S,FS,primary
Akhira,27:66:5,'aAxirapi,ءَاخِرَةِ,A^xir,N,S,FS,primary
Akhira,28:70:11,'aAxirapi,ءَاخِرَةِ,A^xir,N,S,FS,primary
Akhira,28:77:6,'aAxirapa,ءَاخِرَةَ,A^xir,ADJ,S,FS,primary
Akhira,28:83:3,'aAxirapu,ءَاخِرَةُ,A^xir,N,S,FS,primary
Akhira,29:20:13,'aAxirapa,ءَاخِرَةَ,A^xir,N,S,FS,primary
Akhira,29:27:16,'aAxirapi,ءَاخِرَةِ,A^xir,N,S,FS,primary
Akhira,29:64:10,'aAxirapa,ءَاخِرَةَ,A^xir,N,S,FS,primary
Akhira,30:7:8,'aAxirapi,ءَاخِرَةِ,A^xir,N,S,FS,primary
Akhira,30:16:7,'aAxirapi,ءَاخِرَةِ,A^xir,N,S,FS,primary
Akhira,31:4:7,'aAxirapi,ءَاخِرَةِ,A^xir,N,S,FS,primary
Akhira,33:29:7,'aAxirapa,ءَاخِرَةَ,A^xir,N,S,FS,primary
Akhira,33:57:10,'aAxirapi,ءَاخِرَةِ,A^xir,N,S,FS,primary
Akhira,34:1:14,'aAxirapi,ءَاخِرَةِ,A^xir,N,S,FS,primary
Akhira,34:8:12,'aAxirapi,ءَاخِرَةِ,A^xir,N,S,FS,primary
Akhira,34:21:11,'aAxirapi,ءَاخِرَةِ,A^xir,N,S,FS,primary
Akhira,38:7:6,'aAxirapi,ءَاخِرَةِ,A^xir,N,S,FS,primary
Akhira,39:9:9,'aAxirapa,ءَاخِرَةَ,A^xir,N,S,FS,primary
Akhira,39:26:8,'aAxirapi,ءَاخِرَةِ,A^xir,N,S,FS,primary
Akhira,39:45:10,'aAxirapi,ءَاخِرَةِ,A^xir,N,S,FS,primary
Akhira,40:39:8,'aAxirapa,ءَاخِرَةَ,A^xir,N,S,FS,primary
Akhira,40:43:13,'aAxirapi,ءَاخِرَةِ,A^xir,N,S,FS,primary
Akhira,41:7:6,'aAxirapi,ءَاخِرَةِ,A^xir,N,S,FS,primary
Akhira,41:16:15,'aAxirapi,ءَاخِرَةِ,A^xir,N,S,FS,primary
Akhira,41:31:7,'aAxirapi,ءَاخِرَةِ,A^xir,N,S,FS,primary
Akhira,42:20:5,'aAxirapi,ءَاخِرَةِ,A^xir,N,S,FS,primary
Akhira,42:20:20,'aAxirapi,ءَاخِرَةِ,A^xir,N,S,FS,primary
Akhira,43:35:9,'aAxirapu,ءَاخِرَةُ,A^xir,N,S,FS,primary
Akhira,53:25:2,'aAxirapu,ءَاخِرَةُ,A^xir,N,S,FS,primary
Akhira,53:27:5,'aAxirapi,ءَاخِرَةِ,A^xir,N,S,FS,primary
Akhira,57:20:27,'aAxirapi,ءَاخِرَةِ,A^xir,N,S,FS,primary
Akhira,59:3:12,'aAxirapi,ءَاخِرَةِ,A^xir,N,S,FS,primary
Akhira,60:13:13,'aAxirapi,ءَاخِرَةِ,A^xir,N,S,FS,primary
Akhira,68:33:4,'aAxirapi,ءَاخِرَةِ,A^xir,N,S,FS,primary
Akhira,74:53:5,'aAxirapa,ءَاخِرَةَ,A^xir,N,S,FS,primary
Akhira,75:21:2,'aAxirapa,ءَاخِرَةَ,A^xir,N,S,FS,primary
Akhira,79:25:4,'aAxirapi,ءَاخِرَةِ,A^xir,N,S,FS,primary
Akhira,87:17:1,'aAxirapu,ءَاخِرَةُ,A^xir,N,S,FS,primary
Akhira,92:13:3,'aAxirapa,ءَاخِرَةَ,A^xir,N,S,FS,primary
Akhira,93:4:1,'aAxirapu,ءَاخِرَةُ,A^xir,N,S,FS,primary
Malak (angel),2:30:4,mala`^}ikapi,مَلَٰٓئِكَةِ,malak,N,P,MP,primary
Malak (angel),2:31:8,mala`^}ikapi,مَلَٰٓئِكَةِ,malak,N,P,MP,primary
Malak (angel),2:34:3,mala`^}ikapi,مَلَٰٓئِكَةِ,malak,N,P,MP,primary
Malak (angel),2:98:5,mala`^}ikati,مَلَٰٓئِكَتِ,malak,N,P,MP,primary
Malak (angel),2:102:20,malakayoni,مَلَكَيْنِ,malak,N,D,MD,primary
Malak (angel),2:161:11,mala`^}ikapi,مَلَٰٓئِكَةِ,malak,N,P,MP,primary
Malak (angel),2:177:16,mala`^}ikapi,مَلَٰٓئِكَةِ,malak,N,P,MP,primary
Malak (angel),2:210:11,mala`^}ikapu,مَلَٰٓئِكَةُ,malak,N,P,MP,primary
Malak (angel),2:248:22,mala`^}ikapu,مَلَٰٓئِكَةُ,malak,N,P,MP,primary
Malak (angel),2:285:12,mala`^}ikati,مَلَٰٓئِكَتِ,malak,N,P,MP,primary
Malak (angel),3:18:8,mala`^}ikapu,مَلَٰٓئِكَةُ,malak,N,P,MP,primary
Malak (angel),3:39:2,mala`^}ikapu,مَلَٰٓئِكَةُ,malak,N,P,MP,primary
Malak (angel),3:42:3,mala`^}ikapu,مَلَٰٓئِكَةُ,malak,N,P,MP,primary
Malak (angel),3:45:3,mala`^}ikapu,مَلَٰٓئِكَةُ,malak,N,P,MP,primary
Malak (angel),3:80:5,mala`^}ikapa,مَلَٰٓئِكَةَ,malak,N,P,MP,primary
Malak (angel),3:87:7,mala`^}ikapi,مَلَٰٓئِكَةِ,malak,N,P,MP,primary
Malak (angel),3:124:12,mala`^}ikapi,مَلَٰٓئِكَةِ,malak,N,P,MP,primary
Malak (angel),3:125:14,mala`^}ikapi,مَلَٰٓئِكَةِ,malak,N,P,MP,primary
Malak (angel),4:97:4,mala`^}ikapu,مَلَٰٓئِكَةُ,malak,N,P,MP,primary
Malak (angel),4:136:20,mala`^}ikati,مَلَٰٓئِكَتِ,malak,N,P,MP,primary
Malak (angel),4:166:9,mala`^}ikapu,مَلَٰٓئِكَةُ,malak,N,P,MP,primary
Malak (angel),4:172:9,mala`^}ikapu,مَلَٰٓئِكَةُ,malak,N,P,MP,primary
Malak (angel),6:8:5,malakN,مَلَكٌ,malak,N,,,primary
Malak (angel),6:8:8,malakFA,مَلَكًا,malak,N,,,primary
Malak (angel),6:9:3,malakFA,مَلَكًا,malak,N,,,primary
Malak (angel),6:50:15,malakN,مَلَكٌ,malak,N,,,primary
Malak (angel),6:93:30,mala`^}ikapu,مَلَٰٓئِكَةُ,malak,N,P,MP,primary
Malak (angel),6:111:5,mala`^}ikapa,مَلَٰٓئِكَةَ,malak,N,P,MP,primary
Malak (angel),6:158:6,mala`^}ikapu,مَلَٰٓئِكَةُ,malak,N,P,MP,primary
Malak (angel),7:11:7,mala`^}ikapi,مَلَٰٓئِكَةِ,malak,N,P,MP,primary
Malak (angel),7:20:21,malakayoni,مَلَكَيْنِ,malak,N,D,MD,primary
Malak (angel),8:9:10,mala`^}ikapi,مَلَٰٓئِكَةِ,malak,N,P,MP,primary
Malak (angel),8:12:5,mala`^}ikapi,مَلَٰٓئِكَةِ,malak,N,P,MP,primary
Malak (angel),8:50:7,mala`^}ikapu,مَلَٰٓئِكَةُ,malak,N,P,MP,primary
Malak (angel),11:12:19,malakN,مَلَكٌ,malak,N,,,primary
Malak (angel),11:31:13,malakN,مَلَكٌ,malak,N,,,primary
Malak (angel),12:31:31,malakN,مَلَكٌ,malak,N,,,primary
Malak (angel),13:13:4,mala`^}ikapu,مَلَٰٓئِكَةُ,malak,N,P,MP,primary
Malak (angel),13:23:10,mala`^}ikapu,مَلَٰٓئِكَةُ,malak,N,P,MP,primary
Malak (angel),15:7:4,mala`^}ikapi,مَلَٰٓئِكَةِ,malak,N,P,MP,primary
Malak (angel),15:8:3,mala`^}ikapa,مَلَٰٓئِكَةَ,malak,N,P,MP,primary
Malak (angel),15:28:4,mala`^}ikapi,مَلَٰٓئِكَةِ,malak,N,P,MP,primary
Malak (angel),15:30:2,mala`^}ikapu,مَلَٰٓئِكَةُ,malak,N,P,MP,primary
Malak (angel),16:2:2,mala`^}ikapa,مَلَٰٓئِكَةَ,malak,N,P,MP,primary
Malak (angel),16:28:3,mala`^}ikapu,مَلَٰٓئِكَةُ,malak,N,P,MP,primary
Malak (angel),16:32:3,mala`^}ikapu,مَلَٰٓئِكَةُ,malak,N,P,MP,primary
Malak (angel),16:33:6,mala`^}ikapu,مَلَٰٓئِكَةُ,malak,N,P,MP,primary
Malak (angel),16:49:11,mala`^}ikapu,مَلَٰٓئِكَةُ,malak,N,P,MP,primary
Malak (angel),17:40:6,mala`^}ikapi,مَلَٰٓئِكَةِ,malak,N,P,MP,primary
Malak (angel),17:61:3,mala`^}ikapi,مَلَٰٓئِكَةِ,malak,N,P,MP,primary
Malak (angel),17:92:11,mala`^}ikapi,مَلَٰٓئِكَةِ,malak,N,P,MP,primary
Malak (angel),17:95:6,mala`^}ikapN,مَلَٰٓئِكَةٌ,malak,N,P,MP,primary
Malak (angel),17:95:13,malakFA,مَلَكًا,malak,N,,,primary
Malak (angel),18:50:3,mala`^}ikapi,مَلَٰٓئِكَةِ,malak,N,P,MP,primary
Malak (angel),20:116:3,mala`^}ikapi,مَلَٰٓئِكَةِ,malak,N,P,MP,primary
Malak (angel),21:103:6,mala`^}ikapu,مَلَٰٓئِكَةُ,malak,N,P,MP,primary
Malak (angel),22:75:4,mala`^}ikapi,مَلَٰٓئِكَةِ,malak,N,P,MP,primary
Malak (angel),23:24:20,mala`^}ikapF,مَلَٰٓئِكَةً,malak,N,P,MP,primary
Malak (angel),25:7:13,malakN,مَلَكٌ,malak,N,,,primary
Malak (angel),25:21:9,mala`^}ikapu,مَلَٰٓئِكَةُ,malak,N,P,MP,primary
Malak (angel),25:22:3,mala`^}ikapa,مَلَٰٓئِكَةَ,malak,N,P,MP,primary
Malak (angel),25:25:6,mala`^}ikapu,مَلَٰٓئِكَةُ,malak,N,P,MP,primary
Malak (angel),32:11:3,m~alaku,مَّلَكُ,malak,N,,,primary
Malak (angel),33:43:5,mala`^}ikatu,مَلَٰٓئِكَتُ,malak,N,P,MP,primary
Malak (angel),33:56:3,mala`^}ikata,مَلَٰٓئِكَتَ,malak,N,P,MP,primary
Malak (angel),34:40:6,mala`^}ikapi,مَلَٰٓئِكَةِ,malak,N,P,MP,primary
Malak (angel),35:1:7,mala`^}ikapi,مَلَٰٓئِكَةِ,malak,N,P,MP,primary
Malak (angel),37:150:3,mala`^}ikapa,مَلَٰٓئِكَةَ,malak,N,P,MP,primary
Malak (angel),38:71:4,mala`^}ikapi,مَلَٰٓئِكَةِ,malak,N,P,MP,primary
Malak (angel),38:73:2,mala`^}ikapu,مَلَٰٓئِكَةُ,malak,N,P,MP,primary
Malak (angel),39:75:2,mala`^}ikapa,مَلَٰٓئِكَةَ,malak,N,P,MP,primary
Malak (angel),41:14:18,mala`^}ikapF,مَلَٰٓئِكَةً,malak,N,P,MP,primary
Malak (angel),41:30:10,mala`^}ikapu,مَلَٰٓئِكَةُ,malak,N,P,MP,primary
Malak (angel),42:5:6,mala`^}ikapu,مَلَٰٓئِكَةُ,malak,N,P,MP,primary
Malak (angel),43:19:2,mala`^}ikapa,مَلَٰٓئِكَةَ,malak,N,P,MP,primary
Malak (angel),43:53:10,mala`^}ikapu,مَلَٰٓئِكَةُ,malak,N,P,MP,primary
Malak (angel),43:60:5,m~ala`^}ikapF,مَّلَٰٓئِكَةً,malak,N,P,MP,primary
Malak (angel),47:27:4,mala`^}ikapu,مَلَٰٓئِكَةُ,malak,N,P,MP,primary
Malak (angel),53:26:3,m~alakK,مَّلَكٍ,malak,N,,,primary
Malak (angel),53:27:7,mala`^}ikapa,مَلَٰٓئِكَةَ,malak,N,P,MP,primary
Malak (angel),66:4:18,mala`^}ikapu,مَلَٰٓئِكَةُ,malak,N,P,MP,primary
Malak (angel),66:6:12,mala`^}ikapN,مَلَٰٓئِكَةٌ,malak,N,P,MP,primary
Malak (angel),69:17:1,malaku,مَلَكُ,malak,N,,,primary
Malak (angel),70:4:2,mala`^}ikapu,مَلَٰٓئِكَةُ,malak,N,P,MP,primary
Malak (angel),74:31:6,mala`^}ikapF,مَلَٰٓئِكَةً,malak,N,P,MP,primary
Malak (angel),78:38:4,mala`^}ikapu,مَلَٰٓئِكَةُ,malak,N,P,MP,primary
Malak (angel),89:22:3,malaku,مَلَكُ,malak,N,,,primary
Malak (angel),97:4:2,mala`^}ikapu,مَلَٰٓئِكَةُ,malak,N,P,MP,primary
Shaytan,2:14:10,$aya`Tiyni,شَيَٰطِينِ,$ayoTa`n,N,P,MP,primary
Shaytan,2:36:2,$~ayoTa`nu,شَّيْطَٰنُ,$ayoTa`n,PN,,,primary
Shaytan,2:102:4,$~aya`Tiynu,شَّيَٰطِينُ,$ayoTa`n,PN,P,MP,primary
Shaytan,2:102:12,$~aya`Tiyna,شَّيَٰطِينَ,$ayoTa`n,PN,P,MP,primary
Shaytan,2:168:12,$~ayoTa`ni,شَّيْطَٰنِ,$ayoTa`n,PN,,,primary
Shaytan,2:208:11,$~ayoTa`ni,شَّيْطَٰنِ,$ayoTa`n,PN,,,primary
Shaytan,2:268:1,$~ayoTa`nu,شَّيْطَٰنُ,$ayoTa`n,PN,,,primary
Shaytan,2:275:11,$~ayoTa`nu,شَّيْطَٰنُ,$ayoTa`n,PN,,,primary
Shaytan,3:36:23,$~ayoTa`ni,شَّيْطَٰنِ,$ayoTa`n,PN,,,primary
Shaytan,3:155:10,$~ayoTa`nu,شَّيْطَٰنُ,$ayoTa`n,PN,,,primary
Shaytan,3:175:3,$~ayoTa`nu,شَّيْطَٰنُ,$ayoTa`n,PN,,,primary
Shaytan,4:38:14,$~ayoTa`nu,شَّيْطَٰنُ,$ayoTa`n,PN,,,primary
Shaytan,4:60:26,$~ayoTa`nu,شَّيْطَٰنُ,$ayoTa`n,PN,,,primary
Shaytan,4:76:15,$~ayoTa`ni,شَّيْطَٰنِ,$ayoTa`n,PN,,,primary
Shaytan,4:76:18,$~ayoTa`ni,شَّيْطَٰنِ,$ayoTa`n,PN,,,primary
Shaytan,4:83:28,$~ayoTa`na,شَّيْطَٰنَ,$ayoTa`n,PN,,,primary
Shaytan,4:117:10,$ayoTa`nFA,شَيْطَٰنًا,$ayoTa`n,N,,,primary
Shaytan,4:119:13,$~ayoTa`na,شَّيْطَٰنَ,$ayoTa`n,PN,,,primary
Shaytan,4:120:5,$~ayoTa`nu,شَّيْطَٰنُ,$ayoTa`n,PN,,,primary
Shaytan,5:90:12,$~ayoTa`ni,شَّيْطَٰنِ,$ayoTa`n,PN,,,primary
Shaytan,5:91:3,$~ayoTa`nu,شَّيْطَٰنُ,$ayoTa`n,PN,,,primary
Shaytan,6:43:11,$~ayoTa`nu,شَّيْطَٰنُ,$ayoTa`n,PN,,,primary
Shaytan,6:68:16,$~ayoTa`nu,شَّيْطَٰنُ,$ayoTa`n,PN,,,primary
Shaytan,6:71:20,$~aya`Tiynu,شَّيَٰطِينُ,$ayoTa`n,PN,P,MP,primary
Shaytan,6:112:6,$aya`Tiyna,شَيَٰطِينَ,$ayoTa`n,N,P,MP,primary
Shaytan,6:121:12,$~aya`Tiyna,شَّيَٰطِينَ,$ayoTa`n,PN,P,MP,primary
Shaytan,6:142:12,$~ayoTa`ni,شَّيْطَٰنِ,$ayoTa`n,PN,,,primary
Shaytan,7:20:3,$~ayoTa`nu,شَّيْطَٰنُ,$ayoTa`n,PN,,,primary
Shaytan,7:22:25,$~ayoTa`na,شَّيْطَٰنَ,$ayoTa`n,PN,,,primary
Shaytan,7:27:5,$~ayoTa`nu,شَّيْطَٰنُ,$ayoTa`n,PN,,,primary
Shaytan,7:27:26,$~aya`Tiyna,شَّيَٰطِينَ,$ayoTa`n,PN,P,MP,primary
Shaytan,7:30:9,$~aya`Tiyna,شَّيَٰطِينَ,$ayoTa`n,PN,P,MP,primary
Shaytan,7:175:10,$~ayoTa`nu,شَّيْطَٰنُ,$ayoTa`n,PN,,,primary
Shaytan,7:200:4,$~ayoTa`ni,شَّيْطَٰنِ,$ayoTa`n,PN,,,primary
Shaytan,7:201:8,$~ayoTa`ni,شَّيْطَٰنِ,$ayoTa`n,PN,,,primary
Shaytan,8:11:16,$~ayoTa`ni,شَّيْطَٰنِ,$ayoTa`n,PN,,,primary
Shaytan,8:48:4,$~ayoTa`nu,شَّيْطَٰنُ,$ayoTa`n,PN,,,primary
Shaytan,12:5:12,$~ayoTa`na,شَّيْطَٰنَ,$ayoTa`n,PN,,,primary
Shaytan,12:42:11,$~ayoTa`nu,شَّيْطَٰنُ,$ayoTa`n,PN,,,primary
Shaytan,12:100:34,$~ayoTa`nu,شَّيْطَٰنُ,$ayoTa`n,PN,,,primary
Shaytan,14:22:2,$~ayoTa`nu,شَّيْطَٰنُ,$ayoTa`n,PN,,,primary
Shaytan,15:17:4,$ayoTa`nK,شَيْطَٰنٍ,$ayoTa`n,N,,,primary
Shaytan,16:63:10,$~ayoTa`nu,شَّيْطَٰنُ,$ayoTa`n,PN,,,primary
Shaytan,16:98:7,$~ayoTa`ni,شَّيْطَٰنِ,$ayoTa`n,PN,,,primary
Shaytan,17:27:5,$~aya`Tiyni,شَّيَٰطِينِ,$ayoTa`n,PN,P,MP,primary
Shaytan,17:27:7,$~ayoTa`nu,شَّيْطَٰنُ,$ayoTa`n,PN,,,primary
Shaytan,17:53:8,$~ayoTa`na,شَّيْطَٰنَ,$ayoTa`n,PN,,,primary
Shaytan,17:53:12,$~ayoTa`na,شَّيْطَٰنَ,$ayoTa`n,PN,,,primary
Shaytan,17:64:17,$~ayoTa`nu,شَّيْطَٰنُ,$ayoTa`n,PN,,,primary
Shaytan,18:63:13,$~ayoTa`nu,شَّيْطَٰنُ,$ayoTa`n,PN,,,primary
Shaytan,19:44:4,$~ayoTa`na,شَّيْطَٰنَ,$ayoTa`n,PN,,,primary
Shaytan,19:44:6,$~ayoTa`na,شَّيْطَٰنَ,$ayoTa`n,PN,,,primary
Shaytan,19:45:10,$~ayoTa`ni,شَّيْطَٰنِ,$ayoTa`n,PN,,,primary
Shaytan,19:68:3,$~aya`Tiyna,شَّيَٰطِينَ,$ayoTa`n,PN,P,MP,primary
Shaytan,19:83:5,$~aya`Tiyna,شَّيَٰطِينَ,$ayoTa`n,PN,P,MP,primary
Shaytan,20:120:3,$~ayoTa`nu,شَّيْطَٰنُ,$ayoTa`n,PN,,,primary
Shaytan,21:82:2,$~aya`Tiyni,شَّيَٰطِينِ,$ayoTa`n,PN,P,MP,primary
Shaytan,22:3:11,$ayoTa`nK,شَيْطَٰنٍ,$ayoTa`n,N,,,primary
Shaytan,22:52:13,$~ayoTa`nu,شَّيْطَٰنُ,$ayoTa`n,PN,,,primary
Shaytan,22:52:20,$~ayoTa`nu,شَّيْطَٰنُ,$ayoTa`n,PN,,,primary
Shaytan,22:53:4,$~ayoTa`nu,شَّيْطَٰنُ,$ayoTa`n,PN,,,primary
Shaytan,23:97:7,$~aya`Tiyni,شَّيَٰطِينِ,$ayoTa`n,PN,P,MP,primary
Shaytan,24:21:7,$~ayoTa`ni,شَّيْطَٰنِ,$ayoTa`n,PN,,,primary
Shaytan,24:21:11,$~ayoTa`ni,شَّيْطَٰنِ,$ayoTa`n,PN,,,primary
Shaytan,25:29:9,$~ayoTa`nu,شَّيْطَٰنُ,$ayoTa`n,PN,,,primary
Shaytan,26:210:4,$~aya`Tiynu,شَّيَٰطِينُ,$ayoTa`n,PN,P,MP,primary
Shaytan,26:221:6,$~aya`Tiynu,شَّيَٰطِينُ,$ayoTa`n,PN,P,MP,primary
Shaytan,27:24:10,$~ayoTa`nu,شَّيْطَٰنُ,$ayoTa`n,PN,,,primary
Shaytan,28:15:34,$~ayoTa`ni,شَّيْطَٰنِ,$ayoTa`n,PN,,,primary
Shaytan,29:38:10,$~ayoTa`nu,شَّيْطَٰنُ,$ayoTa`n,PN,,,primary
Shaytan,31:21:17,$~ayoTa`nu,شَّيْطَٰنُ,$ayoTa`n,PN,,,primary
Shaytan,35:6:2,$~ayoTa`na,شَّيْطَٰنَ,$ayoTa`n,PN,,,primary
Shaytan,36:60:9,$~ayoTa`na,شَّيْطَٰنَ,$ayoTa`n,PN,,,primary
Shaytan,37:7:4,$ayoTa`nK,شَيْطَٰنٍ,$ayoTa`n,N,,,primary
Shaytan,37:65:4,$~aya`Tiyni,شَّيَٰطِينِ,$ayoTa`n,PN,P,MP,primary
Shaytan,38:37:1,$~aya`Tiyna,شَّيَٰطِينَ,$ayoTa`n,PN,P,MP,primary
Shaytan,38:41:9,$~ayoTa`nu,شَّيْطَٰنُ,$ayoTa`n,PN,,,primary
Shaytan,41:36:4,$~ayoTa`ni,شَّيْطَٰنِ,$ayoTa`n,PN,,,primary
Shaytan,43:36:8,$ayoTa`nFA,شَيْطَٰنًا,$ayoTa`n,N,,,primary
Shaytan,43:62:3,$~ayoTa`nu,شَّيْطَٰنُ,$ayoTa`n,PN,,,primary
Shaytan,47:25:12,$~ayoTa`nu,شَّيْطَٰنُ,$ayoTa`n,PN,,,primary
Shaytan,58:10:4,$~ayoTa`ni,شَّيْطَٰنِ,$ayoTa`n,PN,,,primary
Shaytan,58:19:3,$~ayoTa`nu,شَّيْطَٰنُ,$ayoTa`n,PN,,,primary
Shaytan,58:19:9,$~ayoTa`ni,شَّيْطَٰنِ,$ayoTa`n,PN,,,primary
Shaytan,58:19:13,$~ayoTa`ni,شَّيْطَٰنِ,$ayoTa`n,PN,,,primary
Shaytan,59:16:2,$~ayoTa`ni,شَّيْطَٰنِ,$ayoTa`n,PN,,,primary
Shaytan,67:5:8,$~aya`Tiyni,شَّيَٰطِينِ,$ayoTa`n,PN,P,MP,primary
Shaytan,81:25:4,$ayoTa`nK,شَيْطَٰنٍ,$ayoTa`n,N,,,primary
Hayat,2:85:37,Hayaw`pi,حَيَوٰةِ,Hayaw`p,N,,,primary
Hayat,2:86:4,Hayaw`pa,حَيَوٰةَ,Hayaw`p,N,,,primary
Hayat,2:96:5,Hayaw`pK,حَيَوٰةٍ,Hayaw`p,N,,,primary
Hayat,2:179:4,Hayaw`pN,حَيَوٰةٌ,Hayaw`p,N,,,primary
Hayat,2:204:7,Hayaw`pi,حَيَوٰةِ,Hayaw`p,N,,,primary
Hayat,2:212:4,Hayaw`pu,حَيَوٰةُ,Hayaw`p,N,,,primary
Hayat,3:14:19,Hayaw`pi,حَيَوٰةِ,Hayaw`p,N,,,primary
Hayat,3:117:6,Hayaw`pi,حَيَوٰةِ,Hayaw`p,N,,,primary
Hayat,3:185:19,Hayaw`pu,حَيَوٰةُ,Hayaw`p,N,,,primary
Hayat,4:74:7,Hayaw`pa,حَيَوٰةَ,Hayaw`p,N,,,primary
Hayat,4:94:20,Hayaw`pi,حَيَوٰةِ,Hayaw`p,N,,,primary
Hayat,4:109:6,Hayaw`pi,حَيَوٰةِ,Hayaw`p,N,,,primary
Hayat,6:29:5,HayaAtu,حَيَاتُ,Hayaw`p,N,,,primary
Hayat,6:32:2,Hayaw`pu,حَيَوٰةُ,Hayaw`p,N,,,primary
Hayat,6:70:8,Hayaw`pu,حَيَوٰةُ,Hayaw`p,N,,,primary
Hayat,6:130:20,Hayaw`pu,حَيَوٰةُ,Hayaw`p,N,,,primary
Hayat,7:32:17,Hayaw`pi,حَيَوٰةِ,Hayaw`p,N,,,primary
Hayat,7:51:7,Hayaw`pu,حَيَوٰةُ,Hayaw`p,N,,,primary
Hayat,7:152:11,Hayaw`pi,حَيَوٰةِ,Hayaw`p,N,,,primary
Hayat,9:38:17,Hayaw`pi,حَيَوٰةِ,Hayaw`p,N,,,primary
Hayat,9:38:23,Hayaw`pi,حَيَوٰةِ,Hayaw`p,N,,,primary
Hayat,9:55:12,Hayaw`pi,حَيَوٰةِ,Hayaw`p,N,,,primary
Hayat,10:7:7,Hayaw`pi,حَيَوٰةِ,Hayaw`p,N,,,primary
Hayat,10:23:17,Hayaw`pi,حَيَوٰةِ,Hayaw`p,N,,,primary
Hayat,10:24:3,Hayaw`pi,حَيَوٰةِ,Hayaw`p,N,,,primary
Hayat,10:64:4,Hayaw`pi,حَيَوٰةِ,Hayaw`p,N,,,primary
Hayat,10:88:11,Hayaw`pi,حَيَوٰةِ,Hayaw`p,N,,,primary
Hayat,10:98:17,Hayaw`pi,حَيَوٰةِ,Hayaw`p,N,,,primary
Hayat,11:15:4,Hayaw`pa,حَيَوٰةَ,Hayaw`p,N,,,primary
Hayat,13:26:8,Hayaw`pi,حَيَوٰةِ,Hayaw`p,N,,,primary
Hayat,13:26:11,Hayaw`pu,حَيَوٰةُ,Hayaw`p,N,,,primary
Hayat,13:34:4,Hayaw`pi,حَيَوٰةِ,Hayaw`p,N,,,primary
Hayat,14:3:3,Hayaw`pa,حَيَوٰةَ,Hayaw`p,N,,,primary
Hayat,14:27:8,Hayaw`pi,حَيَوٰةِ,Hayaw`p,N,,,primary
Hayat,16:97:11,Hayaw`pF,حَيَوٰةً,Hayaw`p,N,,,primary
Hayat,16:107:4,Hayaw`pa,حَيَوٰةَ,Hayaw`p,N,,,primary
Hayat,17:75:4,Hayaw`pi,حَيَوٰةِ,Hayaw`p,N,,,primary
Hayat,18:28:17,Hayaw`pi,حَيَوٰةِ,Hayaw`p,N,,,primary
Hayat,18:45:4,Hayaw`pi,حَيَوٰةِ,Hayaw`p,N,,,primary
Hayat,18:46:4,Hayaw`pi,حَيَوٰةِ,Hayaw`p,N,,,primary
Hayat,18:104:5,Hayaw`pi,حَيَوٰةِ,Hayaw`p,N,,,primary
Hayat,20:72:18,Hayaw`pa,حَيَوٰةَ,Hayaw`p,N,,,primary
Hayat,20:97:6,Hayaw`pi,حَيَوٰةِ,Hayaw`p,N,,,primary
Hayat,20:131:11,Hayaw`pi,حَيَوٰةِ,Hayaw`p,N,,,primary
Hayat,23:33:12,Hayaw`pi,حَيَوٰةِ,Hayaw`p,N,,,primary
Hayat,23:37:4,HayaAtu,حَيَاتُ,Hayaw`p,N,,,primary
Hayat,24:33:38,Hayaw`pi,حَيَوٰةِ,Hayaw`p,N,,,primary
Hayat,25:3:20,Hayaw`pF,حَيَوٰةً,Hayaw`p,N,,,primary
Hayat,28:60:6,Hayaw`pi,حَيَوٰةِ,Hayaw`p,N,,,primary
Hayat,28:61:10,Hayaw`pi,حَيَوٰةِ,Hayaw`p,N,,,primary
Hayat,28:79:9,Hayaw`pa,حَيَوٰةَ,Hayaw`p,N,,,primary
Hayat,29:25:11,Hayaw`pi,حَيَوٰةِ,Hayaw`p,N,,,primary
Hayat,29:64:3,Hayaw`pu,حَيَوٰةُ,Hayaw`p,N,,,primary
Hayat,30:7:4,Hayaw`pi,حَيَوٰةِ,Hayaw`p,N,,,primary
Hayat,31:33:25,Hayaw`pu,حَيَوٰةُ,Hayaw`p,N,,,primary
Hayat,33:28:8,Hayaw`pa,حَيَوٰةَ,Hayaw`p,N,,,primary
Hayat,35:5:9,Hayaw`pu,حَيَوٰةُ,Hayaw`p,N,,,primary
Hayat,39:26:5,Hayaw`pi,حَيَوٰةِ,Hayaw`p,N,,,primary
Hayat,40:39:4,Hayaw`pu,حَيَوٰةُ,Hayaw`p,N,,,primary
Hayat,40:51:7,Hayaw`pi,حَيَوٰةِ,Hayaw`p,N,,,primary
Hayat,41:16:12,Hayaw`pi,حَيَوٰةِ,Hayaw`p,N,,,primary
Hayat,41:31:4,Hayaw`pi,حَيَوٰةِ,Hayaw`p,N,,,primary
Hayat,42:36:6,Hayaw`pi,حَيَوٰةِ,Hayaw`p,N,,,primary
Hayat,43:32:10,Hayaw`pi,حَيَوٰةِ,Hayaw`p,N,,,primary
Hayat,43:35:7,Hayaw`pi,حَيَوٰةِ,Hayaw`p,N,,,primary
Hayat,45:24:5,HayaAtu,حَيَاتُ,Hayaw`p,N,,,primary
Hayat,45:35:8,Hayaw`pu,حَيَوٰةُ,Hayaw`p,N,,,primary
Hayat,46:20:10,HayaAti,حَيَاتِ,Hayaw`p,N,,,primary
Hayat,47:36:2,Hayaw`pu,حَيَوٰةُ,Hayaw`p,N,,,primary
Hayat,53:29:10,Hayaw`pa,حَيَوٰةَ,Hayaw`p,N,,,primary
Hayat,57:20:3,Hayaw`pu,حَيَوٰةُ,Hayaw`p,N,,,primary
Hayat,57:20:35,Hayaw`pu,حَيَوٰةُ,Hayaw`p,N,,,primary
Hayat,67:2:4,Hayaw`pa,حَيَوٰةَ,Hayaw`p,N,,,primary
Hayat,79:38:2,Hayaw`pa,حَيَوٰةَ,Hayaw`p,N,,,primary
Hayat,87:16:3,Hayaw`pa,حَيَوٰةَ,Hayaw`p,N,,,primary
Hayat,89:24:4,HayaAti,حَيَاتِ,Hayaw`p,N,,,primary
Hayat,6:162:5,maHoyaA,مَحْيَا,m~aHoyaA,N,,,variant:m~aHoyaA
Hayat,45:21:13,m~aHoyaA,مَّحْيَا,m~aHoyaA,N,,,variant:m~aHoyaA
Hayat,29:64:12,HayawaAnu,حَيَوَانُ,HayawaAn,N,,,variant:HayawaAn
Mawt,2:19:16,mawoti,مَوْتِ,mawot,N,,,primary
Mawt,2:56:5,mawoti,مَوْتِ,mawot,N,,,primary
Mawt,2:94:14,mawota,مَوْتَ,mawot,N,,,primary
Mawt,2:133:7,mawotu,مَوْتُ,mawot,N,,,primary
Mawt,2:164:28,mawoti,مَوْتِ,mawot,N,,,primary
Mawt,2:180:6,mawotu,مَوْتُ,mawot,N,,,primary
Mawt,2:243:11,mawoti,مَوْتِ,mawot,N,,,primary
Mawt,2:259:16,mawoti,مَوْتِ,mawot,N,,,primary
Mawt,3:143:4,mawota,مَوْتَ,mawot,N,,,primary
Mawt,3:168:13,mawota,مَوْتَ,mawot,N,,,primary
Mawt,3:185:4,mawoti,مَوْتِ,mawot,N,,,primary
Mawt,4:15:17,mawotu,مَوْتُ,mawot,N,,,primary
Mawt,4:18:10,mawotu,مَوْتُ,mawot,N,,,primary
Mawt,4:78:4,mawotu,مَوْتُ,mawot,N,,,primary
Mawt,4:100:22,mawotu,مَوْتُ,mawot,N,,,primary
Mawt,4:159:9,mawoti,مَوْتِ,mawot,N,,,primary
Mawt,5:106:9,mawotu,مَوْتُ,mawot,N,,,primary
Mawt,5:106:27,mawoti,مَوْتِ,mawot,N,,,primary
Mawt,6:61:12,mawotu,مَوْتُ,mawot,N,,,primary
Mawt,6:93:29,mawoti,مَوْتِ,mawot,N,,,primary
Mawt,8:6:9,mawoti,مَوْتِ,mawot,N,,,primary
Mawt,11:7:23,mawoti,مَوْتِ,mawot,N,,,primary
Mawt,14:17:6,mawotu,مَوْتُ,mawot,N,,,primary
Mawt,16:65:10,mawoti,مَوْتِ,mawot,N,,,primary
Mawt,21:35:4,mawoti,مَوْتِ,mawot,N,,,primary
Mawt,23:99:5,mawotu,مَوْتُ,mawot,N,,,primary
Mawt,25:3:18,mawotFA,مَوْتًا,mawot,N,,,primary
Mawt,29:57:4,mawoti,مَوْتِ,mawot,N,,,primary
Mawt,29:63:13,mawoti,مَوْتِ,mawot,N,,,primary
Mawt,30:19:12,mawoti,مَوْتِ,mawot,N,,,primary
Mawt,30:24:15,mawoti,مَوْتِ,mawot,N,,,primary
Mawt,30:50:10,mawoti,مَوْتِ,mawot,N,,,primary
Mawt,32:11:4,mawoti,مَوْتِ,mawot,N,,,primary
Mawt,33:16:8,mawoti,مَوْتِ,mawot,N,,,primary
Mawt,33:19:15,mawoti,مَوْتِ,mawot,N,,,primary
Mawt,34:14:4,mawota,مَوْتَ,mawot,N,,,primary
Mawt,34:14:8,mawoti,مَوْتِ,mawot,N,,,primary
Mawt,35:9:15,mawoti,مَوْتِ,mawot,N,,,primary
Mawt,39:42:5,mawoti,مَوْتِ,mawot,N,,,primary
Mawt,39:42:15,mawota,مَوْتَ,mawot,N,,,primary
Mawt,44:56:4,mawota,مَوْتَ,mawot,N,,,primary
Mawt,45:5:15,mawoti,مَوْتِ,mawot,N,,,primary
Mawt,47:20:25,mawoti,مَوْتِ,mawot,N,,,primary
Mawt,50:19:3,mawoti,مَوْتِ,mawot,N,,,primary
Mawt,56:60:4,mawota,مَوْتَ,mawot,N,,,primary
Mawt,57:17:7,mawoti,مَوْتِ,mawot,N,,,primary
Mawt,62:6:14,mawota,مَوْتَ,mawot,N,,,primary
Mawt,62:8:3,mawota,مَوْتَ,mawot,N,,,primary
Mawt,63:10:10,mawotu,مَوْتُ,mawot,N,,,primary
Mawt,67:2:3,mawota,مَوْتَ,mawot,N,,,primary
Mawt,37:59:2,mawotata,مَوْتَتَ,mawotat,N,,,variant:mawotat
Mawt,44:35:4,mawotatu,مَوْتَتُ,mawotat,N,,,variant:mawotat
Mawt,44:56:6,mawotapa,مَوْتَةَ,mawotat,N,,,variant:mawotat
Mawt,6:162:6,mamaAti,مَمَاتِ,mamaAt,N,,,variant:mamaAt
Mawt,17:75:6,mamaAti,مَمَاتِ,mamaAt,N,,,variant:mamaAt
Mawt,45:21:14,mamaAtu,مَمَاتُ,mamaAt,N,,,variant:mamaAt
Rajul,2:282:59,rajulayoni,رَجُلَيْنِ,rajul,N,D,MD,primary
Rajul,2:282:60,rajulN,رَجُلٌ,rajul,N,,,primary
Rajul,4:12:52,rajulN,رَجُلٌ,rajul,N,,,primary
Rajul,5:23:2,rajulaAni,رَجُلَانِ,rajul,N,D,MD,primary
Rajul,6:9:5,rajulFA,رَجُلًا,rajul,N,,,primary
Rajul,7:63:8,rajulK,رَجُلٍ,rajul,N,,,primary
Rajul,7:69:8,rajulK,رَجُلٍ,rajul,N,,,primary
Rajul,7:155:5,rajulFA,رَجُلًا,rajul,N,,,primary
Rajul,10:2:7,rajulK,رَجُلٍ,rajul,N,,,primary
Rajul,11:78:25,rajulN,رَجُلٌ,rajul,N,,,primary
Rajul,16:76:4,r~ajulayoni,رَّجُلَيْنِ,rajul,N,D,MD,primary
Rajul,17:47:18,rajulFA,رَجُلًا,rajul,N,,,primary
Rajul,18:32:4,r~ajulayoni,رَّجُلَيْنِ,rajul,N,D,MD,primary
Rajul,18:37:16,rajulFA,رَجُلًا,rajul,N,,,primary
Rajul,23:25:4,rajulN[,رَجُلٌۢ,rajul,N,,,primary
Rajul,23:38:4,rajulN,رَجُلٌ,rajul,N,,,primary
Rajul,25:8:16,rajulFA,رَجُلًا,rajul,N,,,primary
Rajul,28:15:10,rajulayoni,رَجُلَيْنِ,rajul,N,D,MD,primary
Rajul,28:20:2,rajulN,رَجُلٌ,rajul,N,,,primary
Rajul,33:4:4,rajulK,رَجُلٍ,rajul,N,,,primary
Rajul,34:7:7,rajulK,رَجُلٍ,rajul,N,,,primary
Rajul,34:43:10,rajulN,رَجُلٌ,rajul,N,,,primary
Rajul,36:20:5,rajulN,رَجُلٌ,rajul,N,,,primary
Rajul,39:29:4,r~ajulFA,رَّجُلًا,rajul,N,,,primary
Rajul,39:29:8,rajulFA,رَجُلًا,rajul,N,,,primary
Rajul,39:29:10,rajulK,رَجُلٍ,rajul,N,,,primary
Rajul,40:28:2,rajulN,رَجُلٌ,rajul,N,,,primary
Rajul,40:28:10,rajulFA,رَجُلًا,rajul,N,,,primary
Rajul,43:31:7,rajulK,رَجُلٍ,rajul,N,,,primary
Rajul,2:228:35,r~ijaAli,رِّجَالِ,rijaAl,N,P,MP,variant:rijaAl
Rajul,2:239:3,rijaAlFA,رِجَالًا,rijaAl,N,P,MP,variant:rijaAl
Rajul,2:282:55,r~ijaAli,رِّجَالِ,rijaAl,N,P,MP,variant:rijaAl
Rajul,4:1:15,rijaAlFA,رِجَالًا,rijaAl,N,P,MP,variant:rijaAl
Rajul,4:7:1,r~ijaAli,رِّجَالِ,rijaAl,N,P,MP,variant:rijaAl
Rajul,4:32:10,r~ijaAli,رِّجَالِ,rijaAl,N,P,MP,variant:rijaAl
Rajul,4:34:1,r~ijaAlu,رِّجَالُ,rijaAl,N,P,MP,variant:rijaAl
Rajul,4:75:10,r~ijaAli,رِّجَالِ,rijaAl,N,P,MP,variant:rijaAl
Rajul,4:98:4,r~ijaAli,رِّجَالِ,rijaAl,N,P,MP,variant:rijaAl
Rajul,4:176:36,r~ijaAlFA,رِّجَالًا,rijaAl,N,P,MP,variant:rijaAl
Rajul,7:46:5,rijaAlN,رِجَالٌ,rijaAl,N,P,MP,variant:rijaAl
Rajul,7:48:4,rijaAlFA,رِجَالًا,rijaAl,N,P,MP,variant:rijaAl
Rajul,7:81:3,r~ijaAla,رِّجَالَ,rijaAl,N,P,MP,variant:rijaAl
Rajul,9:108:17,rijaAlN,رِجَالٌ,rijaAl,N,P,MP,variant:rijaAl
Rajul,12:109:6,rijaAlFA,رِجَالًا,rijaAl,N,P,MP,variant:rijaAl
Rajul,16:43:6,rijaAlFA,رِجَالًا,rijaAl,N,P,MP,variant:rijaAl
Rajul,21:7:5,rijaAlFA,رِجَالًا,rijaAl,N,P,MP,variant:rijaAl
Rajul,22:27:6,rijaAlFA,رِجَالًا,rijaAl,N,P,MP,variant:rijaAl
Rajul,24:31:54,r~ijaAli,رِّجَالِ,rijaAl,N,P,MP,variant:rijaAl
Rajul,24:37:1,rijaAlN,رِجَالٌ,rijaAl,N,P,MP,variant:rijaAl
Rajul,27:55:3,r~ijaAla,رِّجَالَ,rijaAl,N,P,MP,variant:rijaAl
Rajul,29:29:3,r~ijaAla,رِّجَالَ,rijaAl,N,P,MP,variant:rijaAl
Rajul,33:23:3,rijaAlN,رِجَالٌ,rijaAl,N,P,MP,variant:rijaAl
Rajul,33:40:7,r~ijaAli,رِّجَالِ,rijaAl,N,P,MP,variant:rijaAl
Rajul,38:62:6,rijaAlFA,رِجَالًا,rijaAl,N,P,MP,variant:rijaAl
Rajul,48:25:14,rijaAlN,رِجَالٌ,rijaAl,N,P,MP,variant:rijaAl
Rajul,72:6:3,rijaAlN,رِجَالٌ,rijaAl,N,P,MP,variant:rijaAl
Rajul,72:6:7,rijaAlK,رِجَالٍ,rijaAl,N,P,MP,variant:rijaAl
Imra'a,2:282:61,{mora>ataAni,ٱمْرَأَتَانِ,{mora>at,N,D,FD,primary
Imra'a,3:35:3,{mora>atu,ٱمْرَأَتُ,{mora>at,N,,,primary
Imra'a,3:40:10,{mora>ati,ٱمْرَأَتِ,{mora>at,N,,,primary
Imra'a,4:12:56,{mora>apN,ٱمْرَأَةٌ,{mora>at,N,,,primary
Imra'a,4:128:2,{mora>apN,ٱمْرَأَةٌ,{mora>at,N,,,primary
Imra'a,7:83:4,{mora>ata,ٱمْرَأَتَ,{mora>at,N,,,primary
Imra'a,11:71:1,{mora>atu,ٱمْرَأَتُ,{mora>at,N,,,primary
Imra'a,11:81:19,{mora>ata,ٱمْرَأَتَ,{mora>at,N,,,primary
Imra'a,12:21:6,{mora>ati,ٱمْرَأَتِ,{mora>at,N,,,primary
Imra'a,12:30:5,{mora>atu,ٱمْرَأَتُ,{mora>at,N,,,primary
Imra'a,12:51:18,{mora>atu,ٱمْرَأَتُ,{mora>at,N,,,primary
Imra'a,15:60:2,{mora>ata,ٱمْرَأَتَ,{mora>at,N,,,primary
Imra'a,19:5:7,{mora>ati,ٱمْرَأَتِ,{mora>at,N,,,primary
Imra'a,19:8:8,{mora>ati,ٱمْرَأَتِ,{mora>at,N,,,primary
Imra'a,27:23:3,{mora>apF,ٱمْرَأَةً,{mora>at,N,,,primary
Imra'a,27:57:4,{mora>ata,ٱمْرَأَتَ,{mora>at,N,,,primary
Imra'a,28:9:2,{mora>atu,ٱمْرَأَتُ,{mora>at,N,,,primary
Imra'a,28:23:14,{mora>atayoni,ٱمْرَأَتَيْنِ,{mora>at,N,D,FD,primary
Imra'a,29:32:13,{mora>ata,ٱمْرَأَتَ,{mora>at,N,,,primary
Imra'a,29:33:20,{mora>ata,ٱمْرَأَتَ,{mora>at,N,,,primary
Imra'a,33:50:28,{mora>apF,ٱمْرَأَةً,{mora>at,N,,,primary
Imra'a,51:29:2,{mora>atu,ٱمْرَأَتُ,{mora>at,N,,,primary
Imra'a,66:10:6,{mora>ata,ٱمْرَأَتَ,{mora>at,N,,,primary
Imra'a,66:10:8,{mora>ata,ٱمْرَأَتَ,{mora>at,N,,,primary
Imra'a,66:11:6,{mora>ata,ٱمْرَأَتَ,{mora>at,N,,,primary
Imra'a,111:4:1,{mora>atu,ٱمْرَأَتُ,{mora>at,N,,,primary
Imra'a,2:49:12,nisaA^'a,نِسَآءَ,nisaA^',N,P,FP,variant:nisaA^'
Imra'a,2:187:7,nisaA^}i,نِسَآئِ,nisaA^',N,P,FP,variant:nisaA^'
Imra'a,2:222:8,n~isaA^'a,نِّسَآءَ,nisaA^',N,P,FP,variant:nisaA^'
Imra'a,2:223:1,nisaA^&u,نِسَآؤُ,nisaA^',N,P,FP,variant:nisaA^'
Imra'a,2:226:4,n~isaA^}i,نِّسَآئِ,nisaA^',N,P,FP,variant:nisaA^'
Imra'a,2:231:3,n~isaA^'a,نِّسَآءَ,nisaA^',N,P,FP,variant:nisaA^'
Imra'a,2:232:3,n~isaA^'a,نِّسَآءَ,nisaA^',N,P,FP,variant:nisaA^'
Imra'a,2:235:9,n~isaA^'i,نِّسَآءِ,nisaA^',N,P,FP,variant:nisaA^'
Imra'a,2:236:6,n~isaA^'a,نِّسَآءَ,nisaA^',N,P,FP,variant:nisaA^'
Imra'a,3:14:6,n~isaA^'i,نِّسَآءِ,nisaA^',N,P,FP,variant:nisaA^'
Imra'a,3:42:11,nisaA^'i,نِسَآءِ,nisaA^',N,P,FP,variant:nisaA^'
Imra'a,3:61:15,nisaA^'a,نِسَآءَ,nisaA^',N,P,FP,variant:nisaA^'
Imra'a,3:61:16,nisaA^'a,نِسَآءَ,nisaA^',N,P,FP,variant:nisaA^'
Imra'a,4:1:17,nisaA^'F,نِسَآءً,nisaA^',N,P,FP,variant:nisaA^'
Imra'a,4:3:12,n~isaA^'i,نِّسَآءِ,nisaA^',N,P,FP,variant:nisaA^'
Imra'a,4:4:2,n~isaA^'a,نِّسَآءَ,nisaA^',N,P,FP,variant:nisaA^'
Imra'a,4:7:7,n~isaA^'i,نِّسَآءِ,nisaA^',N,P,FP,variant:nisaA^'
Imra'a,4:11:11,nisaA^'F,نِسَآءً,nisaA^',N,P,FP,variant:nisaA^'
Imra'a,4:15:5,n~isaA^}i,نِّسَآئِ,nisaA^',N,P,FP,variant:nisaA^'
Imra'a,4:19:9,n~isaA^'a,نِّسَآءَ,nisaA^',N,P,FP,variant:nisaA^'
Imra'a,4:22:7,n~isaA^'i,نِّسَآءِ,nisaA^',N,P,FP,variant:nisaA^'
Imra'a,4:23:19,nisaA^}i,نِسَآئِ,nisaA^',N,P,FP,variant:nisaA^'
Imra'a,4:23:25,n~isaA^}i,نِّسَآئِ,nisaA^',N,P,FP,variant:nisaA^'
Imra'a,4:24:3,n~isaA^'i,نِّسَآءِ,nisaA^',N,P,FP,variant:nisaA^'
Imra'a,4:32:14,n~isaA^'i,نِّسَآءِ,nisaA^',N,P,FP,variant:nisaA^'
Imra'a,4:34:4,n~isaA^'i,نِّسَآءِ,nisaA^',N,P,FP,variant:nisaA^'
Imra'a,4:43:34,n~isaA^'a,نِّسَآءَ,nisaA^',N,P,FP,variant:nisaA^'
Imra'a,4:75:11,n~isaA^'i,نِّسَآءِ,nisaA^',N,P,FP,variant:nisaA^'
Imra'a,4:98:5,n~isaA^'i,نِّسَآءِ,nisaA^',N,P,FP,variant:nisaA^'
Imra'a,4:127:3,n~isaA^'i,نِّسَآءِ,nisaA^',N,P,FP,variant:nisaA^'
Imra'a,4:127:15,n~isaA^'i,نِّسَآءِ,nisaA^',N,P,FP,variant:nisaA^'
Imra'a,4:129:6,n~isaA^'i,نِّسَآءِ,nisaA^',N,P,FP,variant:nisaA^'
Imra'a,4:176:37,nisaA^'F,نِسَآءً,nisaA^',N,P,FP,variant:nisaA^'
Imra'a,5:6:36,n~isaA^'a,نِّسَآءَ,nisaA^',N,P,FP,variant:nisaA^'
Imra'a,7:81:7,n~isaA^'i,نِّسَآءِ,nisaA^',N,P,FP,variant:nisaA^'
Imra'a,7:127:18,nisaA^'a,نِسَآءَ,nisaA^',N,P,FP,variant:nisaA^'
Imra'a,7:141:12,nisaA^'a,نِسَآءَ,nisaA^',N,P,FP,variant:nisaA^'
Imra'a,12:30:2,nisowapN,نِسْوَةٌ,nisaA^',N,P,FP,variant:nisaA^'
Imra'a,12:50:15,n~isowapi,نِّسْوَةِ,nisaA^',N,P,FP,variant:nisaA^'
Imra'a,14:6:20,nisaA^'a,نِسَآءَ,nisaA^',N,P,FP,variant:nisaA^'
Imra'a,24:31:43,nisaA^}i,نِسَآئِ,nisaA^',N,P,FP,variant:nisaA^'
Imra'a,24:31:62,n~isaA^'i,نِّسَآءِ,nisaA^',N,P,FP,variant:nisaA^'
Imra'a,24:60:3,n~isaA^'i,نِّسَآءِ,nisaA^',N,P,FP,variant:nisaA^'
Imra'a,27:55:7,n~isaA^'i,نِّسَآءِ,nisaA^',N,P,FP,variant:nisaA^'
Imra'a,28:4:15,nisaA^'a,نِسَآءَ,nisaA^',N,P,FP,variant:nisaA^'
Imra'a,33:30:1,nisaA^'a,نِسَآءَ,nisaA^',N,P,FP,variant:nisaA^'
Imra'a,33:32:1,nisaA^'a,نِسَآءَ,nisaA^',N,P,FP,variant:nisaA^'
Imra'a,33:32:6,n~isaA^'i,نِّسَآءِ,nisaA^',N,P,FP,variant:nisaA^'
Imra'a,33:52:4,n~isaA^'u,نِّسَآءُ,nisaA^',N,P,FP,variant:nisaA^'
Imra'a,33:55:17,nisaA^}i,نِسَآئِ,nisaA^',N,P,FP,variant:nisaA^'
Imra'a,33:59:6,nisaA^'i,نِسَآءِ,nisaA^',N,P,FP,variant:nisaA^'
Imra'a,40:25:13,nisaA^'a,نِسَآءَ,nisaA^',N,P,FP,variant:nisaA^'
Imra'a,48:25:16,nisaA^'N,نِسَآءٌ,nisaA^',N,P,FP,variant:nisaA^'
Imra'a,49:11:15,nisaA^'N,نِسَآءٌ,nisaA^',N,P,FP,variant:nisaA^'
Imra'a,49:11:17,n~isaA^'K,نِّسَآءٍ,nisaA^',N,P,FP,variant:nisaA^'
Imra'a,58:2:5,n~isaA^}i,نِّسَآئِ,nisaA^',N,P,FP,variant:nisaA^'
Imra'a,58:3:4,n~isaA^}i,نِّسَآئِ,nisaA^',N,P,FP,variant:nisaA^'
Imra'a,65:1:5,n~isaA^'a,نِّسَآءَ,nisaA^',N,P,FP,variant:nisaA^'
Imra'a,65:4:6,n~isaA^}i,نِّسَآئِ,nisaA^',N,P,FP,variant:nisaA^'
Shahr,2:185:1,$ahoru,شَهْرُ,$ahor,N,,,primary
Shahr,2:185:16,$~ahora,شَّهْرَ,$ahor,N,,,primary
Shahr,2:194:1,$~ahoru,شَّهْرُ,$ahor,N,,,primary
Shahr,2:194:3,$~ahori,شَّهْرِ,$ahor,N,,,primary
Shahr,2:197:2,>a$ohurN,أَشْهُرٌ,$ahor,N,P,MP,primary
Shahr,2:217:3,$~ahori,شَّهْرِ,$ahor,N,,,primary
Shahr,2:226:7,>a$ohurK,أَشْهُرٍ,$ahor,N,P,MP,primary
Shahr,2:234:9,>a$ohurK,أَشْهُرٍ,$ahor,N,P,MP,primary
Shahr,4:92:52,$ahorayoni,شَهْرَيْنِ,$ahor,N,D,MD,primary
Shahr,5:2:9,$~ahora,شَّهْرَ,$ahor,N,,,primary
Shahr,5:97:8,$~ahora,شَّهْرَ,$ahor,N,,,primary
Shahr,9:2:5,>a$ohurK,أَشْهُرٍ,$ahor,N,P,MP,primary
Shahr,9:5:3,>a$ohuru,أَشْهُرُ,$ahor,N,P,MP,primary
Shahr,9:36:3,$~uhuwri,شُّهُورِ,$ahor,N,P,MP,primary
Shahr,9:36:8,$ahorFA,شَهْرًا,$ahor,N,,,primary
Shahr,34:12:4,$ahorN,شَهْرٌ,$ahor,N,,,primary
Shahr,34:12:6,$ahorN,شَهْرٌ,$ahor,N,,,primary
Shahr,46:15:13,$ahorFA,شَهْرًا,$ahor,N,,,primary
Shahr,58:4:5,$ahorayoni,شَهْرَيْنِ,$ahor,N,D,MD,primary
Shahr,65:4:11,>a$ohurK,أَشْهُرٍ,$ahor,N,P,MP,primary
Shahr,97:3:6,$ahorK,شَهْرٍ,$ahor,N,,,primary
Yawm,1:4:2,yawomi,يَوْمِ,yawom,N,,,primary
Yawm,2:8:7,yawomi,يَوْمِ,yawom,N,,,primary
Yawm,2:48:2,yawomFA,يَوْمًا,yawom,N,,,primary
Yawm,2:62:11,yawomi,يَوْمِ,yawom,N,,,primary
Yawm,2:80:6,>ay~aAmFA,أَيَّامًا,yawom,N,P,MP,primary
Yawm,2:85:39,yawoma,يَوْمَ,yawom,T,,,primary
Yawm,2:113:26,yawoma,يَوْمَ,yawom,T,,,primary
Yawm,2:123:2,yawomFA,يَوْمًا,yawom,N,,,primary
Yawm,2:126:17,yawomi,يَوْمِ,yawom,N,,,primary
Yawm,2:174:23,yawoma,يَوْمَ,yawom,T,,,primary
Yawm,2:177:14,yawomi,يَوْمِ,yawom,N,,,primary
Yawm,2:184:1,>ay~aAmFA,أَيَّامًا,yawom,T,P,MP,primary
Yawm,2:184:12,>ay~aAmK,أَيَّامٍ,yawom,N,P,MP,primary
Yawm,2:185:26,>ay~aAmK,أَيَّامٍ,yawom,N,P,MP,primary
Yawm,2:196:50,>ay~aAmK,أَيَّامٍ,yawom,N,P,MP,primary
Yawm,2:203:4,>ay~aAmK,أَيَّامٍ,yawom,N,P,MP,primary
Yawm,2:203:9,yawomayoni,يَوْمَيْنِ,yawom,N,D,MD,primary
Yawm,2:212:13,yawoma,يَوْمَ,yawom,T,,,primary
Yawm,2:228:20,yawomi,يَوْمِ,yawom,N,,,primary
Yawm,2:232:23,yawomi,يَوْمِ,yawom,N,,,primary
Yawm,2:249:40,yawoma,يَوْمَ,yawom,T,,,primary
Yawm,2:254:11,yawomN,يَوْمٌ,yawom,N,,,primary
Yawm,2:259:28,yawomFA,يَوْمًا,yawom,N,,,primary
Yawm,2:259:31,yawomK,يَوْمٍ,yawom,N,,,primary
Yawm,2:264:17,yawomi,يَوْمِ,yawom,N,,,primary
Yawm,2:281:2,yawomFA,يَوْمًا,yawom,N,,,primary
Yawm,3:9:5,yawomK,يَوْمٍ,yawom,N,,,primary
Yawm,3:24:8,>ay~aAmFA,أَيَّامًا,yawom,T,P,FP,primary
Yawm,3:25:4,yawomK,يَوْمٍ,yawom,N,,,primary
Yawm,3:30:1,yawoma,يَوْمَ,yawom,T,,,primary
Yawm,3:41:12,>ay~aAmK,أَيَّامٍ,yawom,N,P,MP,primary
Yawm,3:55:20,yawomi,يَوْمِ,yawom,N,,,primary
Yawm,3:77:21,yawoma,يَوْمَ,yawom,T,,,primary
Yawm,3:106:1,yawoma,يَوْمَ,yawom,T,,,primary
Yawm,3:114:3,yawomi,يَوْمِ,yawom,N,,,primary
Yawm,3:140:10,>ay~aAmu,أَيَّامُ,yawom,N,P,MP,primary
Yawm,3:155:5,yawoma,يَوْمَ,yawom,T,,,primary
Yawm,3:161:11,yawoma,يَوْمَ,yawom,N,,,primary
Yawm,3:166:3,yawoma,يَوْمَ,yawom,T,,,primary
Yawm,3:180:21,yawoma,يَوْمَ,yawom,T,,,primary
Yawm,3:185:8,yawoma,يَوْمَ,yawom,T,,,primary
Yawm,3:194:9,yawoma,يَوْمَ,yawom,T,,,primary
Yawm,4:38:10,yawomi,يَوْمِ,yawom,N,,,primary
Yawm,4:39:6,yawomi,يَوْمِ,yawom,N,,,primary
Yawm,4:59:23,yawomi,يَوْمِ,yawom,N,,,primary
Yawm,4:87:8,yawomi,يَوْمِ,yawom,N,,,primary
Yawm,4:109:12,yawoma,يَوْمَ,yawom,T,,,primary
Yawm,4:136:23,yawomi,يَوْمِ,yawom,N,,,primary
Yawm,4:141:28,yawoma,يَوْمَ,yawom,T,,,primary
Yawm,4:159:10,yawoma,يَوْمَ,yawom,T,,,primary
Yawm,4:162:21,yawomi,يَوْمِ,yawom,N,,,primary
Yawm,5:3:31,yawoma,يَوْمَ,yawom,T,,,primary
Yawm,5:3:40,yawoma,يَوْمَ,yawom,T,,,primary
Yawm,5:5:1,yawoma,يَوْمَ,yawom,T,,,primary
Yawm,5:14:18,yawomi,يَوْمِ,yawom,N,,,primary
Yawm,5:36:17,yawomi,يَوْمِ,yawom,N,,,primary
Yawm,5:64:32,yawomi,يَوْمِ,yawom,N,,,primary
Yawm,5:69:11,yawomi,يَوْمِ,yawom,N,,,primary
Yawm,5:89:31,>ay~aAmK,أَيَّامٍ,yawom,N,P,MP,primary
Yawm,5:109:1,yawoma,يَوْمَ,yawom,T,,,primary
Yawm,5:119:4,yawomu,يَوْمُ,yawom,N,,,primary
Yawm,6:12:15,yawomi,يَوْمِ,yawom,N,,,primary
Yawm,6:15:8,yawomK,يَوْمٍ,yawom,N,,,primary
Yawm,6:22:1,yawoma,يَوْمَ,yawom,T,,,primary
Yawm,6:73:7,yawoma,يَوْمَ,yawom,T,,,primary
Yawm,6:73:15,yawoma,يَوْمَ,yawom,T,,,primary
Yawm,6:93:35,yawoma,يَوْمَ,yawom,T,,,primary
Yawm,6:128:1,yawoma,يَوْمَ,yawom,T,,,primary
Yawm,6:130:13,yawomi,يَوْمِ,yawom,N,,,primary
Yawm,6:141:24,yawoma,يَوْمَ,yawom,T,,,primary
Yawm,6:158:15,yawoma,يَوْمَ,yawom,T,,,primary
Yawm,7:14:4,yawomi,يَوْمِ,yawom,N,,,primary
Yawm,7:32:20,yawoma,يَوْمَ,yawom,T,,,primary
Yawm,7:51:9,yawoma,يَوْمَ,yawom,T,,,primary
Yawm,7:51:14,yawomi,يَوْمِ,yawom,N,,,primary
Yawm,7:53:5,yawoma,يَوْمَ,yawom,T,,,primary
Yawm,7:54:10,>ay~aAmK,أَيَّامٍ,yawom,N,P,MP,primary
Yawm,7:59:19,yawomK,يَوْمٍ,yawom,N,,,primary
Yawm,7:163:15,yawoma,يَوْمَ,yawom,T,,,primary
Yawm,7:163:18,yawoma,يَوْمَ,yawom,T,,,primary
Yawm,7:167:7,yawomi,يَوْمِ,yawom,N,,,primary
Yawm,7:172:20,yawoma,يَوْمَ,yawom,T,,,primary
Yawm,8:41:24,yawoma,يَوْمَ,yawom,T,,,primary
Yawm,8:41:26,yawoma,يَوْمَ,yawom,T,,,primary
Yawm,8:48:10,yawoma,يَوْمَ,yawom,T,,,primary
Yawm,9:3:7,yawoma,يَوْمَ,yawom,N,,,primary
Yawm,9:18:8,yawomi,يَوْمِ,yawom,N,,,primary
Yawm,9:19:10,yawomi,يَوْمِ,yawom,N,,,primary
Yawm,9:25:7,yawoma,يَوْمَ,yawom,N,,,primary
Yawm,9:29:7,yawomi,يَوْمِ,yawom,N,,,primary
Yawm,9:35:1,yawoma,يَوْمَ,yawom,N,,,primary
Yawm,9:36:12,yawoma,يَوْمَ,yawom,N,,,primary
Yawm,9:44:6,yawomi,يَوْمِ,yawom,N,,,primary
Yawm,9:45:7,yawomi,يَوْمِ,yawom,N,,,primary
Yawm,9:77:6,yawomi,يَوْمِ,yawom,N,,,primary
Yawm,9:99:6,yawomi,يَوْمِ,yawom,N,,,primary
Yawm,9:108:11,yawomK,يَوْمٍ,yawom,N,,,primary
Yawm,10:3:10,>ay~aAmK,أَيَّامٍ,yawom,N,P,MP,primary
Yawm,10:15:38,yawomK,يَوْمٍ,yawom,N,,,primary
Yawm,10:28:1,yawoma,يَوْمَ,yawom,N,,,primary
Yawm,10:45:1,yawoma,يَوْمَ,yawom,N,,,primary
Yawm,10:60:8,yawoma,يَوْمَ,yawom,N,,,primary
Yawm,10:92:1,yawoma,يَوْمَ,yawom,N,,,primary
Yawm,10:93:19,yawoma,يَوْمَ,yawom,N,,,primary
Yawm,10:102:5,>ay~aAmi,أَيَّامِ,yawom,N,P,MP,primary
Yawm,11:3:24,yawomK,يَوْمٍ,yawom,N,,,primary
Yawm,11:7:8,>ay~aAmK,أَيَّامٍ,yawom,N,P,MP,primary
Yawm,11:8:12,yawoma,يَوْمَ,yawom,N,,,primary
Yawm,11:26:10,yawomK,يَوْمٍ,yawom,N,,,primary
Yawm,11:43:11,yawoma,يَوْمَ,yawom,N,,,primary
Yawm,11:60:6,yawoma,يَوْمَ,yawom,N,,,primary
Yawm,11:65:7,>ay~aAmK,أَيَّامٍ,yawom,N,P,MP,primary
Yawm,11:77:12,yawomN,يَوْمٌ,yawom,N,,,primary
Yawm,11:84:25,yawomK,يَوْمٍ,yawom,N,,,primary
Yawm,11:98:3,yawoma,يَوْمَ,yawom,N,,,primary
Yawm,11:99:5,yawoma,يَوْمَ,yawom,N,,,primary
Yawm,11:103:10,yawomN,يَوْمٌ,yawom,N,,,primary
Yawm,11:103:15,yawomN,يَوْمٌ,yawom,N,,,primary
Yawm,11:105:1,yawoma,يَوْمَ,yawom,N,,,primary
Yawm,12:54:11,yawoma,يَوْمَ,yawom,N,,,primary
Yawm,12:92:5,yawoma,يَوْمَ,yawom,N,,,primary
Yawm,14:5:13,>ay~aY`mi,أَيَّىٰمِ,yawom,N,P,MP,primary
Yawm,14:18:11,yawomK,يَوْمٍ,yawom,N,,,primary
Yawm,14:31:16,yawomN,يَوْمٌ,yawom,N,,,primary
Yawm,14:41:6,yawoma,يَوْمَ,yawom,N,,,primary
Yawm,14:42:10,yawomK,يَوْمٍ,yawom,N,,,primary
Yawm,14:44:3,yawoma,يَوْمَ,yawom,N,,,primary
Yawm,14:48:1,yawoma,يَوْمَ,yawom,N,,,primary
Yawm,15:35:5,yawomi,يَوْمِ,yawom,N,,,primary
Yawm,15:36:5,yawomi,يَوْمِ,yawom,N,,,primary
Yawm,15:38:2,yawomi,يَوْمِ,yawom,N,,,primary
Yawm,16:25:4,yawoma,يَوْمَ,yawom,N,,,primary
Yawm,16:27:2,yawoma,يَوْمَ,yawom,N,,,primary
Yawm,16:27:18,yawoma,يَوْمَ,yawom,N,,,primary
Yawm,16:63:14,yawoma,يَوْمَ,yawom,N,,,primary
Yawm,16:80:14,yawoma,يَوْمَ,yawom,N,,,primary
Yawm,16:80:16,yawoma,يَوْمَ,yawom,N,,,primary
Yawm,16:84:1,yawoma,يَوْمَ,yawom,N,,,primary
Yawm,16:89:1,yawoma,يَوْمَ,yawom,N,,,primary
Yawm,16:92:27,yawoma,يَوْمَ,yawom,N,,,primary
Yawm,16:111:1,yawoma,يَوْمَ,yawom,N,,,primary
Yawm,16:124:12,yawoma,يَوْمَ,yawom,N,,,primary
Yawm,17:13:9,yawoma,يَوْمَ,yawom,N,,,primary
Yawm,17:14:5,yawoma,يَوْمَ,yawom,N,,,primary
Yawm,17:52:1,yawoma,يَوْمَ,yawom,N,,,primary
Yawm,17:58:8,yawomi,يَوْمِ,yawom,N,,,primary
Yawm,17:62:10,yawomi,يَوْمِ,yawom,N,,,primary
Yawm,17:71:1,yawoma,يَوْمَ,yawom,N,,,primary
Yawm,17:97:15,yawoma,يَوْمَ,yawom,N,,,primary
Yawm,18:19:12,yawomFA,يَوْمًا,yawom,N,,,primary
Yawm,18:19:15,yawomK,يَوْمٍ,yawom,N,,,primary
Yawm,18:47:1,yawoma,يَوْمَ,yawom,N,,,primary
Yawm,18:52:1,yawoma,يَوْمَ,yawom,N,,,primary
Yawm,18:105:12,yawoma,يَوْمَ,yawom,N,,,primary
Yawm,19:15:3,yawoma,يَوْمَ,yawom,T,,,primary
Yawm,19:15:5,yawoma,يَوْمَ,yawom,T,,,primary
Yawm,19:15:7,yawoma,يَوْمَ,yawom,T,,,primary
Yawm,19:26:17,yawoma,يَوْمَ,yawom,T,,,primary
Yawm,19:33:3,yawoma,يَوْمَ,yawom,T,,,primary
Yawm,19:33:5,yawoma,يَوْمَ,yawom,T,,,primary
Yawm,19:33:7,yawoma,يَوْمَ,yawom,T,,,primary
Yawm,19:37:10,yawomK,يَوْمٍ,yawom,N,,,primary
Yawm,19:38:4,yawoma,يَوْمَ,yawom,T,,,primary
Yawm,19:38:8,yawoma,يَوْمَ,yawom,T,,,primary
Yawm,19:39:2,yawoma,يَوْمَ,yawom,T,,,primary
Yawm,19:85:1,yawoma,يَوْمَ,yawom,N,,,primary
Yawm,19:95:3,yawoma,يَوْمَ,yawom,T,,,primary
Yawm,20:59:3,yawomu,يَوْمُ,yawom,N,,,primary
Yawm,20:64:8,yawoma,يَوْمَ,yawom,T,,,primary
Yawm,20:100:6,yawoma,يَوْمَ,yawom,T,,,primary
Yawm,20:101:5,yawoma,يَوْمَ,yawom,T,,,primary
Yawm,20:102:1,yawoma,يَوْمَ,yawom,N,,,primary
Yawm,20:104:12,yawomFA,يَوْمًا,yawom,N,,,primary
Yawm,20:124:10,yawoma,يَوْمَ,yawom,T,,,primary
Yawm,20:126:7,yawoma,يَوْمَ,yawom,T,,,primary
Yawm,21:47:4,yawomi,يَوْمِ,yawom,N,,,primary
Yawm,21:103:8,yawomu,يَوْمُ,yawom,N,,,primary
Yawm,21:104:1,yawoma,يَوْمَ,yawom,N,,,primary
Yawm,22:2:1,yawoma,يَوْمَ,yawom,N,,,primary
Yawm,22:9:12,yawoma,يَوْمَ,yawom,N,,,primary
Yawm,22:17:15,yawoma,يَوْمَ,yawom,N,,,primary
Yawm,22:28:8,>ay~aAmK,أَيَّامٍ,yawom,N,P,MP,primary
Yawm,22:47:8,yawomFA,يَوْمًا,yawom,N,,,primary
Yawm,22:55:15,yawomK,يَوْمٍ,yawom,N,,,primary
Yawm,22:69:4,yawoma,يَوْمَ,yawom,N,,,primary
Yawm,23:16:3,yawoma,يَوْمَ,yawom,N,,,primary
Yawm,23:65:3,yawoma,يَوْمَ,yawom,N,,,primary
Yawm,23:100:15,yawomi,يَوْمِ,yawom,N,,,primary
Yawm,23:111:3,yawoma,يَوْمَ,yawom,N,,,primary
Yawm,23:113:3,yawomFA,يَوْمًا,yawom,N,,,primary
Yawm,23:113:6,yawomK,يَوْمٍ,yawom,N,,,primary
Yawm,24:2:20,yawomi,يَوْمِ,yawom,N,,,primary
Yawm,24:24:1,yawoma,يَوْمَ,yawom,T,,,primary
Yawm,24:37:15,yawomFA,يَوْمًا,yawom,N,,,primary
Yawm,24:64:13,yawoma,يَوْمَ,yawom,N,,,primary
Yawm,25:14:3,yawoma,يَوْمَ,yawom,N,,,primary
Yawm,25:17:1,yawoma,يَوْمَ,yawom,N,,,primary
Yawm,25:22:1,yawoma,يَوْمَ,yawom,N,,,primary
Yawm,25:25:1,yawoma,يَوْمَ,yawom,N,,,primary
Yawm,25:26:6,yawomFA,يَوْمًا,yawom,N,,,primary
Yawm,25:27:1,yawoma,يَوْمَ,yawom,N,,,primary
Yawm,25:59:9,>ay~aAmK,أَيَّامٍ,yawom,N,P,MP,primary
Yawm,25:69:4,yawoma,يَوْمَ,yawom,N,,,primary
Yawm,26:38:4,yawomK,يَوْمٍ,yawom,N,,,primary
Yawm,26:82:7,yawoma,يَوْمَ,yawom,N,,,primary
Yawm,26:87:3,yawoma,يَوْمَ,yawom,N,,,primary
Yawm,26:88:1,yawoma,يَوْمَ,yawom,N,,,primary
Yawm,26:135:5,yawomK,يَوْمٍ,yawom,N,,,primary
Yawm,26:155:8,yawomK,يَوْمٍ,yawom,N,,,primary
Yawm,26:156:6,yawomK,يَوْمٍ,yawom,N,,,primary
Yawm,26:189:4,yawomi,يَوْمِ,yawom,N,,,primary
Yawm,26:189:9,yawomK,يَوْمٍ,yawom,N,,,primary
Yawm,27:83:1,yawoma,يَوْمَ,yawom,N,,,primary
Yawm,27:87:1,yawoma,يَوْمَ,yawom,N,,,primary
Yawm,28:41:6,yawoma,يَوْمَ,yawom,N,,,primary
Yawm,28:42:6,yawoma,يَوْمَ,yawom,N,,,primary
Yawm,28:61:14,yawoma,يَوْمَ,yawom,N,,,primary
Yawm,28:62:1,yawoma,يَوْمَ,yawom,N,,,primary
Yawm,28:65:1,yawoma,يَوْمَ,yawom,N,,,primary
Yawm,28:71:10,yawomi,يَوْمِ,yawom,N,,,primary
Yawm,28:72:10,yawomi,يَوْمِ,yawom,N,,,primary
Yawm,28:74:1,yawoma,يَوْمَ,yawom,N,,,primary
Yawm,29:13:7,yawoma,يَوْمَ,yawom,N,,,primary
Yawm,29:25:14,yawoma,يَوْمَ,yawom,N,,,primary
Yawm,29:36:10,yawoma,يَوْمَ,yawom,N,,,primary
Yawm,29:55:1,yawoma,يَوْمَ,yawom,N,,,primary
Yawm,30:12:1,yawoma,يَوْمَ,yawom,N,,,primary
Yawm,30:14:1,yawoma,يَوْمَ,yawom,N,,,primary
Yawm,30:43:9,yawomN,يَوْمٌ,yawom,N,,,primary
Yawm,30:55:1,yawoma,يَوْمَ,yawom,N,,,primary
Yawm,30:56:12,yawomi,يَوْمِ,yawom,N,,,primary
Yawm,30:56:15,yawomu,يَوْمُ,yawom,N,,,primary
Yawm,31:33:6,yawomFA,يَوْمًا,yawom,N,,,primary
Yawm,32:4:10,>ay~aAmK,أَيَّامٍ,yawom,N,P,MP,primary
Yawm,32:5:11,yawomK,يَوْمٍ,yawom,N,,,primary
Yawm,32:14:5,yawomi,يَوْمِ,yawom,N,,,primary
Yawm,32:25:6,yawoma,يَوْمَ,yawom,N,,,primary
Yawm,32:29:2,yawoma,يَوْمَ,yawom,N,,,primary
Yawm,33:21:13,yawoma,يَوْمَ,yawom,N,,,primary
Yawm,33:44:2,yawoma,يَوْمَ,yawom,N,,,primary
Yawm,33:66:1,yawoma,يَوْمَ,yawom,N,,,primary
Yawm,34:18:16,>ay~aAmFA,أَيَّامًا,yawom,N,P,MP,primary
Yawm,34:30:4,yawomK,يَوْمٍ,yawom,N,,,primary
Yawm,34:40:1,yawoma,يَوْمَ,yawom,N,,,primary
Yawm,34:42:1,yawoma,يَوْمَ,yawom,N,,,primary
Yawm,35:14:11,yawoma,يَوْمَ,yawom,N,,,primary
Yawm,36:54:1,yawoma,يَوْمَ,yawom,N,,,primary
Yawm,36:55:4,yawoma,يَوْمَ,yawom,N,,,primary
Yawm,36:59:2,yawoma,يَوْمَ,yawom,N,,,primary
Yawm,36:64:2,yawoma,يَوْمَ,yawom,N,,,primary
Yawm,36:65:1,yawoma,يَوْمَ,yawom,N,,,primary
Yawm,37:20:4,yawomu,يَوْمُ,yawom,N,,,primary
Yawm,37:21:2,yawomu,يَوْمُ,yawom,N,,,primary
Yawm,37:26:3,yawoma,يَوْمَ,yawom,N,,,primary
Yawm,37:144:5,yawomi,يَوْمِ,yawom,N,,,primary
Yawm,38:16:7,yawomi,يَوْمِ,yawom,N,,,primary
Yawm,38:26:29,yawoma,يَوْمَ,yawom,N,,,primary
Yawm,38:53:4,yawomi,يَوْمِ,yawom,N,,,primary
Yawm,38:78:5,yawomi,يَوْمِ,yawom,N,,,primary
Yawm,38:79:5,yawomi,يَوْمِ,yawom,N,,,primary
Yawm,38:81:2,yawomi,يَوْمِ,yawom,N,,,primary
Yawm,39:13:8,yawomK,يَوْمٍ,yawom,N,,,primary
Yawm,39:15:13,yawoma,يَوْمَ,yawom,N,,,primary
Yawm,39:24:6,yawoma,يَوْمَ,yawom,N,,,primary
Yawm,39:31:3,yawoma,يَوْمَ,yawom,N,,,primary
Yawm,39:47:16,yawoma,يَوْمَ,yawom,N,,,primary
Yawm,39:60:1,yawoma,يَوْمَ,yawom,N,,,primary
Yawm,39:67:9,yawoma,يَوْمَ,yawom,N,,,primary
Yawm,39:71:25,yawomi,يَوْمِ,yawom,N,,,primary
Yawm,40:15:15,yawoma,يَوْمَ,yawom,N,,,primary
Yawm,40:16:1,yawoma,يَوْمَ,yawom,N,,,primary
Yawm,40:16:12,yawoma,يَوْمَ,yawom,N,,,primary
Yawm,40:17:1,yawoma,يَوْمَ,yawom,N,,,primary
Yawm,40:17:9,yawoma,يَوْمَ,yawom,N,,,primary
Yawm,40:18:2,yawoma,يَوْمَ,yawom,N,,,primary
Yawm,40:27:12,yawomi,يَوْمِ,yawom,N,,,primary
Yawm,40:29:4,yawoma,يَوْمَ,yawom,N,,,primary
Yawm,40:30:9,yawomi,يَوْمِ,yawom,N,,,primary
Yawm,40:32:5,yawoma,يَوْمَ,yawom,N,,,primary
Yawm,40:33:1,yawoma,يَوْمَ,yawom,N,,,primary
Yawm,40:46:6,yawoma,يَوْمَ,yawom,N,,,primary
Yawm,40:49:11,yawomFA,يَوْمًا,yawom,N,,,primary
Yawm,40:51:9,yawoma,يَوْمَ,yawom,N,,,primary
Yawm,40:52:1,yawoma,يَوْمَ,yawom,N,,,primary
Yawm,41:9:8,yawomayoni,يَوْمَيْنِ,yawom,N,D,MD,primary
Yawm,41:10:13,>ay~aAmK,أَيَّامٍ,yawom,N,P,MP,primary
Yawm,41:12:5,yawomayoni,يَوْمَيْنِ,yawom,N,D,MD,primary
Yawm,41:16:6,>ay~aAmK,أَيَّامٍ,yawom,N,P,MP,primary
Yawm,41:19:1,yawoma,يَوْمَ,yawom,T,,,primary
Yawm,41:40:18,yawoma,يَوْمَ,yawom,N,,,primary
Yawm,41:47:19,yawoma,يَوْمَ,yawom,N,,,primary
Yawm,42:7:12,yawoma,يَوْمَ,yawom,N,,,primary
Yawm,42:45:20,yawoma,يَوْمَ,yawom,N,,,primary
Yawm,42:47:7,yawomN,يَوْمٌ,yawom,N,,,primary
Yawm,43:39:3,yawoma,يَوْمَ,yawom,N,,,primary
Yawm,43:65:10,yawomK,يَوْمٍ,yawom,N,,,primary
Yawm,43:68:5,yawoma,يَوْمَ,yawom,N,,,primary
Yawm,43:83:6,yawoma,يَوْمَ,yawom,N,,,primary
Yawm,44:10:2,yawoma,يَوْمَ,yawom,N,,,primary
Yawm,44:16:1,yawoma,يَوْمَ,yawom,N,,,primary
Yawm,44:40:2,yawoma,يَوْمَ,yawom,N,,,primary
Yawm,44:41:1,yawoma,يَوْمَ,yawom,N,,,primary
Yawm,45:14:8,>ay~aAma,أَيَّامَ,yawom,N,P,MP,primary
Yawm,45:17:19,yawoma,يَوْمَ,yawom,N,,,primary
Yawm,45:26:9,yawomi,يَوْمِ,yawom,N,,,primary
Yawm,45:27:5,yawoma,يَوْمَ,yawom,N,,,primary
Yawm,45:28:10,yawoma,يَوْمَ,yawom,N,,,primary
Yawm,45:34:2,yawoma,يَوْمَ,yawom,T,,,primary
Yawm,45:34:7,yawomi,يَوْمِ,yawom,N,,,primary
Yawm,45:35:10,yawoma,يَوْمَ,yawom,T,,,primary
Yawm,46:5:13,yawomi,يَوْمِ,yawom,N,,,primary
Yawm,46:20:1,yawoma,يَوْمَ,yawom,N,,,primary
Yawm,46:20:14,yawoma,يَوْمَ,yawom,N,,,primary
Yawm,46:21:24,yawomK,يَوْمٍ,yawom,N,,,primary
Yawm,46:34:1,yawoma,يَوْمَ,yawom,N,,,primary
Yawm,46:35:12,yawoma,يَوْمَ,yawom,N,,,primary
Yawm,50:20:5,yawomu,يَوْمُ,yawom,N,,,primary
Yawm,50:22:11,yawoma,يَوْمَ,yawom,N,,,primary
Yawm,50:30:1,yawoma,يَوْمَ,yawom,N,,,primary
Yawm,50:34:4,yawomu,يَوْمُ,yawom,N,,,primary
Yawm,50:38:9,>ay~aAmK,أَيَّامٍ,yawom,N,P,MP,primary
Yawm,50:41:2,yawoma,يَوْمَ,yawom,N,,,primary
Yawm,50:42:1,yawoma,يَوْمَ,yawom,N,,,primary
Yawm,50:42:6,yawomu,يَوْمُ,yawom,N,,,primary
Yawm,50:44:1,yawoma,يَوْمَ,yawom,T,,,primary
Yawm,51:12:3,yawomu,يَوْمُ,yawom,N,,,primary
Yawm,51:13:1,yawoma,يَوْمَ,yawom,N,,,primary
Yawm,51:60:5,yawomi,يَوْمِ,yawom,N,,,primary
Yawm,52:9:1,yawoma,يَوْمَ,yawom,N,,,primary
Yawm,52:13:1,yawoma,يَوْمَ,yawom,N,,,primary
Yawm,52:45:4,yawoma,يَوْمَ,yawom,N,,,primary
Yawm,52:46:1,yawoma,يَوْمَ,yawom,N,,,primary
Yawm,54:6:3,yawoma,يَوْمَ,yawom,T,,,primary
Yawm,54:8:7,yawomN,يَوْمٌ,yawom,N,,,primary
Yawm,54:19:7,yawomi,يَوْمِ,yawom,N,,,primary
Yawm,54:48:1,yawoma,يَوْمَ,yawom,N,,,primary
Yawm,55:29:7,yawomK,يَوْمٍ,yawom,N,,,primary
Yawm,56:50:4,yawomK,يَوْمٍ,yawom,N,,,primary
Yawm,56:56:3,yawoma,يَوْمَ,yawom,N,,,primary
Yawm,57:4:8,>ay~aAmK,أَيَّامٍ,yawom,N,P,MP,primary
Yawm,57:12:1,yawoma,يَوْمَ,yawom,N,,,primary
Yawm,57:12:11,yawoma,يَوْمَ,yawom,N,,,primary
Yawm,57:13:1,yawoma,يَوْمَ,yawom,N,,,primary
Yawm,57:15:1,yawoma,يَوْمَ,yawom,N,,,primary
Yawm,58:6:1,yawoma,يَوْمَ,yawom,N,,,primary
Yawm,58:7:41,yawoma,يَوْمَ,yawom,N,,,primary
Yawm,58:18:1,yawoma,يَوْمَ,yawom,N,,,primary
Yawm,58:22:6,yawomi,يَوْمِ,yawom,N,,,primary
Yawm,60:3:6,yawoma,يَوْمَ,yawom,T,,,primary
Yawm,60:6:11,yawoma,يَوْمَ,yawom,N,,,primary
Yawm,62:9:8,yawomi,يَوْمِ,yawom,N,,,primary
Yawm,64:9:1,yawoma,يَوْمَ,yawom,T,,,primary
Yawm,64:9:3,yawomi,يَوْمِ,yawom,N,,,primary
Yawm,64:9:6,yawomu,يَوْمُ,yawom,N,,,primary
Yawm,65:2:23,yawomi,يَوْمِ,yawom,N,,,primary
Yawm,66:7:6,yawoma,يَوْمَ,yawom,T,,,primary
Yawm,66:8:21,yawoma,يَوْمَ,yawom,T,,,primary
Yawm,68:24:4,yawoma,يَوْمَ,yawom,T,,,primary
Yawm,68:39:7,yawomi,يَوْمِ,yawom,N,,,primary
Yawm,68:42:1,yawoma,يَوْمَ,yawom,T,,,primary
Yawm,69:7:6,>ay~aAmK,أَيَّامٍ,yawom,N,P,MP,primary
Yawm,69:24:7,>ay~aAmi,أَيَّامِ,yawom,N,P,MP,primary
Yawm,69:35:3,yawoma,يَوْمَ,yawom,T,,,primary
Yawm,70:4:6,yawomK,يَوْمٍ,yawom,N,,,primary
Yawm,70:8:1,yawoma,يَوْمَ,yawom,T,,,primary
Yawm,70:26:3,yawomi,يَوْمِ,yawom,N,,,primary
Yawm,70:42:6,yawoma,يَوْمَ,yawom,N,,,primary
Yawm,70:43:1,yawoma,يَوْمَ,yawom,N,,,primary
Yawm,70:44:6,yawomu,يَوْمُ,yawom,N,,,primary
Yawm,73:14:1,yawoma,يَوْمَ,yawom,T,,,primary
Yawm,73:17:5,yawomFA,يَوْمًا,yawom,N,,,primary
Yawm,74:9:3,yawomN,يَوْمٌ,yawom,N,,,primary
Yawm,74:46:3,yawomi,يَوْمِ,yawom,N,,,primary
Yawm,75:1:3,yawomi,يَوْمِ,yawom,N,,,primary
Yawm,75:6:3,yawomu,يَوْمُ,yawom,N,,,primary
Yawm,76:7:4,yawomFA,يَوْمًا,yawom,N,,,primary
Yawm,76:10:5,yawomFA,يَوْمًا,yawom,N,,,primary
Yawm,76:11:5,yawomi,يَوْمِ,yawom,N,,,primary
Yawm,76:27:7,yawomFA,يَوْمًا,yawom,N,,,primary
Yawm,77:12:2,yawomK,يَوْمٍ,yawom,N,,,primary
Yawm,77:13:1,yawomi,يَوْمِ,yawom,N,,,primary
Yawm,77:14:4,yawomu,يَوْمُ,yawom,N,,,primary
Yawm,77:35:2,yawomu,يَوْمُ,yawom,N,,,primary
Yawm,77:38:2,yawomu,يَوْمُ,yawom,N,,,primary
Yawm,78:17:2,yawoma,يَوْمَ,yawom,N,,,primary
Yawm,78:18:1,yawoma,يَوْمَ,yawom,N,,,primary
Yawm,78:38:1,yawoma,يَوْمَ,yawom,T,,,primary
Yawm,78:39:2,yawomu,يَوْمُ,yawom,N,,,primary
Yawm,78:40:5,yawoma,يَوْمَ,yawom,T,,,primary
Yawm,79:6:1,yawoma,يَوْمَ,yawom,T,,,primary
Yawm,79:35:1,yawoma,يَوْمَ,yawom,T,,,primary
Yawm,79:46:2,yawoma,يَوْمَ,yawom,T,,,primary
Yawm,80:34:1,yawoma,يَوْمَ,yawom,T,,,primary
Yawm,82:15:2,yawoma,يَوْمَ,yawom,T,,,primary
Yawm,82:17:4,yawomu,يَوْمُ,yawom,N,,,primary
Yawm,82:18:5,yawomu,يَوْمُ,yawom,N,,,primary
Yawm,82:19:1,yawoma,يَوْمَ,yawom,N,,,primary
Yawm,83:5:1,yawomK,يَوْمٍ,yawom,N,,,primary
Yawm,83:6:1,yawoma,يَوْمَ,yawom,T,,,primary
Yawm,83:11:3,yawomi,يَوْمِ,yawom,N,,,primary
Yawm,83:34:1,yawoma,يَوْمَ,yawom,T,,,primary
Yawm,85:2:1,yawomi,يَوْمِ,yawom,N,,,primary
Yawm,86:9:1,yawoma,يَوْمَ,yawom,T,,,primary
Yawm,90:14:4,yawomK,يَوْمٍ,yawom,N,,,primary
Yawm,101:4:1,yawoma,يَوْمَ,yawom,T,,,primary
Bahr,2:50:4,baHora,بَحْرَ,baHor,N,,,primary
Bahr,2:164:13,baHori,بَحْرِ,baHor,N,,,primary
Bahr,5:96:4,baHori,بَحْرِ,baHor,N,,,primary
Bahr,6:59:12,baHori,بَحْرِ,baHor,N,,,primary
Bahr,6:63:7,baHori,بَحْرِ,baHor,N,,,primary
Bahr,6:97:11,baHori,بَحْرِ,baHor,N,,,primary
Bahr,7:138:4,baHora,بَحْرَ,baHor,N,,,primary
Bahr,7:163:7,baHori,بَحْرِ,baHor,N,,,primary
Bahr,10:22:6,baHori,بَحْرِ,baHor,N,,,primary
Bahr,10:90:4,baHora,بَحْرَ,baHor,N,,,primary
Bahr,14:32:21,baHori,بَحْرِ,baHor,N,,,primary
Bahr,16:14:4,baHora,بَحْرَ,baHor,N,,,primary
Bahr,17:66:7,baHori,بَحْرِ,baHor,N,,,primary
Bahr,17:67:5,baHori,بَحْرِ,baHor,N,,,primary
Bahr,17:70:8,baHori,بَحْرِ,baHor,N,,,primary
Bahr,18:60:10,baHorayoni,بَحْرَيْنِ,baHor,N,D,MD,primary
Bahr,18:61:10,baHori,بَحْرِ,baHor,N,,,primary
Bahr,18:63:19,baHori,بَحْرِ,baHor,N,,,primary
Bahr,18:79:7,baHori,بَحْرِ,baHor,N,,,primary
Bahr,18:109:4,baHoru,بَحْرُ,baHor,N,,,primary
Bahr,18:109:9,baHoru,بَحْرُ,baHor,N,,,primary
Bahr,20:77:12,baHori,بَحْرِ,baHor,N,,,primary
Bahr,22:65:13,baHori,بَحْرِ,baHor,N,,,primary
Bahr,24:40:4,baHorK,بَحْرٍ,baHor,N,,,primary
Bahr,25:53:4,baHorayoni,بَحْرَيْنِ,baHor,N,D,MD,primary
Bahr,26:63:7,baHora,بَحْرَ,baHor,N,,,primary
Bahr,27:61:13,baHorayoni,بَحْرَيْنِ,baHor,N,D,MD,primary
Bahr,27:63:6,baHori,بَحْرِ,baHor,N,,,primary
Bahr,30:41:5,baHori,بَحْرِ,baHor,N,,,primary
Bahr,31:27:8,baHoru,بَحْرُ,baHor,N,,,primary
Bahr,31:27:13,>aboHurK,أَبْحُرٍ,baHor,N,P,MP,primary
Bahr,31:31:7,baHori,بَحْرِ,baHor,N,,,primary
Bahr,35:12:3,baHoraAni,بَحْرَانِ,baHor,N,D,MD,primary
Bahr,42:32:5,baHori,بَحْرِ,baHor,N,,,primary
Bahr,44:24:2,baHora,بَحْرَ,baHor,N,,,primary
Bahr,45:12:5,baHora,بَحْرَ,baHor,N,,,primary
Bahr,52:6:1,baHori,بَحْرِ,baHor,N,,,primary
Bahr,55:19:2,baHorayoni,بَحْرَيْنِ,baHor,N,D,MD,primary
Bahr,55:24:5,baHori,بَحْرِ,baHor,N,,,primary
Bahr,81:6:2,biHaAru,بِحَارُ,baHor,N,P,MP,primary
Bahr,82:3:2,biHaAru,بِحَارُ,baHor,N,P,MP,primary
Barr,3:193:20,>aboraAri,أَبْرَارِ,bar~,N,P,MP,primary
Barr,3:198:21,>aboraAri,أَبْرَارِ,bar~,N,P,MP,primary
Barr,5:96:12,bar~i,بَرِّ,bar~,N,,,primary
Barr,6:59:11,bar~i,بَرِّ,bar~,N,,,primary
Barr,6:63:6,bar~i,بَرِّ,bar~,N,,,primary
Barr,6:97:10,bar~i,بَرِّ,bar~,N,,,primary
Barr,10:22:5,bar~i,بَرِّ,bar~,N,,,primary
Barr,17:67:14,bar~i,بَرِّ,bar~,N,,,primary
Barr,17:68:6,bar~i,بَرِّ,bar~,N,,,primary
Barr,17:70:7,bar~i,بَرِّ,bar~,N,,,primary
Barr,19:14:1,bar~F[A,بَرًّۢا,bar~,N,,,primary
Barr,19:32:1,bar~F[A,بَرًّۢا,bar~,N,,,primary
Barr,27:63:5,bar~i,بَرِّ,bar~,N,,,primary
Barr,29:65:13,bar~i,بَرِّ,bar~,N,,,primary
Barr,30:41:4,bar~i,بَرِّ,bar~,N,,,primary
Barr,31:32:13,bar~i,بَرِّ,bar~,N,,,primary
Barr,52:28:8,bar~u,بَرُّ,bar~,N,,,primary
Barr,76:5:2,>aboraAra,أَبْرَارَ,bar~,N,P,MP,primary
Barr,80:16:2,bararapK,بَرَرَةٍ,bar~,ADJ,P,FP,primary
Barr,82:13:2,>aboraAra,أَبْرَارَ,bar~,N,P,MP,primary
Barr,83:18:4,>aboraAri,أَبْرَارِ,bar~,N,P,MP,primary
Barr,83:22:2,>aboraAra,أَبْرَارَ,bar~,N,P,MP,primary
Jannah,2:25:8,jan~a`tK,جَنَّٰتٍ,jan~ap,N,P,FP,primary
Jannah,2:35:6,jan~apa,جَنَّةَ,jan~ap,PN,,,primary
Jannah,2:82:7,jan~api,جَنَّةِ,jan~ap,PN,,,primary
Jannah,2:111:4,jan~apa,جَنَّةَ,jan~ap,PN,,,primary
Jannah,2:214:5,jan~apa,جَنَّةَ,jan~ap,PN,,,primary
Jannah,2:221:32,jan~api,جَنَّةِ,jan~ap,PN,,,primary
Jannah,2:265:12,jan~apK],جَنَّةٍۭ,jan~ap,N,,,primary
Jannah,2:266:6,jan~apN,جَنَّةٌ,jan~ap,N,,,primary
Jannah,3:15:10,jan~a`tN,جَنَّٰتٌ,jan~ap,N,P,FP,primary
Jannah,3:133:6,jan~apK,جَنَّةٍ,jan~ap,N,,,primary
Jannah,3:136:6,jan~a`tN,جَنَّٰتٌ,jan~ap,N,P,FP,primary
Jannah,3:142:5,jan~apa,جَنَّةَ,jan~ap,PN,,,primary
Jannah,3:185:15,jan~apa,جَنَّةَ,jan~ap,PN,,,primary
Jannah,3:195:31,jan~a`tK,جَنَّٰتٍ,jan~ap,N,P,FP,primary
Jannah,3:198:6,jan~a`tN,جَنَّٰتٌ,jan~ap,N,P,FP,primary
Jannah,4:13:9,jan~a`tK,جَنَّٰتٍ,jan~ap,N,P,FP,primary
Jannah,4:57:6,jan~a`tK,جَنَّٰتٍ,jan~ap,N,P,FP,primary
Jannah,4:122:6,jan~a`tK,جَنَّٰتٍ,jan~ap,N,P,FP,primary
Jannah,4:124:13,jan~apa,جَنَّةَ,jan~ap,PN,,,primary
Jannah,5:12:32,jan~a`tK,جَنَّٰتٍ,jan~ap,N,P,FP,primary
Jannah,5:65:11,jan~a`ti,جَنَّٰتِ,jan~ap,N,P,FP,primary
Jannah,5:72:27,jan~apa,جَنَّةَ,jan~ap,PN,,,primary
Jannah,5:85:5,jan~a`tK,جَنَّٰتٍ,jan~ap,N,P,FP,primary
Jannah,5:119:9,jan~a`tN,جَنَّٰتٌ,jan~ap,N,P,FP,primary
Jannah,6:99:25,jan~a`tK,جَنَّٰتٍ,jan~ap,N,P,FP,primary
Jannah,6:141:4,jan~a`tK,جَنَّٰتٍ,jan~ap,N,P,FP,primary
Jannah,7:19:5,jan~apa,جَنَّةَ,jan~ap,PN,,,primary
Jannah,7:22:14,jan~api,جَنَّةِ,jan~ap,PN,,,primary
Jannah,7:27:10,jan~api,جَنَّةِ,jan~ap,PN,,,primary
Jannah,7:40:14,jan~apa,جَنَّةَ,jan~ap,PN,,,primary
Jannah,7:42:12,jan~api,جَنَّةِ,jan~ap,PN,,,primary
Jannah,7:43:32,jan~apu,جَنَّةُ,jan~ap,PN,,,primary
Jannah,7:44:3,jan~api,جَنَّةِ,jan~ap,PN,,,primary
Jannah,7:46:11,jan~api,جَنَّةِ,jan~ap,PN,,,primary
Jannah,7:49:9,jan~apa,جَنَّةَ,jan~ap,PN,,,primary
Jannah,7:50:5,jan~api,جَنَّةِ,jan~ap,PN,,,primary
Jannah,9:21:6,jan~a`tK,جَنَّٰتٍ,jan~ap,N,P,FP,primary
Jannah,9:72:5,jan~a`tK,جَنَّٰتٍ,jan~ap,N,P,FP,primary
Jannah,9:72:15,jan~a`ti,جَنَّٰتِ,jan~ap,N,P,FP,primary
Jannah,9:89:4,jan~a`tK,جَنَّٰتٍ,jan~ap,N,P,FP,primary
Jannah,9:100:16,jan~a`tK,جَنَّٰتٍ,jan~ap,N,P,FP,primary
Jannah,9:111:10,jan~apa,جَنَّةَ,jan~ap,PN,,,primary
Jannah,10:9:14,jan~a`ti,جَنَّٰتِ,jan~ap,N,P,FP,primary
Jannah,10:26:13,jan~api,جَنَّةِ,jan~ap,PN,,,primary
Jannah,11:23:11,jan~api,جَنَّةِ,jan~ap,PN,,,primary
Jannah,11:108:5,jan~api,جَنَّةِ,jan~ap,PN,,,primary
Jannah,13:4:5,jan~a`tN,جَنَّٰتٌ,jan~ap,N,P,FP,primary
Jannah,13:23:1,jan~a`tu,جَنَّٰتُ,jan~ap,N,P,FP,primary
Jannah,13:35:2,jan~api,جَنَّةِ,jan~ap,PN,,,primary
Jannah,14:23:6,jan~a`tK,جَنَّٰتٍ,jan~ap,N,P,FP,primary
Jannah,15:45:4,jan~a`tK,جَنَّٰتٍ,jan~ap,N,P,FP,primary
Jannah,16:31:1,jan~a`tu,جَنَّٰتُ,jan~ap,N,P,FP,primary
Jannah,16:32:9,jan~apa,جَنَّةَ,jan~ap,PN,,,primary
Jannah,17:91:4,jan~apN,جَنَّةٌ,jan~ap,N,,,primary
Jannah,18:31:3,jan~a`tu,جَنَّٰتُ,jan~ap,N,P,FP,primary
Jannah,18:32:7,jan~atayoni,جَنَّتَيْنِ,jan~ap,N,D,FD,primary
Jannah,18:33:2,jan~atayoni,جَنَّتَيْنِ,jan~ap,N,D,FD,primary
Jannah,18:35:2,jan~ata,جَنَّتَ,jan~ap,N,,,primary
Jannah,18:39:4,jan~ata,جَنَّتَ,jan~ap,N,,,primary
Jannah,18:40:7,jan~ati,جَنَّتِ,jan~ap,N,,,primary
Jannah,18:107:8,jan~a`tu,جَنَّٰتُ,jan~ap,N,P,FP,primary
Jannah,19:60:9,jan~apa,جَنَّةَ,jan~ap,PN,,,primary
Jannah,19:61:1,jan~a`ti,جَنَّٰتِ,jan~ap,N,P,FP,primary
Jannah,19:63:2,jan~apu,جَنَّةُ,jan~ap,PN,,,primary
Jannah,20:76:1,jan~a`tu,جَنَّٰتُ,jan~ap,N,P,FP,primary
Jannah,20:117:11,jan~api,جَنَّةِ,jan~ap,PN,,,primary
Jannah,20:121:11,jan~api,جَنَّةِ,jan~ap,PN,,,primary
Jannah,22:14:8,jan~a`tK,جَنَّٰتٍ,jan~ap,N,P,FP,primary
Jannah,22:23:8,jan~a`tK,جَنَّٰتٍ,jan~ap,N,P,FP,primary
Jannah,22:56:11,jan~a`ti,جَنَّٰتِ,jan~ap,N,P,FP,primary
Jannah,23:19:4,jan~a`tK,جَنَّٰتٍ,jan~ap,N,P,FP,primary
Jannah,25:8:8,jan~apN,جَنَّةٌ,jan~ap,N,,,primary
Jannah,25:10:10,jan~a`tK,جَنَّٰتٍ,jan~ap,N,P,FP,primary
Jannah,25:15:5,jan~apu,جَنَّةُ,jan~ap,N,,,primary
Jannah,25:24:2,jan~api,جَنَّةِ,jan~ap,PN,,,primary
Jannah,26:57:3,jan~a`tK,جَنَّٰتٍ,jan~ap,N,P,FP,primary
Jannah,26:85:4,jan~api,جَنَّةِ,jan~ap,N,,,primary
Jannah,26:90:2,jan~apu,جَنَّةُ,jan~ap,PN,,,primary
Jannah,26:134:1,jan~a`tK,جَنَّٰتٍ,jan~ap,N,P,FP,primary
Jannah,26:147:2,jan~a`tK,جَنَّٰتٍ,jan~ap,N,P,FP,primary
Jannah,29:58:7,jan~api,جَنَّةِ,jan~ap,PN,,,primary
Jannah,31:8:7,jan~a`tu,جَنَّٰتُ,jan~ap,N,P,FP,primary
Jannah,32:19:7,jan~a`tu,جَنَّٰتُ,jan~ap,N,P,FP,primary
Jannah,34:15:7,jan~ataAni,جَنَّتَانِ,jan~ap,N,D,FD,primary
Jannah,34:16:7,jan~atayo,جَنَّتَيْ,jan~ap,N,D,FD,primary
Jannah,34:16:8,jan~atayoni,جَنَّتَيْنِ,jan~ap,N,D,FD,primary
Jannah,35:33:1,jan~a`tu,جَنَّٰتُ,jan~ap,N,P,FP,primary
Jannah,36:26:3,jan~apa,جَنَّةَ,jan~ap,PN,,,primary
Jannah,36:34:3,jan~a`tK,جَنَّٰتٍ,jan~ap,N,P,FP,primary
Jannah,36:55:3,jan~api,جَنَّةِ,jan~ap,PN,,,primary
Jannah,37:43:2,jan~a`ti,جَنَّٰتِ,jan~ap,N,P,FP,primary
Jannah,38:50:1,jan~a`ti,جَنَّٰتِ,jan~ap,N,P,FP,primary
Jannah,39:73:6,jan~api,جَنَّةِ,jan~ap,PN,,,primary
Jannah,39:74:11,jan~api,جَنَّةِ,jan~ap,PN,,,primary
Jannah,40:8:3,jan~a`ti,جَنَّٰتِ,jan~ap,N,P,FP,primary
Jannah,40:40:19,jan~apa,جَنَّةَ,jan~ap,PN,,,primary
Jannah,41:30:16,jan~api,جَنَّةِ,jan~ap,PN,,,primary
Jannah,42:7:19,jan~api,جَنَّةِ,jan~ap,PN,,,primary
Jannah,42:22:15,jan~aAti,جَنَّاتِ,jan~ap,N,P,FP,primary
Jannah,43:70:2,jan~apa,جَنَّةَ,jan~ap,PN,,,primary
Jannah,43:72:2,jan~apu,جَنَّةُ,jan~ap,PN,,,primary
Jannah,44:25:4,jan~a`tK,جَنَّٰتٍ,jan~ap,N,P,FP,primary
Jannah,44:52:2,jan~a`tK,جَنَّٰتٍ,jan~ap,N,P,FP,primary
Jannah,46:14:3,jan~api,جَنَّةِ,jan~ap,PN,,,primary
Jannah,46:16:13,jan~api,جَنَّةِ,jan~ap,PN,,,primary
Jannah,47:6:2,jan~apa,جَنَّةَ,jan~ap,PN,,,primary
Jannah,47:12:8,jan~a`tK,جَنَّٰتٍ,jan~ap,N,P,FP,primary
Jannah,47:15:2,jan~api,جَنَّةِ,jan~ap,PN,,,primary
Jannah,48:5:4,jan~a`tK,جَنَّٰتٍ,jan~ap,N,P,FP,primary
Jannah,48:17:18,jan~a`tK,جَنَّٰتٍ,jan~ap,N,P,FP,primary
Jannah,50:9:8,jan~a`tK,جَنَّٰتٍ,jan~ap,N,P,FP,primary
Jannah,50:31:2,jan~apu,جَنَّةُ,jan~ap,PN,,,primary
Jannah,51:15:4,jan~a`tK,جَنَّٰتٍ,jan~ap,N,P,FP,primary
Jannah,52:17:4,jan~a`tK,جَنَّٰتٍ,jan~ap,N,P,FP,primary
Jannah,53:15:2,jan~apu,جَنَّةُ,jan~ap,N,,,primary
Jannah,54:54:4,jan~a`tK,جَنَّٰتٍ,jan~ap,N,P,FP,primary
Jannah,55:46:5,jan~ataAni,جَنَّتَانِ,jan~ap,N,D,FD,primary
Jannah,55:54:8,jan~atayoni,جَنَّتَيْنِ,jan~ap,N,D,FD,primary
Jannah,55:62:3,jan~ataAni,جَنَّتَانِ,jan~ap,N,D,FD,primary
Jannah,56:12:2,jan~a`ti,جَنَّٰتِ,jan~ap,N,P,FP,primary
Jannah,56:89:3,jan~atu,جَنَّتُ,jan~ap,N,P,FP,primary
Jannah,57:12:12,jan~a`tN,جَنَّٰتٌ,jan~ap,N,P,FP,primary
Jannah,57:21:6,jan~apK,جَنَّةٍ,jan~ap,N,P,FP,primary
Jannah,58:22:31,jan~a`tK,جَنَّٰتٍ,jan~ap,N,P,FP,primary
Jannah,59:20:6,jan~api,جَنَّةِ,jan~ap,PN,,,primary
Jannah,59:20:8,jan~api,جَنَّةِ,jan~ap,PN,,,primary
Jannah,61:12:5,jan~a`tK,جَنَّٰتٍ,jan~ap,N,P,FP,primary
Jannah,61:12:13,jan~a`ti,جَنَّٰتِ,jan~ap,N,P,FP,primary
Jannah,64:9:17,jan~a`tK,جَنَّٰتٍ,jan~ap,N,P,FP,primary
Jannah,65:11:22,jan~a`tK,جَنَّٰتٍ,jan~ap,N,P,FP,primary
Jannah,66:8:16,jan~a`tK,جَنَّٰتٍ,jan~ap,N,P,FP,primary
Jannah,66:11:16,jan~api,جَنَّةِ,jan~ap,PN,,,primary
Jannah,68:17:6,jan~api,جَنَّةِ,jan~ap,N,,,primary
Jannah,68:34:5,jan~a`ti,جَنَّٰتِ,jan~ap,N,P,FP,primary
Jannah,69:22:2,jan~apK,جَنَّةٍ,jan~ap,N,,,primary
Jannah,70:35:3,jan~a`tK,جَنَّٰتٍ,jan~ap,N,P,FP,primary
Jannah,70:38:7,jan~apa,جَنَّةَ,jan~ap,N,,,primary
Jannah,71:12:6,jan~a`tK,جَنَّٰتٍ,jan~ap,N,P,FP,primary
Jannah,74:40:2,jan~a`tK,جَنَّٰتٍ,jan~ap,N,P,FP,primary
Jannah,76:12:4,jan~apF,جَنَّةً,jan~ap,N,,,primary
Jannah,78:16:1,jan~a`tK,جَنَّٰتٍ,jan~ap,N,P,FP,primary
Jannah,79:41:2,jan~apa,جَنَّةَ,jan~ap,PN,,,primary
Jannah,81:13:2,jan~apu,جَنَّةُ,jan~ap,PN,,,primary
Jannah,85:11:7,jan~a`tN,جَنَّٰتٌ,jan~ap,N,P,FP,primary
Jannah,88:10:2,jan~apK,جَنَّةٍ,jan~ap,N,,,primary
Jannah,89:30:2,jan~ati,جَنَّتِ,jan~ap,N,,,primary
Jannah,98:8:4,jan~a`tu,جَنَّٰتُ,jan~ap,N,P,FP,primary
Jahannam,2:206:10,jahan~amu,جَهَنَّمُ,jahan~am,PN,,,primary
Jahannam,3:12:7,jahan~ama,جَهَنَّمَ,jahan~am,PN,,,primary
Jahannam,3:162:11,jahan~amu,جَهَنَّمُ,jahan~am,PN,,,primary
Jahannam,3:197:5,jahan~amu,جَهَنَّمُ,jahan~am,PN,,,primary
Jahannam,4:55:10,jahan~ama,جَهَنَّمَ,jahan~am,PN,,,primary
Jahannam,4:93:6,jahan~amu,جَهَنَّمُ,jahan~am,PN,,,primary
Jahannam,4:97:25,jahan~amu,جَهَنَّمُ,jahan~am,PN,,,primary
Jahannam,4:115:18,jahan~ama,جَهَنَّمَ,jahan~am,PN,,,primary
Jahannam,4:121:3,jahan~amu,جَهَنَّمُ,jahan~am,PN,,,primary
Jahannam,4:140:32,jahan~ama,جَهَنَّمَ,jahan~am,PN,,,primary
Jahannam,4:169:3,jahan~ama,جَهَنَّمَ,jahan~am,PN,,,primary
Jahannam,7:18:10,jahan~ama,جَهَنَّمَ,jahan~am,PN,,,primary
Jahannam,7:41:3,jahan~ama,جَهَنَّمَ,jahan~am,PN,,,primary
Jahannam,7:179:3,jahan~ama,جَهَنَّمَ,jahan~am,PN,,,primary
Jahannam,8:16:18,jahan~amu,جَهَنَّمُ,jahan~am,PN,,,primary
Jahannam,8:36:20,jahan~ama,جَهَنَّمَ,jahan~am,PN,,,primary
Jahannam,8:37:15,jahan~ama,جَهَنَّمَ,jahan~am,PN,,,primary
Jahannam,9:35:6,jahan~ama,جَهَنَّمَ,jahan~am,PN,,,primary
Jahannam,9:49:13,jahan~ama,جَهَنَّمَ,jahan~am,PN,,,primary
Jahannam,9:63:11,jahan~ama,جَهَنَّمَ,jahan~am,PN,,,primary
Jahannam,9:68:7,jahan~ama,جَهَنَّمَ,jahan~am,PN,,,primary
Jahannam,9:73:9,jahan~amu,جَهَنَّمُ,jahan~am,PN,,,primary
Jahannam,9:81:22,jahan~ama,جَهَنَّمَ,jahan~am,PN,,,primary
Jahannam,9:95:14,jahan~amu,جَهَنَّمُ,jahan~am,PN,,,primary
Jahannam,9:109:22,jahan~ama,جَهَنَّمَ,jahan~am,PN,,,primary
Jahannam,11:119:11,jahan~ama,جَهَنَّمَ,jahan~am,PN,,,primary
Jahannam,13:18:25,jahan~amu,جَهَنَّمُ,jahan~am,PN,,,primary
Jahannam,14:16:3,jahan~amu,جَهَنَّمُ,jahan~am,PN,,,primary
Jahannam,14:29:1,jahan~ama,جَهَنَّمَ,jahan~am,PN,,,primary
Jahannam,15:43:2,jahan~ama,جَهَنَّمَ,jahan~am,PN,,,primary
Jahannam,16:29:3,jahan~ama,جَهَنَّمَ,jahan~am,PN,,,primary
Jahannam,17:8:9,jahan~ama,جَهَنَّمَ,jahan~am,PN,,,primary
Jahannam,17:18:15,jahan~ama,جَهَنَّمَ,jahan~am,PN,,,primary
Jahannam,17:39:16,jahan~ama,جَهَنَّمَ,jahan~am,PN,,,primary
Jahannam,17:63:7,jahan~ama,جَهَنَّمَ,jahan~am,PN,,,primary
Jahannam,17:97:23,jahan~amu,جَهَنَّمُ,jahan~am,PN,,,primary
Jahannam,18:100:2,jahan~ama,جَهَنَّمَ,jahan~am,PN,,,primary
Jahannam,18:102:12,jahan~ama,جَهَنَّمَ,jahan~am,PN,,,primary
Jahannam,18:106:3,jahan~amu,جَهَنَّمُ,jahan~am,PN,,,primary
Jahannam,19:68:7,jahan~ama,جَهَنَّمَ,jahan~am,PN,,,primary
Jahannam,19:86:4,jahan~ama,جَهَنَّمَ,jahan~am,PN,,,primary
Jahannam,20:74:8,jahan~ama,جَهَنَّمَ,jahan~am,PN,,,primary
Jahannam,21:29:10,jahan~ama,جَهَنَّمَ,jahan~am,PN,,,primary
Jahannam,21:98:8,jahan~ama,جَهَنَّمَ,jahan~am,PN,,,primary
Jahannam,23:103:9,jahan~ama,جَهَنَّمَ,jahan~am,PN,,,primary
Jahannam,25:34:6,jahan~ama,جَهَنَّمَ,jahan~am,PN,,,primary
Jahannam,25:65:7,jahan~ama,جَهَنَّمَ,jahan~am,PN,,,primary
Jahannam,29:54:4,jahan~ama,جَهَنَّمَ,jahan~am,PN,,,primary
Jahannam,29:68:15,jahan~ama,جَهَنَّمَ,jahan~am,PN,,,primary
Jahannam,32:13:12,jahan~ama,جَهَنَّمَ,jahan~am,PN,,,primary
Jahannam,35:36:5,jahan~ama,جَهَنَّمَ,jahan~am,PN,,,primary
Jahannam,36:63:2,jahan~amu,جَهَنَّمُ,jahan~am,PN,,,primary
Jahannam,38:56:1,jahan~ama,جَهَنَّمَ,jahan~am,PN,,,primary
Jahannam,38:85:2,jahan~ama,جَهَنَّمَ,jahan~am,PN,,,primary
Jahannam,39:32:13,jahan~ama,جَهَنَّمَ,jahan~am,PN,,,primary
Jahannam,39:60:12,jahan~ama,جَهَنَّمَ,jahan~am,PN,,,primary
Jahannam,39:71:5,jahan~ama,جَهَنَّمَ,jahan~am,PN,,,primary
Jahannam,39:72:4,jahan~ama,جَهَنَّمَ,jahan~am,PN,,,primary
Jahannam,40:49:6,jahan~ama,جَهَنَّمَ,jahan~am,PN,,,primary
Jahannam,40:60:12,jahan~ama,جَهَنَّمَ,jahan~am,PN,,,primary
Jahannam,40:76:3,jahan~ama,جَهَنَّمَ,jahan~am,PN,,,primary
Jahannam,43:74:5,jahan~ama,جَهَنَّمَ,jahan~am,PN,,,primary
Jahannam,45:10:3,jahan~amu,جَهَنَّمُ,jahan~am,PN,,,primary
Jahannam,48:6:19,jahan~ama,جَهَنَّمَ,jahan~am,PN,,,primary
Jahannam,50:24:3,jahan~ama,جَهَنَّمَ,jahan~am,PN,,,primary
Jahannam,50:30:3,jahan~ama,جَهَنَّمَ,jahan~am,PN,,,primary
Jahannam,52:13:5,jahan~ama,جَهَنَّمَ,jahan~am,PN,,,primary
Jahannam,55:43:2,jahan~amu,جَهَنَّمُ,jahan~am,PN,,,primary
Jahannam,58:8:35,jahan~amu,جَهَنَّمُ,jahan~am,PN,,,primary
Jahannam,66:9:9,jahan~amu,جَهَنَّمُ,jahan~am,PN,,,primary
Jahannam,67:6:5,jahan~ama,جَهَنَّمَ,jahan~am,PN,,,primary
Jahannam,72:15:4,jahan~ama,جَهَنَّمَ,jahan~am,PN,,,primary
Jahannam,72:23:13,jahan~ama,جَهَنَّمَ,jahan~am,PN,,,primary
Jahannam,78:21:2,jahan~ama,جَهَنَّمَ,jahan~am,PN,,,primary
Jahannam,85:10:11,jahan~ama,جَهَنَّمَ,jahan~am,PN,,,primary
Jahannam,89:23:3,jahan~ama,جَهَنَّمَ,jahan~am,PN,,,primary
Jahannam,98:6:10,jahan~ama,جَهَنَّمَ,jahan~am,PN,,,primary
Harr,9:81:19,Har~i,حَرِّ,Har~,N,,,primary
Harr,9:81:24,Har~FA,حَرًّا,Har~,N,,,primary
Harr,16:81:16,Har~a,حَرَّ,Har~,N,,,primary
Harr,35:21:4,Haruwru,حَرُورُ,Haruwr,N,,,variant:Haruwr
Bard,21:69:4,barodFA,بَرْدًا,barod,N,,,primary
Bard,78:24:4,barodFA,بَرْدًا,barod,N,,,primary
Bard,38:42:5,baAridN,بَارِدٌ,baArid,N,,,variant:baArid
Bard,56:44:2,baAridK,بَارِدٍ,baArid,N,,,variant:baArid
Zakat,2:43:4,z~akaw`pa,زَّكَوٰةَ,zakaw`p,N,,,primary
Zakat,2:83:22,z~akaw`pa,زَّكَوٰةَ,zakaw`p,N,,,primary
Zakat,2:110:4,z~akaw`pa,زَّكَوٰةَ,zakaw`p,N,,,primary
Zakat,2:177:35,z~akaw`pa,زَّكَوٰةَ,zakaw`p,N,,,primary
Zakat,2:277:9,z~akaw`pa,زَّكَوٰةَ,zakaw`p,N,,,primary
Zakat,4:77:12,z~akaw`pa,زَّكَوٰةَ,zakaw`p,N,,,primary
Zakat,4:162:18,z~akaw`pa,زَّكَوٰةَ,zakaw`p,N,,,primary
Zakat,5:12:20,z~akaw`pa,زَّكَوٰةَ,zakaw`p,N,,,primary
Zakat,5:55:11,z~akaw`pa,زَّكَوٰةَ,zakaw`p,N,,,primary
Zakat,7:156:26,z~akaw`pa,زَّكَوٰةَ,zakaw`p,N,,,primary
Zakat,9:5:20,z~akaw`pa,زَّكَوٰةَ,zakaw`p,N,,,primary
Zakat,9:11:6,z~akaw`pa,زَّكَوٰةَ,zakaw`p,N,,,primary
Zakat,9:18:13,z~akaw`pa,زَّكَوٰةَ,zakaw`p,N,,,primary
Zakat,9:71:14,z~akaw`pa,زَّكَوٰةَ,zakaw`p,N,,,primary
Zakat,18:81:7,zakaw`pF,زَكَوٰةً,zakaw`p,N,,,primary
Zakat,19:13:4,zakaw`pF,زَكَوٰةً,zakaw`p,N,,,primary
Zakat,19:31:8,z~akaw`pi,زَّكَوٰةِ,zakaw`p,N,,,primary
Zakat,19:55:5,z~akaw`pi,زَّكَوٰةِ,zakaw`p,N,,,primary
Zakat,21:73:12,z~akaw`pi,زَّكَوٰةِ,zakaw`p,N,,,primary
Zakat,22:41:9,z~akaw`pa,زَّكَوٰةَ,zakaw`p,N,,,primary
Zakat,22:78:36,z~akaw`pa,زَّكَوٰةَ,zakaw`p,N,,,primary
Zakat,23:4:3,z~akaw`pi,زَّكَوٰةِ,zakaw`p,N,,,primary
Zakat,24:37:13,z~akaw`pi,زَّكَوٰةِ,zakaw`p,N,,,primary
Zakat,24:56:4,z~akaw`pa,زَّكَوٰةَ,zakaw`p,N,,,primary
Zakat,27:3:5,z~akaw`pa,زَّكَوٰةَ,zakaw`p,N,,,primary
Zakat,30:39:16,zakaw`pK,زَكَوٰةٍ,zakaw`p,N,,,primary
Zakat,31:4:5,z~akaw`pa,زَّكَوٰةَ,zakaw`p,N,,,primary
Zakat,33:33:12,z~akaw`pa,زَّكَوٰةَ,zakaw`p,N,,,primary
Zakat,41:7:4,z~akaw`pa,زَّكَوٰةَ,zakaw`p,N,,,primary
Zakat,58:13:17,z~akaw`pa,زَّكَوٰةَ,zakaw`p,N,,,primary
Zakat,73:20:56,z~akaw`pa,زَّكَوٰةَ,zakaw`p,N,,,primary
Zakat,98:5:13,z~akaw`pa,زَّكَوٰةَ,zakaw`p,N,,,primary
Baraka,7:96:9,baraka`tK,بَرَكَٰتٍ,baraka`t,N,P,FP,primary
Baraka,11:48:6,baraka`tK,بَرَكَٰتٍ,baraka`t,N,P,FP,primary
Baraka,11:73:8,baraka`tu,بَرَكَٰتُ,baraka`t,N,P,FP,primary
Baraka,3:96:8,mubaArakFA,مُبَارَكًا,mubaArak,N,,,variant:mubaArak
Baraka,6:92:4,mubaArakN,مُبَارَكٌ,mubaArak,ADJ,,,variant:mubaArak
Baraka,6:155:4,mubaArakN,مُبَارَكٌ,mubaArak,ADJ,,,variant:mubaArak
Baraka,19:31:2,mubaArakFA,مُبَارَكًا,mubaArak,N,,,variant:mubaArak
Baraka,21:50:3,m~ubaArakN,مُّبَارَكٌ,mubaArak,N,,,variant:mubaArak
Baraka,23:29:5,m~ubaArakFA,مُّبَارَكًا,mubaArak,N,,,variant:mubaArak
Baraka,38:29:4,muba`rakN,مُبَٰرَكٌ,mubaArak,N,,,variant:mubaArak
Baraka,50:9:5,m~uba`rakFA,مُّبَٰرَكًا,mubaArak,N,,,variant:mubaArak
Baraka,24:35:20,m~uba`rakapK,مُّبَٰرَكَةٍ,m~uba`rakap,N,,,variant:m~uba`rakap
Baraka,24:61:68,muba`rakapF,مُبَٰرَكَةً,m~uba`rakap,N,,,variant:m~uba`rakap
Baraka,28:30:10,muba`rakapi,مُبَٰرَكَةِ,m~uba`rakap,ADJ,,,variant:m~uba`rakap
Baraka,44:3:5,m~uba`rakapK,مُّبَٰرَكَةٍ,m~uba`rakap,N,,,variant:m~uba`rakap
Qaala,2:8:4,yaquwlu,يَقُولُ,qaAla,V,S,3MS,primary
Qaala,2:11:2,qiyla,قِيلَ,qaAla,V,S,3MS,primary
Qaala,2:11:8,qaAlu,قَالُ,qaAla,V,P,3MP,primary
Qaala,2:13:2,qiyla,قِيلَ,qaAla,V,S,3MS,primary
Qaala,2:13:8,qaAlu,قَالُ,qaAla,V,P,3MP,primary
Qaala,2:14:5,qaAlu,قَالُ,qaAla,V,P,3MP,primary
Qaala,2:14:11,qaAlu,قَالُ,qaAla,V,P,3MP,primary
Qaala,2:25:19,qaAlu,قَالُ,qaAla,V,P,3MP,primary
Qaala,2:26:23,yaquwlu,يَقُولُ,qaAla,V,P,3MP,primary
Qaala,2:30:2,qaAla,قَالَ,qaAla,V,S,3MS,primary
Qaala,2:30:10,qaAlu,قَالُ,qaAla,V,P,3MP,primary
Qaala,2:30:23,qaAla,قَالَ,qaAla,V,S,3MS,primary
Qaala,2:31:9,qaAla,قَالَ,qaAla,V,S,3MS,primary
Qaala,2:32:1,qaAlu,قَالُ,qaAla,V,P,3MP,primary
Qaala,2:33:1,qaAla,قَالَ,qaAla,V,S,3MS,primary
Qaala,2:33:8,qaAla,قَالَ,qaAla,V,S,3MS,primary
Qaala,2:33:10,>aqul,أَقُل,qaAla,V,S,1S,primary
Qaala,2:34:2,qulo,قُلْ,qaAla,V,P,1P,primary
Qaala,2:35:1,qulo,قُلْ,qaAla,V,P,1P,primary
Qaala,2:36:8,qulo,قُلْ,qaAla,V,P,1P,primary
Qaala,2:38:1,qulo,قُلْ,qaAla,V,P,1P,primary
Qaala,2:54:2,qaAla,قَالَ,qaAla,V,S,3MS,primary
Qaala,2:55:2,qulo,قُلْ,qaAla,V,P,2MP,primary
Qaala,2:58:2,qulo,قُلْ,qaAla,V,P,1P,primary
Qaala,2:58:14,quwlu,قُولُ,qaAla,V,P,2MP,primary
Qaala,2:59:7,qiyla,قِيلَ,qaAla,V,S,3MS,primary
Qaala,2:60:5,qulo,قُلْ,qaAla,V,P,1P,primary
Qaala,2:61:2,qulo,قُلْ,qaAla,V,P,2MP,primary
Qaala,2:61:23,qaAla,قَالَ,qaAla,V,S,3MS,primary
Qaala,2:65:8,qulo,قُلْ,qaAla,V,P,1P,primary
Qaala,2:67:2,qaAla,قَالَ,qaAla,V,S,3MS,primary
Qaala,2:67:11,qaAlu,قَالُ,qaAla,V,P,3MP,primary
Qaala,2:67:14,qaAla,قَالَ,qaAla,V,S,3MS,primary
Qaala,2:68:1,qaAlu,قَالُ,qaAla,V,P,3MP,primary
Qaala,2:68:9,qaAla,قَالَ,qaAla,V,S,3MS,primary
Qaala,2:68:11,yaquwlu,يَقُولُ,qaAla,V,S,3MS,primary
Qaala,2:69:1,qaAlu,قَالُ,qaAla,V,P,3MP,primary
Qaala,2:69:9,qaAla,قَالَ,qaAla,V,S,3MS,primary
Qaala,2:69:11,yaquwlu,يَقُولُ,qaAla,V,S,3MS,primary
Qaala,2:70:1,qaAlu,قَالُ,qaAla,V,P,3MP,primary
Qaala,2:71:1,qaAla,قَالَ,qaAla,V,S,3MS,primary
Qaala,2:71:3,yaquwlu,يَقُولُ,qaAla,V,S,3MS,primary
Qaala,2:71:17,qaAlu,قَالُ,qaAla,V,P,3MP,primary
Qaala,2:73:1,qulo,قُلْ,qaAla,V,P,1P,primary
Qaala,2:76:5,qaAlu,قَالُ,qaAla,V,P,3MP,primary
Qaala,2:76:12,qaAlu,قَالُ,qaAla,V,P,3MP,primary
Qaala,2:79:7,yaquwlu,يَقُولُ,qaAla,V,P,3MP,primary
Qaala,2:80:1,qaAlu,قَالُ,qaAla,V,P,3MP,primary
Qaala,2:80:8,qulo,قُلْ,qaAla,V,S,2MS,primary
Qaala,2:80:18,taquwlu,تَقُولُ,qaAla,V,P,2MP,primary
Qaala,2:83:16,quwlu,قُولُ,qaAla,V,P,2MP,primary
Qaala,2:88:1,qaAlu,قَالُ,qaAla,V,P,3MP,primary
Qaala,2:91:2,qiyla,قِيلَ,qaAla,V,S,3MS,primary
Qaala,2:91:8,qaAlu,قَالُ,qaAla,V,P,3MP,primary
Qaala,2:91:21,qulo,قُلْ,qaAla,V,S,2MS,primary
Qaala,2:93:12,qaAlu,قَالُ,qaAla,V,P,3MP,primary
Qaala,2:93:20,qulo,قُلْ,qaAla,V,S,2MS,primary
Qaala,2:94:1,qulo,قُلْ,qaAla,V,S,2MS,primary
Qaala,2:97:1,qulo,قُلْ,qaAla,V,S,2MS,primary
Qaala,2:102:29,yaquwla,يَقُولَ,qaAla,V,D,3MD,primary
Qaala,2:104:5,taquwlu,تَقُولُ,qaAla,V,P,2MP,primary
Qaala,2:104:7,quwlu,قُولُ,qaAla,V,P,2MP,primary
Qaala,2:111:1,qaAlu,قَالُ,qaAla,V,P,3MP,primary
Qaala,2:111:13,qulo,قُلْ,qaAla,V,S,2MS,primary
Qaala,2:113:1,qaAlati,قَالَتِ,qaAla,V,S,3FS,primary
Qaala,2:113:7,qaAlati,قَالَتِ,qaAla,V,S,3FS,primary
Qaala,2:113:17,qaAla,قَالَ,qaAla,V,S,3MS,primary
Qaala,2:116:1,qaAlu,قَالُ,qaAla,V,P,3MP,primary
Qaala,2:117:8,yaquwlu,يَقُولُ,qaAla,V,S,3MS,primary
Qaala,2:118:1,qaAla,قَالَ,qaAla,V,S,3MS,primary
Qaala,2:118:12,qaAla,قَالَ,qaAla,V,S,3MS,primary
Qaala,2:120:10,qulo,قُلْ,qaAla,V,S,2MS,primary
Qaala,2:124:7,qaAla,قَالَ,qaAla,V,S,3MS,primary
Qaala,2:124:12,qaAla,قَالَ,qaAla,V,S,3MS,primary
Qaala,2:124:15,qaAla,قَالَ,qaAla,V,S,3MS,primary
Qaala,2:126:2,qaAla,قَالَ,qaAla,V,S,3MS,primary
Qaala,2:126:19,qaAla,قَالَ,qaAla,V,S,3MS,primary
Qaala,2:131:2,qaAla,قَالَ,qaAla,V,S,3MS,primary
Qaala,2:131:6,qaAla,قَالَ,qaAla,V,S,3MS,primary
Qaala,2:133:9,qaAla,قَالَ,qaAla,V,S,3MS,primary
Qaala,2:133:15,qaAlu,قَالُ,qaAla,V,P,3MP,primary
Qaala,2:135:1,qaAlu,قَالُ,qaAla,V,P,3MP,primary
Qaala,2:135:7,qulo,قُلْ,qaAla,V,S,2MS,primary
Qaala,2:136:1,quwlu,قُولُ,qaAla,V,P,2MP,primary
Qaala,2:139:1,qulo,قُلْ,qaAla,V,S,2MS,primary
Qaala,2:140:2,taquwlu,تَقُولُ,qaAla,V,P,2MP,primary
Qaala,2:140:13,qulo,قُلْ,qaAla,V,S,2MS,primary
Qaala,2:142:1,yaquwlu,يَقُولُ,qaAla,V,S,3MS,primary
Qaala,2:142:12,qul,قُل,qaAla,V,S,2MS,primary
Qaala,2:154:2,taquwlu,تَقُولُ,qaAla,V,P,2MP,primary
Qaala,2:156:5,qaAlu,قَالُ,qaAla,V,P,3MP,primary
Qaala,2:167:1,qaAla,قَالَ,qaAla,V,S,3MS,primary
Qaala,2:169:6,taquwlu,تَقُولُ,qaAla,V,P,2MP,primary
Qaala,2:170:2,qiyla,قِيلَ,qaAla,V,S,3MS,primary
Qaala,2:170:8,qaAlu,قَالُ,qaAla,V,P,3MP,primary
Qaala,2:189:4,qulo,قُلْ,qaAla,V,S,2MS,primary
Qaala,2:200:14,yaquwlu,يَقُولُ,qaAla,V,S,3MS,primary
Qaala,2:201:3,yaquwlu,يَقُولُ,qaAla,V,S,3MS,primary
Qaala,2:206:2,qiyla,قِيلَ,qaAla,V,S,3MS,primary
Qaala,2:214:18,yaquwla,يَقُولَ,qaAla,V,S,3MS,primary
Qaala,2:215:4,qulo,قُلْ,qaAla,V,S,2MS,primary
Qaala,2:217:7,qulo,قُلْ,qaAla,V,S,2MS,primary
Qaala,2:219:5,qulo,قُلْ,qaAla,V,S,2MS,primary
Qaala,2:219:18,quli,قُلِ,qaAla,V,S,2MS,primary
Qaala,2:220:7,qulo,قُلْ,qaAla,V,S,2MS,primary
Qaala,2:222:4,qulo,قُلْ,qaAla,V,S,2MS,primary
Qaala,2:235:24,taquwlu,تَقُولُ,qaAla,V,P,2MP,primary
Qaala,2:243:12,qaAla,قَالَ,qaAla,V,S,3MS,primary
Qaala,2:246:12,qaAlu,قَالُ,qaAla,V,P,3MP,primary
Qaala,2:246:22,qaAla,قَالَ,qaAla,V,S,3MS,primary
Qaala,2:246:31,qaAlu,قَالُ,qaAla,V,P,3MP,primary
Qaala,2:247:1,qaAla,قَالَ,qaAla,V,S,3MS,primary
Qaala,2:247:11,qaAlu,قَالُ,qaAla,V,P,3MP,primary
Qaala,2:247:26,qaAla,قَالَ,qaAla,V,S,3MS,primary
Qaala,2:248:1,qaAla,قَالَ,qaAla,V,S,3MS,primary
Qaala,2:249:5,qaAla,قَالَ,qaAla,V,S,3MS,primary
Qaala,2:249:36,qaAlu,قَالُ,qaAla,V,P,3MP,primary
Qaala,2:249:43,qaAla,قَالَ,qaAla,V,S,3MS,primary
Qaala,2:250:5,qaAlu,قَالُ,qaAla,V,P,3MP,primary
Qaala,2:258:14,qaAla,قَالَ,qaAla,V,S,3MS,primary
Qaala,2:258:20,qaAla,قَالَ,qaAla,V,S,3MS,primary
Qaala,2:258:24,qaAla,قَالَ,qaAla,V,S,3MS,primary
Qaala,2:259:10,qaAla,قَالَ,qaAla,V,S,3MS,primary
Qaala,2:259:23,qaAla,قَالَ,qaAla,V,S,3MS,primary
Qaala,2:259:26,qaAla,قَالَ,qaAla,V,S,3MS,primary
Qaala,2:259:32,qaAla,قَالَ,qaAla,V,S,3MS,primary
Qaala,2:259:60,qaAla,قَالَ,qaAla,V,S,3MS,primary
Qaala,2:260:2,qaAla,قَالَ,qaAla,V,S,3MS,primary
Qaala,2:260:9,qaAla,قَالَ,qaAla,V,S,3MS,primary
Qaala,2:260:12,qaAla,قَالَ,qaAla,V,S,3MS,primary
Qaala,2:260:17,qaAla,قَالَ,qaAla,V,S,3MS,primary
Qaala,2:275:16,qaAlu,قَالُ,qaAla,V,P,3MP,primary
Qaala,2:285:21,qaAlu,قَالُ,qaAla,V,P,3MP,primary
Qaala,3:7:35,yaquwlu,يَقُولُ,qaAla,V,P,3MP,primary
Qaala,3:12:1,qul,قُل,qaAla,V,S,2MS,primary
Qaala,3:15:1,qulo,قُلْ,qaAla,V,S,2MS,primary
Qaala,3:16:2,yaquwlu,يَقُولُ,qaAla,V,P,3MP,primary
Qaala,3:20:3,qulo,قُلْ,qaAla,V,S,2MS,primary
Qaala,3:20:9,qul,قُل,qaAla,V,S,2MS,primary
Qaala,3:24:3,qaAlu,قَالُ,qaAla,V,P,3MP,primary
Qaala,3:26:1,quli,قُلِ,qaAla,V,S,2MS,primary
Qaala,3:29:1,qulo,قُلْ,qaAla,V,S,2MS,primary
Qaala,3:31:1,qulo,قُلْ,qaAla,V,S,2MS,primary
Qaala,3:32:1,qulo,قُلْ,qaAla,V,S,2MS,primary
Qaala,3:35:2,qaAlati,قَالَتِ,qaAla,V,S,3FS,primary
Qaala,3:36:3,qaAlato,قَالَتْ,qaAla,V,S,3FS,primary
Qaala,3:37:18,qaAla,قَالَ,qaAla,V,S,3MS,primary
Qaala,3:37:23,qaAlato,قَالَتْ,qaAla,V,S,3FS,primary
Qaala,3:38:5,qaAla,قَالَ,qaAla,V,S,3MS,primary
Qaala,3:40:1,qaAla,قَالَ,qaAla,V,S,3MS,primary
Qaala,3:40:12,qaAla,قَالَ,qaAla,V,S,3MS,primary
Qaala,3:41:1,qaAla,قَالَ,qaAla,V,S,3MS,primary
Qaala,3:41:6,qaAla,قَالَ,qaAla,V,S,3MS,primary
Qaala,3:42:2,qaAlati,قَالَتِ,qaAla,V,S,3FS,primary
Qaala,3:45:2,qaAlati,قَالَتِ,qaAla,V,S,3FS,primary
Qaala,3:47:1,qaAlato,قَالَتْ,qaAla,V,S,3FS,primary
Qaala,3:47:10,qaAla,قَالَ,qaAla,V,S,3MS,primary
Qaala,3:47:20,yaquwlu,يَقُولُ,qaAla,V,S,3MS,primary
Qaala,3:52:6,qaAla,قَالَ,qaAla,V,S,3MS,primary
Qaala,3:52:11,qaAla,قَالَ,qaAla,V,S,3MS,primary
Qaala,3:55:2,qaAla,قَالَ,qaAla,V,S,3MS,primary
Qaala,3:59:12,qaAla,قَالَ,qaAla,V,S,3MS,primary
Qaala,3:61:10,qulo,قُلْ,qaAla,V,S,2MS,primary
Qaala,3:64:1,qulo,قُلْ,qaAla,V,S,2MS,primary
Qaala,3:64:28,quwlu,قُولُ,qaAla,V,P,2MP,primary
Qaala,3:72:1,qaAlat,قَالَت,qaAla,V,S,3FS,primary
Qaala,3:73:7,qulo,قُلْ,qaAla,V,S,2MS,primary
Qaala,3:73:22,qulo,قُلْ,qaAla,V,S,2MS,primary
Qaala,3:75:25,qaAlu,قَالُ,qaAla,V,P,3MP,primary
Qaala,3:75:31,yaquwlu,يَقُولُ,qaAla,V,P,3MP,primary
Qaala,3:78:14,yaquwlu,يَقُولُ,qaAla,V,P,3MP,primary
Qaala,3:78:24,yaquwlu,يَقُولُ,qaAla,V,P,3MP,primary
Qaala,3:79:11,yaquwla,يَقُولَ,qaAla,V,S,3MS,primary
Qaala,3:81:20,qaAla,قَالَ,qaAla,V,S,3MS,primary
Qaala,3:81:26,qaAlu,قَالُ,qaAla,V,P,3MP,primary
Qaala,3:81:28,qaAla,قَالَ,qaAla,V,S,3MS,primary
Qaala,3:84:1,qulo,قُلْ,qaAla,V,S,2MS,primary
Qaala,3:93:18,qulo,قُلْ,qaAla,V,S,2MS,primary
Qaala,3:95:1,qulo,قُلْ,qaAla,V,S,2MS,primary
Qaala,3:98:1,qulo,قُلْ,qaAla,V,S,2MS,primary
Qaala,3:99:1,qulo,قُلْ,qaAla,V,S,2MS,primary
Qaala,3:119:11,qaAlu,قَالُ,qaAla,V,P,3MP,primary
Qaala,3:119:20,qulo,قُلْ,qaAla,V,S,2MS,primary
Qaala,3:124:2,taquwlu,تَقُولُ,qaAla,V,S,2MS,primary
Qaala,3:147:6,qaAlu,قَالُ,qaAla,V,P,3MP,primary
Qaala,3:154:22,yaquwlu,يَقُولُ,qaAla,V,P,3MP,primary
Qaala,3:154:29,qulo,قُلْ,qaAla,V,S,2MS,primary
Qaala,3:154:41,yaquwlu,يَقُولُ,qaAla,V,P,3MP,primary
Qaala,3:154:51,qul,قُل,qaAla,V,S,2MS,primary
Qaala,3:156:8,qaAlu,قَالُ,qaAla,V,P,3MP,primary
Qaala,3:165:7,qulo,قُلْ,qaAla,V,P,2MP,primary
Qaala,3:165:10,qulo,قُلْ,qaAla,V,S,2MS,primary
Qaala,3:167:4,qiyla,قِيلَ,qaAla,V,S,3MS,primary
Qaala,3:167:13,qaAlu,قَالُ,qaAla,V,P,3MP,primary
Qaala,3:167:24,yaquwlu,يَقُولُ,qaAla,V,P,3MP,primary
Qaala,3:168:2,qaAlu,قَالُ,qaAla,V,P,3MP,primary
Qaala,3:168:9,qulo,قُلْ,qaAla,V,S,2MS,primary
Qaala,3:173:2,qaAla,قَالَ,qaAla,V,S,3MS,primary
Qaala,3:173:13,qaAlu,قَالُ,qaAla,V,P,3MP,primary
Qaala,3:181:6,qaAlu,قَالُ,qaAla,V,P,3MP,primary
Qaala,3:181:14,qaAlu,قَالُ,qaAla,V,P,3MP,primary
Qaala,3:181:19,naquwlu,نَقُولُ,qaAla,V,P,1P,primary
Qaala,3:183:2,qaAlu,قَالُ,qaAla,V,P,3MP,primary
Qaala,3:183:15,qulo,قُلْ,qaAla,V,S,2MS,primary
Qaala,3:183:23,qulo,قُلْ,qaAla,V,P,2MP,primary
Qaala,4:5:13,quwlu,قُولُ,qaAla,V,P,2MP,primary
Qaala,4:8:10,quwlu,قُولُ,qaAla,V,P,2MP,primary
Qaala,4:9:13,yaquwlu,يَقُولُ,qaAla,V,P,3MP,primary
Qaala,4:18:11,qaAla,قَالَ,qaAla,V,S,3MS,primary
Qaala,4:43:12,taquwlu,تَقُولُ,qaAla,V,P,2MP,primary
Qaala,4:46:8,yaquwlu,يَقُولُ,qaAla,V,P,3MP,primary
Qaala,4:46:22,qaAlu,قَالُ,qaAla,V,P,3MP,primary
Qaala,4:51:12,yaquwlu,يَقُولُ,qaAla,V,P,3MP,primary
Qaala,4:61:2,qiyla,قِيلَ,qaAla,V,S,3MS,primary
Qaala,4:63:11,qul,قُل,qaAla,V,S,2MS,primary
Qaala,4:72:8,qaAla,قَالَ,qaAla,V,S,3MS,primary
Qaala,4:73:6,yaquwla,يَقُولَ,qaAla,V,S,3MS,primary
Qaala,4:75:14,yaquwlu,يَقُولُ,qaAla,V,P,3MP,primary
Qaala,4:77:5,qiyla,قِيلَ,qaAla,V,S,3MS,primary
Qaala,4:77:27,qaAlu,قَالُ,qaAla,V,P,3MP,primary
Qaala,4:77:38,qulo,قُلْ,qaAla,V,S,2MS,primary
Qaala,4:78:13,yaquwlu,يَقُولُ,qaAla,V,P,3MP,primary
Qaala,4:78:21,yaquwlu,يَقُولُ,qaAla,V,P,3MP,primary
Qaala,4:78:25,qulo,قُلْ,qaAla,V,S,2MS,primary
Qaala,4:81:1,yaquwlu,يَقُولُ,qaAla,V,P,3MP,primary
Qaala,4:81:12,taquwlu,تَقُولُ,qaAla,V,S,2MS,primary
Qaala,4:94:11,taquwlu,تَقُولُ,qaAla,V,P,2MP,primary
Qaala,4:97:7,qaAlu,قَالُ,qaAla,V,P,3MP,primary
Qaala,4:97:10,qaAlu,قَالُ,qaAla,V,P,3MP,primary
Qaala,4:97:15,qaAlu,قَالُ,qaAla,V,P,3MP,primary
Qaala,4:118:3,qaAla,قَالَ,qaAla,V,S,3MS,primary
Qaala,4:127:4,quli,قُلِ,qaAla,V,S,2MS,primary
Qaala,4:141:10,qaAlu,قَالُ,qaAla,V,P,3MP,primary
Qaala,4:141:18,qaAlu,قَالُ,qaAla,V,P,3MP,primary
Qaala,4:150:12,yaquwlu,يَقُولُ,qaAla,V,P,3MP,primary
Qaala,4:153:16,qaAlu,قَالُ,qaAla,V,P,3MP,primary
Qaala,4:154:5,qulo,قُلْ,qaAla,V,P,1P,primary
Qaala,4:154:10,qulo,قُلْ,qaAla,V,P,1P,primary
Qaala,4:171:8,taquwlu,تَقُولُ,qaAla,V,P,2MP,primary
Qaala,4:171:30,taquwlu,تَقُولُ,qaAla,V,P,2MP,primary
Qaala,4:176:2,quli,قُلِ,qaAla,V,S,2MS,primary
Qaala,5:4:5,qulo,قُلْ,qaAla,V,S,2MS,primary
Qaala,5:7:10,qulo,قُلْ,qaAla,V,P,2MP,primary
Qaala,5:12:12,qaAla,قَالَ,qaAla,V,S,3MS,primary
Qaala,5:14:3,qaAlu,قَالُ,qaAla,V,P,3MP,primary
Qaala,5:17:4,qaAlu,قَالُ,qaAla,V,P,3MP,primary
Qaala,5:17:11,qulo,قُلْ,qaAla,V,S,2MS,primary
Qaala,5:18:1,qaAlati,قَالَتِ,qaAla,V,S,3FS,primary
Qaala,5:18:8,qulo,قُلْ,qaAla,V,S,2MS,primary
Qaala,5:19:13,taquwlu,تَقُولُ,qaAla,V,P,2MP,primary
Qaala,5:20:2,qaAla,قَالَ,qaAla,V,S,3MS,primary
Qaala,5:22:1,qaAlu,قَالُ,qaAla,V,P,3MP,primary
Qaala,5:23:1,qaAla,قَالَ,qaAla,V,S,3MS,primary
Qaala,5:24:1,qaAlu,قَالُ,qaAla,V,P,3MP,primary
Qaala,5:25:1,qaAla,قَالَ,qaAla,V,S,3MS,primary
Qaala,5:26:1,qaAla,قَالَ,qaAla,V,S,3MS,primary
Qaala,5:27:17,qaAla,قَالَ,qaAla,V,S,3MS,primary
Qaala,5:27:19,qaAla,قَالَ,qaAla,V,S,3MS,primary
Qaala,5:31:12,qaAla,قَالَ,qaAla,V,S,3MS,primary
Qaala,5:41:11,qaAlu,قَالُ,qaAla,V,P,3MP,primary
Qaala,5:41:32,yaquwlu,يَقُولُ,qaAla,V,P,3MP,primary
Qaala,5:52:8,yaquwlu,يَقُولُ,qaAla,V,P,3MP,primary
Qaala,5:53:1,yaquwlu,يَقُولُ,qaAla,V,S,3MS,primary
Qaala,5:59:1,qulo,قُلْ,qaAla,V,S,2MS,primary
Qaala,5:60:1,qulo,قُلْ,qaAla,V,S,2MS,primary
Qaala,5:61:3,qaAlu,قَالُ,qaAla,V,P,3MP,primary
Qaala,5:64:1,qaAlati,قَالَتِ,qaAla,V,S,3FS,primary
Qaala,5:64:10,qaAlu,قَالُ,qaAla,V,P,3MP,primary
Qaala,5:68:1,qulo,قُلْ,qaAla,V,S,2MS,primary
Qaala,5:72:4,qaAlu,قَالُ,qaAla,V,P,3MP,primary
Qaala,5:72:11,qaAla,قَالَ,qaAla,V,S,3MS,primary
Qaala,5:73:4,qaAlu,قَالُ,qaAla,V,P,3MP,primary
Qaala,5:73:19,yaquwlu,يَقُولُ,qaAla,V,P,3MP,primary
Qaala,5:76:1,qulo,قُلْ,qaAla,V,S,2MS,primary
Qaala,5:77:1,qulo,قُلْ,qaAla,V,S,2MS,primary
Qaala,5:82:16,qaAlu,قَالُ,qaAla,V,P,3MP,primary
Qaala,5:83:16,yaquwlu,يَقُولُ,qaAla,V,P,3MP,primary
Qaala,5:85:4,qaAlu,قَالُ,qaAla,V,P,3MP,primary
Qaala,5:100:1,qul,قُل,qaAla,V,S,2MS,primary
Qaala,5:104:2,qiyla,قِيلَ,qaAla,V,S,3MS,primary
Qaala,5:104:11,qaAlu,قَالُ,qaAla,V,P,3MP,primary
Qaala,5:109:5,yaquwlu,يَقُولُ,qaAla,V,S,3MS,primary
Qaala,5:109:8,qaAlu,قَالُ,qaAla,V,P,3MP,primary
Qaala,5:110:2,qaAla,قَالَ,qaAla,V,S,3MS,primary
Qaala,5:110:55,qaAla,قَالَ,qaAla,V,S,3MS,primary
Qaala,5:111:9,qaAlu,قَالُ,qaAla,V,P,3MP,primary
Qaala,5:112:2,qaAla,قَالَ,qaAla,V,S,3MS,primary
Qaala,5:112:16,qaAla,قَالَ,qaAla,V,S,3MS,primary
Qaala,5:113:1,qaAlu,قَالُ,qaAla,V,P,3MP,primary
Qaala,5:114:1,qaAla,قَالَ,qaAla,V,S,3MS,primary
Qaala,5:115:1,qaAla,قَالَ,qaAla,V,S,3MS,primary
Qaala,5:116:2,qaAla,قَالَ,qaAla,V,S,3MS,primary
Qaala,5:116:8,qulo,قُلْ,qaAla,V,S,2MS,primary
Qaala,5:116:16,qaAla,قَالَ,qaAla,V,S,3MS,primary
Qaala,5:116:22,>aquwla,أَقُولَ,qaAla,V,S,1S,primary
Qaala,5:116:29,qulo,قُلْ,qaAla,V,S,1S,primary
Qaala,5:117:2,qulo,قُلْ,qaAla,V,S,1S,primary
Qaala,5:119:1,qaAla,قَالَ,qaAla,V,S,3MS,primary
Qaala,6:7:9,qaAla,قَالَ,qaAla,V,S,3MS,primary
Qaala,6:8:1,qaAlu,قَالُ,qaAla,V,P,3MP,primary
Qaala,6:11:1,qulo,قُلْ,qaAla,V,S,2MS,primary
Qaala,6:12:1,qul,قُل,qaAla,V,S,2MS,primary
Qaala,6:12:7,qul,قُل,qaAla,V,S,2MS,primary
Qaala,6:14:1,qulo,قُلْ,qaAla,V,S,2MS,primary
Qaala,6:14:13,qulo,قُلْ,qaAla,V,S,2MS,primary
Qaala,6:15:1,qulo,قُلْ,qaAla,V,S,2MS,primary
Qaala,6:19:1,qulo,قُلْ,qaAla,V,S,2MS,primary
Qaala,6:19:6,quli,قُلِ,qaAla,V,S,2MS,primary
Qaala,6:19:26,qul,قُل,qaAla,V,S,2MS,primary
Qaala,6:19:29,qulo,قُلْ,qaAla,V,S,2MS,primary
Qaala,6:22:5,naquwlu,نَقُولُ,qaAla,V,P,1P,primary
Qaala,6:23:7,qaAlu,قَالُ,qaAla,V,P,3MP,primary
Qaala,6:25:25,yaquwlu,يَقُولُ,qaAla,V,S,3MS,primary
Qaala,6:27:7,qaAlu,قَالُ,qaAla,V,P,3MP,primary
Qaala,6:29:1,qaAlu,قَالُ,qaAla,V,P,3MP,primary
Qaala,6:30:7,qaAla,قَالَ,qaAla,V,S,3MS,primary
Qaala,6:30:11,qaAlu,قَالُ,qaAla,V,P,3MP,primary
Qaala,6:30:14,qaAla,قَالَ,qaAla,V,S,3MS,primary
Qaala,6:31:12,qaAlu,قَالُ,qaAla,V,P,3MP,primary
Qaala,6:33:6,yaquwlu,يَقُولُ,qaAla,V,P,3MP,primary
Qaala,6:37:1,qaAlu,قَالُ,qaAla,V,P,3MP,primary
Qaala,6:37:8,qulo,قُلْ,qaAla,V,S,2MS,primary
Qaala,6:40:1,qulo,قُلْ,qaAla,V,S,2MS,primary
Qaala,6:46:1,qulo,قُلْ,qaAla,V,S,2MS,primary
Qaala,6:47:1,qulo,قُلْ,qaAla,V,S,2MS,primary
Qaala,6:50:1,qul,قُل,qaAla,V,S,2MS,primary
Qaala,6:50:3,>aquwlu,أَقُولُ,qaAla,V,S,1S,primary
Qaala,6:50:12,>aquwlu,أَقُولُ,qaAla,V,S,1S,primary
Qaala,6:50:22,qulo,قُلْ,qaAla,V,S,2MS,primary
Qaala,6:53:5,yaquwlu,يَقُولُ,qaAla,V,P,3MP,primary
Qaala,6:54:6,qulo,قُلْ,qaAla,V,S,2MS,primary
Qaala,6:56:1,qulo,قُلْ,qaAla,V,S,2MS,primary
Qaala,6:56:11,qul,قُل,qaAla,V,S,2MS,primary
Qaala,6:57:1,qulo,قُلْ,qaAla,V,S,2MS,primary
Qaala,6:58:1,qul,قُل,qaAla,V,S,2MS,primary
Qaala,6:63:1,qulo,قُلْ,qaAla,V,S,2MS,primary
Qaala,6:64:1,quli,قُلِ,qaAla,V,S,2MS,primary
Qaala,6:65:1,qulo,قُلْ,qaAla,V,S,2MS,primary
Qaala,6:66:6,qul,قُل,qaAla,V,S,2MS,primary
Qaala,6:71:1,qulo,قُلْ,qaAla,V,S,2MS,primary
Qaala,6:71:30,qulo,قُلْ,qaAla,V,S,2MS,primary
Qaala,6:73:8,yaquwlu,يَقُولُ,qaAla,V,S,3MS,primary
Qaala,6:74:2,qaAla,قَالَ,qaAla,V,S,3MS,primary
Qaala,6:76:7,qaAla,قَالَ,qaAla,V,S,3MS,primary
Qaala,6:76:12,qaAla,قَالَ,qaAla,V,S,3MS,primary
Qaala,6:77:5,qaAla,قَالَ,qaAla,V,S,3MS,primary
Qaala,6:77:10,qaAla,قَالَ,qaAla,V,S,3MS,primary
Qaala,6:78:5,qaAla,قَالَ,qaAla,V,S,3MS,primary
Qaala,6:78:12,qaAla,قَالَ,qaAla,V,S,3MS,primary
Qaala,6:80:3,qaAla,قَالَ,qaAla,V,S,3MS,primary
Qaala,6:90:7,qul,قُل,qaAla,V,S,2MS,primary
Qaala,6:91:7,qaAlu,قَالُ,qaAla,V,P,3MP,primary
Qaala,6:91:15,qulo,قُلْ,qaAla,V,S,2MS,primary
Qaala,6:91:38,quli,قُلِ,qaAla,V,S,2MS,primary
Qaala,6:93:9,qaAla,قَالَ,qaAla,V,S,3MS,primary
Qaala,6:93:17,qaAla,قَالَ,qaAla,V,S,3MS,primary
Qaala,6:93:41,taquwlu,تَقُولُ,qaAla,V,P,2MP,primary
Qaala,6:105:4,yaquwlu,يَقُولُ,qaAla,V,P,3MP,primary
Qaala,6:109:10,qulo,قُلْ,qaAla,V,S,2MS,primary
Qaala,6:124:4,qaAlu,قَالُ,qaAla,V,P,3MP,primary
Qaala,6:128:10,qaAla,قَالَ,qaAla,V,S,3MS,primary
Qaala,6:128:23,qaAla,قَالَ,qaAla,V,S,3MS,primary
Qaala,6:130:15,qaAlu,قَالُ,qaAla,V,P,3MP,primary
Qaala,6:135:1,qulo,قُلْ,qaAla,V,S,2MS,primary
Qaala,6:136:9,qaAlu,قَالُ,qaAla,V,P,3MP,primary
Qaala,6:138:1,qaAlu,قَالُ,qaAla,V,P,3MP,primary
Qaala,6:139:1,qaAlu,قَالُ,qaAla,V,P,3MP,primary
Qaala,6:143:9,qulo,قُلْ,qaAla,V,S,2MS,primary
Qaala,6:144:7,qulo,قُلْ,qaAla,V,S,2MS,primary
Qaala,6:145:1,qul,قُل,qaAla,V,S,2MS,primary
Qaala,6:147:3,qul,قُل,qaAla,V,S,2MS,primary
Qaala,6:148:1,yaquwlu,يَقُولُ,qaAla,V,S,3MS,primary
Qaala,6:148:23,qulo,قُلْ,qaAla,V,S,2MS,primary
Qaala,6:149:1,qulo,قُلْ,qaAla,V,S,2MS,primary
Qaala,6:150:1,qulo,قُلْ,qaAla,V,S,2MS,primary
Qaala,6:151:1,qulo,قُلْ,qaAla,V,S,2MS,primary
Qaala,6:152:22,qulo,قُلْ,qaAla,V,P,2MP,primary
Qaala,6:156:2,taquwlu,تَقُولُ,qaAla,V,P,2MP,primary
Qaala,6:157:2,taquwlu,تَقُولُ,qaAla,V,P,2MP,primary
Qaala,6:158:34,quli,قُلِ,qaAla,V,S,2MS,primary
Qaala,6:161:1,qulo,قُلْ,qaAla,V,S,2MS,primary
Qaala,6:162:1,qulo,قُلْ,qaAla,V,S,2MS,primary
Qaala,6:164:1,qulo,قُلْ,qaAla,V,S,2MS,primary
Qaala,7:5:9,qaAlu,قَالُ,qaAla,V,P,3MP,primary
Qaala,7:11:6,qulo,قُلْ,qaAla,V,P,1P,primary
Qaala,7:12:1,qaAla,قَالَ,qaAla,V,S,3MS,primary
Qaala,7:12:8,qaAla,قَالَ,qaAla,V,S,3MS,primary
Qaala,7:13:1,qaAla,قَالَ,qaAla,V,S,3MS,primary
Qaala,7:14:1,qaAla,قَالَ,qaAla,V,S,3MS,primary
Qaala,7:15:1,qaAla,قَالَ,qaAla,V,S,3MS,primary
Qaala,7:16:1,qaAla,قَالَ,qaAla,V,S,3MS,primary
Qaala,7:18:1,qaAla,قَالَ,qaAla,V,S,3MS,primary
Qaala,7:20:11,qaAla,قَالَ,qaAla,V,S,3MS,primary
Qaala,7:22:22,>aqul,أَقُل,qaAla,V,S,1S,primary
Qaala,7:23:1,qaAla,قَالَ,qaAla,V,D,3MD,primary
Qaala,7:24:1,qaAla,قَالَ,qaAla,V,S,3MS,primary
Qaala,7:25:1,qaAla,قَالَ,qaAla,V,S,3MS,primary
Qaala,7:28:4,qaAlu,قَالُ,qaAla,V,P,3MP,primary
Qaala,7:28:11,qulo,قُلْ,qaAla,V,S,2MS,primary
Qaala,7:28:17,taquwlu,تَقُولُ,qaAla,V,P,2MP,primary
Qaala,7:29:1,qulo,قُلْ,qaAla,V,S,2MS,primary
Qaala,7:32:1,qulo,قُلْ,qaAla,V,S,2MS,primary
Qaala,7:32:12,qulo,قُلْ,qaAla,V,S,2MS,primary
Qaala,7:33:1,qulo,قُلْ,qaAla,V,S,2MS,primary
Qaala,7:33:24,taquwlu,تَقُولُ,qaAla,V,P,2MP,primary
Qaala,7:37:21,qaAlu,قَالُ,qaAla,V,P,3MP,primary
Qaala,7:37:29,qaAlu,قَالُ,qaAla,V,P,3MP,primary
Qaala,7:38:1,qaAla,قَالَ,qaAla,V,S,3MS,primary
Qaala,7:38:24,qaAlato,قَالَتْ,qaAla,V,S,3FS,primary
Qaala,7:38:35,qaAla,قَالَ,qaAla,V,S,3MS,primary
Qaala,7:39:1,qaAlato,قَالَتْ,qaAla,V,S,3FS,primary
Qaala,7:43:11,qaAlu,قَالُ,qaAla,V,P,3MP,primary
Qaala,7:44:19,qaAlu,قَالُ,qaAla,V,P,3MP,primary
Qaala,7:47:7,qaAlu,قَالُ,qaAla,V,P,3MP,primary
Qaala,7:48:7,qaAlu,قَالُ,qaAla,V,P,3MP,primary
Qaala,7:50:15,qaAlu,قَالُ,qaAla,V,P,3MP,primary
Qaala,7:53:8,yaquwlu,يَقُولُ,qaAla,V,S,3MS,primary
Qaala,7:59:6,qaAla,قَالَ,qaAla,V,S,3MS,primary
Qaala,7:60:1,qaAla,قَالَ,qaAla,V,S,3MS,primary
Qaala,7:61:1,qaAla,قَالَ,qaAla,V,S,3MS,primary
Qaala,7:65:5,qaAla,قَالَ,qaAla,V,S,3MS,primary
Qaala,7:66:1,qaAla,قَالَ,qaAla,V,S,3MS,primary
Qaala,7:67:1,qaAla,قَالَ,qaAla,V,S,3MS,primary
Qaala,7:70:1,qaAlu,قَالُ,qaAla,V,P,3MP,primary
Qaala,7:71:1,qaAla,قَالَ,qaAla,V,S,3MS,primary
Qaala,7:73:5,qaAla,قَالَ,qaAla,V,S,3MS,primary
Qaala,7:75:1,qaAla,قَالَ,qaAla,V,S,3MS,primary
Qaala,7:75:18,qaAlu,قَالُ,qaAla,V,P,3MP,primary
Qaala,7:76:1,qaAla,قَالَ,qaAla,V,S,3MS,primary
Qaala,7:77:7,qaAlu,قَالُ,qaAla,V,P,3MP,primary
Qaala,7:79:3,qaAla,قَالَ,qaAla,V,S,3MS,primary
Qaala,7:80:3,qaAla,قَالَ,qaAla,V,S,3MS,primary
Qaala,7:82:7,qaAlu,قَالُ,qaAla,V,P,3MP,primary
Qaala,7:85:5,qaAla,قَالَ,qaAla,V,S,3MS,primary
Qaala,7:88:1,qaAla,قَالَ,qaAla,V,S,3MS,primary
Qaala,7:88:18,qaAla,قَالَ,qaAla,V,S,3MS,primary
Qaala,7:90:1,qaAla,قَالَ,qaAla,V,S,3MS,primary
Qaala,7:93:3,qaAla,قَالَ,qaAla,V,S,3MS,primary
Qaala,7:95:8,qaAlu,قَالُ,qaAla,V,P,3MP,primary
Qaala,7:104:1,qaAla,قَالَ,qaAla,V,S,3MS,primary
Qaala,7:105:5,>aquwla,أَقُولَ,qaAla,V,S,1S,primary
Qaala,7:106:1,qaAla,قَالَ,qaAla,V,S,3MS,primary
Qaala,7:109:1,qaAla,قَالَ,qaAla,V,S,3MS,primary
Qaala,7:111:1,qaAlu,قَالُ,qaAla,V,P,3MP,primary
Qaala,7:113:4,qaAlu,قَالُ,qaAla,V,P,3MP,primary
Qaala,7:114:1,qaAla,قَالَ,qaAla,V,S,3MS,primary
Qaala,7:115:1,qaAlu,قَالُ,qaAla,V,P,3MP,primary
Qaala,7:116:1,qaAla,قَالَ,qaAla,V,S,3MS,primary
Qaala,7:121:1,qaAlu,قَالُ,qaAla,V,P,3MP,primary
Qaala,7:123:1,qaAla,قَالَ,qaAla,V,S,3MS,primary
Qaala,7:125:1,qaAlu,قَالُ,qaAla,V,P,3MP,primary
Qaala,7:127:1,qaAla,قَالَ,qaAla,V,S,3MS,primary
Qaala,7:127:14,qaAla,قَالَ,qaAla,V,S,3MS,primary
Qaala,7:128:1,qaAla,قَالَ,qaAla,V,S,3MS,primary
Qaala,7:129:1,qaAlu,قَالُ,qaAla,V,P,3MP,primary
Qaala,7:129:11,qaAla,قَالَ,qaAla,V,S,3MS,primary
Qaala,7:131:4,qaAlu,قَالُ,qaAla,V,P,3MP,primary
Qaala,7:132:1,qaAlu,قَالُ,qaAla,V,P,3MP,primary
Qaala,7:134:5,qaAlu,قَالُ,qaAla,V,P,3MP,primary
Qaala,7:138:12,qaAlu,قَالُ,qaAla,V,P,3MP,primary
Qaala,7:138:20,qaAla,قَالَ,qaAla,V,S,3MS,primary
Qaala,7:140:1,qaAla,قَالَ,qaAla,V,S,3MS,primary
Qaala,7:142:12,qaAla,قَالَ,qaAla,V,S,3MS,primary
Qaala,7:143:7,qaAla,قَالَ,qaAla,V,S,3MS,primary
Qaala,7:143:12,qaAla,قَالَ,qaAla,V,S,3MS,primary
Qaala,7:143:35,qaAla,قَالَ,qaAla,V,S,3MS,primary
Qaala,7:144:1,qaAla,قَالَ,qaAla,V,S,3MS,primary
Qaala,7:149:9,qaAlu,قَالُ,qaAla,V,P,3MP,primary
Qaala,7:150:8,qaAla,قَالَ,qaAla,V,S,3MS,primary
Qaala,7:150:23,qaAla,قَالَ,qaAla,V,S,3MS,primary
Qaala,7:151:1,qaAla,قَالَ,qaAla,V,S,3MS,primary
Qaala,7:155:10,qaAla,قَالَ,qaAla,V,S,3MS,primary
Qaala,7:156:12,qaAla,قَالَ,qaAla,V,S,3MS,primary
Qaala,7:158:1,qulo,قُلْ,qaAla,V,S,2MS,primary
Qaala,7:161:2,qiyla,قِيلَ,qaAla,V,S,3MS,primary
Qaala,7:161:11,quwlu,قُولُ,qaAla,V,P,2MP,primary
Qaala,7:162:8,qiyla,قِيلَ,qaAla,V,S,3MS,primary
Qaala,7:164:2,qaAlato,قَالَتْ,qaAla,V,S,3FS,primary
Qaala,7:164:14,qaAlu,قَالُ,qaAla,V,P,3MP,primary
Qaala,7:166:7,qulo,قُلْ,qaAla,V,P,1P,primary
Qaala,7:169:11,yaquwlu,يَقُولُ,qaAla,V,P,3MP,primary
Qaala,7:169:26,yaquwlu,يَقُولُ,qaAla,V,P,3MP,primary
Qaala,7:172:15,qaAlu,قَالُ,qaAla,V,P,3MP,primary
Qaala,7:172:19,taquwlu,تَقُولُ,qaAla,V,P,2MP,primary
Qaala,7:173:2,taquwlu,تَقُولُ,qaAla,V,P,2MP,primary
Qaala,7:187:6,qulo,قُلْ,qaAla,V,S,2MS,primary
Qaala,7:187:28,qulo,قُلْ,qaAla,V,S,2MS,primary
Qaala,7:188:1,qul,قُل,qaAla,V,S,2MS,primary
Qaala,7:195:20,quli,قُلِ,qaAla,V,S,2MS,primary
Qaala,7:203:5,qaAlu,قَالُ,qaAla,V,P,3MP,primary
Qaala,7:203:8,qulo,قُلْ,qaAla,V,S,2MS,primary
Qaala,8:1:4,quli,قُلِ,qaAla,V,S,2MS,primary
Qaala,8:21:4,qaAlu,قَالُ,qaAla,V,P,3MP,primary
Qaala,8:31:5,qaAlu,قَالُ,qaAla,V,P,3MP,primary
Qaala,8:31:10,qulo,قُلْ,qaAla,V,P,1P,primary
Qaala,8:32:2,qaAlu,قَالُ,qaAla,V,P,3MP,primary
Qaala,8:38:1,qul,قُل,qaAla,V,S,2MS,primary
Qaala,8:48:6,qaAla,قَالَ,qaAla,V,S,3MS,primary
Qaala,8:48:22,qaAla,قَالَ,qaAla,V,S,3MS,primary
Qaala,8:49:2,yaquwlu,يَقُولُ,qaAla,V,S,3MS,primary
Qaala,8:70:3,qul,قُل,qaAla,V,S,2MS,primary
Qaala,9:24:1,qulo,قُلْ,qaAla,V,S,2MS,primary
Qaala,9:30:1,qaAlati,قَالَتِ,qaAla,V,S,3FS,primary
Qaala,9:30:6,qaAlati,قَالَتِ,qaAla,V,S,3FS,primary
Qaala,9:38:7,qiyla,قِيلَ,qaAla,V,S,3MS,primary
Qaala,9:40:17,yaquwlu,يَقُولُ,qaAla,V,S,3MS,primary
Qaala,9:46:12,qiyla,قِيلَ,qaAla,V,S,3MS,primary
Qaala,9:49:3,yaquwlu,يَقُولُ,qaAla,V,S,3MS,primary
Qaala,9:50:8,yaquwlu,يَقُولُ,qaAla,V,P,3MP,primary
Qaala,9:51:1,qul,قُل,qaAla,V,S,2MS,primary
Qaala,9:52:1,qulo,قُلْ,qaAla,V,S,2MS,primary
Qaala,9:53:1,qulo,قُلْ,qaAla,V,S,2MS,primary
Qaala,9:59:8,qaAlu,قَالُ,qaAla,V,P,3MP,primary
Qaala,9:61:5,yaquwlu,يَقُولُ,qaAla,V,P,3MP,primary
Qaala,9:61:8,qulo,قُلْ,qaAla,V,S,2MS,primary
Qaala,9:64:11,quli,قُلِ,qaAla,V,S,2MS,primary
Qaala,9:65:3,yaquwlu,يَقُولُ,qaAla,V,P,3MP,primary
Qaala,9:65:8,qulo,قُلْ,qaAla,V,S,2MS,primary
Qaala,9:74:4,qaAlu,قَالُ,qaAla,V,P,3MP,primary
Qaala,9:74:6,qaAlu,قَالُ,qaAla,V,P,3MP,primary
Qaala,9:81:15,qaAlu,قَالُ,qaAla,V,P,3MP,primary
Qaala,9:81:20,qulo,قُلْ,qaAla,V,S,2MS,primary
Qaala,9:83:9,qul,قُل,qaAla,V,S,2MS,primary
Qaala,9:86:14,qaAlu,قَالُ,qaAla,V,P,3MP,primary
Qaala,9:92:8,qulo,قُلْ,qaAla,V,S,2MS,primary
Qaala,9:94:6,qul,قُل,qaAla,V,S,2MS,primary
Qaala,9:105:1,quli,قُلِ,qaAla,V,S,2MS,primary
Qaala,9:124:7,yaquwlu,يَقُولُ,qaAla,V,S,3MS,primary
Qaala,9:129:3,qulo,قُلْ,qaAla,V,S,2MS,primary
Qaala,10:2:21,qaAla,قَالَ,qaAla,V,S,3MS,primary
Qaala,10:15:6,qaAla,قَالَ,qaAla,V,S,3MS,primary
Qaala,10:15:17,qulo,قُلْ,qaAla,V,S,2MS,primary
Qaala,10:16:1,qul,قُل,qaAla,V,S,2MS,primary
Qaala,10:18:10,yaquwlu,يَقُولُ,qaAla,V,P,3MP,primary
Qaala,10:18:15,qulo,قُلْ,qaAla,V,S,2MS,primary
Qaala,10:20:1,yaquwlu,يَقُولُ,qaAla,V,P,3MP,primary
Qaala,10:20:8,qulo,قُلْ,qaAla,V,S,2MS,primary
Qaala,10:21:14,quli,قُلِ,qaAla,V,S,2MS,primary
Qaala,10:28:5,naquwlu,نَقُولُ,qaAla,V,P,1P,primary
Qaala,10:28:13,qaAla,قَالَ,qaAla,V,S,3MS,primary
Qaala,10:31:1,qulo,قُلْ,qaAla,V,S,2MS,primary
Qaala,10:31:23,yaquwlu,يَقُولُ,qaAla,V,P,3MP,primary
Qaala,10:31:25,qulo,قُلْ,qaAla,V,S,2MS,primary
Qaala,10:34:1,qulo,قُلْ,qaAla,V,S,2MS,primary
Qaala,10:34:10,quli,قُلِ,qaAla,V,S,2MS,primary
Qaala,10:35:1,qulo,قُلْ,qaAla,V,S,2MS,primary
Qaala,10:35:9,quli,قُلِ,qaAla,V,S,2MS,primary
Qaala,10:38:2,yaquwlu,يَقُولُ,qaAla,V,P,3MP,primary
Qaala,10:38:4,qulo,قُلْ,qaAla,V,S,2MS,primary
Qaala,10:41:3,qul,قُل,qaAla,V,S,2MS,primary
Qaala,10:48:1,yaquwlu,يَقُولُ,qaAla,V,P,3MP,primary
Qaala,10:49:1,qul,قُل,qaAla,V,S,2MS,primary
Qaala,10:50:1,qulo,قُلْ,qaAla,V,S,2MS,primary
Qaala,10:52:2,qiyla,قِيلَ,qaAla,V,S,3MS,primary
Qaala,10:53:4,qulo,قُلْ,qaAla,V,S,2MS,primary
Qaala,10:58:1,qulo,قُلْ,qaAla,V,S,2MS,primary
Qaala,10:59:1,qulo,قُلْ,qaAla,V,S,2MS,primary
Qaala,10:59:13,qulo,قُلْ,qaAla,V,S,2MS,primary
Qaala,10:68:1,qaAlu,قَالُ,qaAla,V,P,3MP,primary
Qaala,10:68:20,taquwlu,تَقُولُ,qaAla,V,P,2MP,primary
Qaala,10:69:1,qulo,قُلْ,qaAla,V,S,2MS,primary
Qaala,10:71:6,qaAla,قَالَ,qaAla,V,S,3MS,primary
Qaala,10:76:6,qaAlu,قَالُ,qaAla,V,P,3MP,primary
Qaala,10:77:1,qaAla,قَالَ,qaAla,V,S,3MS,primary
Qaala,10:77:3,taquwlu,تَقُولُ,qaAla,V,P,2MP,primary
Qaala,10:78:1,qaAlu,قَالُ,qaAla,V,P,3MP,primary
Qaala,10:79:1,qaAla,قَالَ,qaAla,V,S,3MS,primary
Qaala,10:80:4,qaAla,قَالَ,qaAla,V,S,3MS,primary
Qaala,10:81:3,qaAla,قَالَ,qaAla,V,S,3MS,primary
Qaala,10:84:1,qaAla,قَالَ,qaAla,V,S,3MS,primary
Qaala,10:85:1,qaAlu,قَالُ,qaAla,V,P,3MP,primary
Qaala,10:88:1,qaAla,قَالَ,qaAla,V,S,3MS,primary
Qaala,10:89:1,qaAla,قَالَ,qaAla,V,S,3MS,primary
Qaala,10:90:14,qaAla,قَالَ,qaAla,V,S,3MS,primary
Qaala,10:101:1,quli,قُلِ,qaAla,V,S,2MS,primary
Qaala,10:102:10,qulo,قُلْ,qaAla,V,S,2MS,primary
Qaala,10:104:1,qulo,قُلْ,qaAla,V,S,2MS,primary
Qaala,10:108:1,qulo,قُلْ,qaAla,V,S,2MS,primary
Qaala,11:7:18,qulo,قُلْ,qaAla,V,S,2MS,primary
Qaala,11:7:24,yaquwla,يَقُولَ,qaAla,V,S,3MS,primary
Qaala,11:8:8,yaquwlu,يَقُولُ,qaAla,V,P,3MP,primary
Qaala,11:10:7,yaquwla,يَقُولَ,qaAla,V,S,3MS,primary
Qaala,11:12:11,yaquwlu,يَقُولُ,qaAla,V,P,3MP,primary
Qaala,11:13:2,yaquwlu,يَقُولُ,qaAla,V,P,3MP,primary
Qaala,11:13:4,qulo,قُلْ,qaAla,V,S,2MS,primary
Qaala,11:18:12,yaquwlu,يَقُولُ,qaAla,V,S,3MS,primary
Qaala,11:27:1,qaAla,قَالَ,qaAla,V,S,3MS,primary
Qaala,11:28:1,qaAla,قَالَ,qaAla,V,S,3MS,primary
Qaala,11:31:2,>aquwlu,أَقُولُ,qaAla,V,S,1S,primary
Qaala,11:31:11,>aquwlu,أَقُولُ,qaAla,V,S,1S,primary
Qaala,11:31:15,>aquwlu,أَقُولُ,qaAla,V,S,1S,primary
Qaala,11:32:1,qaAlu,قَالُ,qaAla,V,P,3MP,primary
Qaala,11:33:1,qaAla,قَالَ,qaAla,V,S,3MS,primary
Qaala,11:35:2,yaquwlu,يَقُولُ,qaAla,V,P,3MP,primary
Qaala,11:35:4,qulo,قُلْ,qaAla,V,S,2MS,primary
Qaala,11:38:11,qaAla,قَالَ,qaAla,V,S,3MS,primary
Qaala,11:40:7,qulo,قُلْ,qaAla,V,P,1P,primary
Qaala,11:41:1,qaAla,قَالَ,qaAla,V,S,3MS,primary
Qaala,11:43:1,qaAla,قَالَ,qaAla,V,S,3MS,primary
Qaala,11:43:8,qaAla,قَالَ,qaAla,V,S,3MS,primary
Qaala,11:44:1,qiyla,قِيلَ,qaAla,V,S,3MS,primary
Qaala,11:44:14,qiyla,قِيلَ,qaAla,V,S,3MS,primary
Qaala,11:45:4,qaAla,قَالَ,qaAla,V,S,3MS,primary
Qaala,11:46:1,qaAla,قَالَ,qaAla,V,S,3MS,primary
Qaala,11:47:1,qaAla,قَالَ,qaAla,V,S,3MS,primary
Qaala,11:48:1,qiyla,قِيلَ,qaAla,V,S,3MS,primary
Qaala,11:50:5,qaAla,قَالَ,qaAla,V,S,3MS,primary
Qaala,11:53:1,qaAlu,قَالُ,qaAla,V,P,3MP,primary
Qaala,11:54:2,n~aquwlu,نَّقُولُ,qaAla,V,P,1P,primary
Qaala,11:54:8,qaAla,قَالَ,qaAla,V,S,3MS,primary
Qaala,11:61:5,qaAla,قَالَ,qaAla,V,S,3MS,primary
Qaala,11:62:1,qaAlu,قَالُ,qaAla,V,P,3MP,primary
Qaala,11:63:1,qaAla,قَالَ,qaAla,V,S,3MS,primary
Qaala,11:65:2,qaAla,قَالَ,qaAla,V,S,3MS,primary
Qaala,11:69:6,qaAlu,قَالُ,qaAla,V,P,3MP,primary
Qaala,11:69:8,qaAla,قَالَ,qaAla,V,S,3MS,primary
Qaala,11:70:11,qaAlu,قَالُ,qaAla,V,P,3MP,primary
Qaala,11:72:1,qaAlato,قَالَتْ,qaAla,V,S,3FS,primary
Qaala,11:73:1,qaAlu,قَالُ,qaAla,V,P,3MP,primary
Qaala,11:77:10,qaAla,قَالَ,qaAla,V,S,3MS,primary
Qaala,11:78:10,qaAla,قَالَ,qaAla,V,S,3MS,primary
Qaala,11:79:1,qaAlu,قَالُ,qaAla,V,P,3MP,primary
Qaala,11:80:1,qaAla,قَالَ,qaAla,V,S,3MS,primary
Qaala,11:81:1,qaAlu,قَالُ,qaAla,V,P,3MP,primary
Qaala,11:84:5,qaAla,قَالَ,qaAla,V,S,3MS,primary
Qaala,11:87:1,qaAlu,قَالُ,qaAla,V,P,3MP,primary
Qaala,11:88:1,qaAla,قَالَ,qaAla,V,S,3MS,primary
Qaala,11:91:1,qaAlu,قَالُ,qaAla,V,P,3MP,primary
Qaala,11:91:7,taquwlu,تَقُولُ,qaAla,V,S,2MS,primary
Qaala,11:92:1,qaAla,قَالَ,qaAla,V,S,3MS,primary
Qaala,11:121:1,qul,قُل,qaAla,V,S,2MS,primary
Qaala,12:4:2,qaAla,قَالَ,qaAla,V,S,3MS,primary
Qaala,12:5:1,qaAla,قَالَ,qaAla,V,S,3MS,primary
Qaala,12:8:2,qaAlu,قَالُ,qaAla,V,P,3MP,primary
Qaala,12:10:1,qaAla,قَالَ,qaAla,V,S,3MS,primary
Qaala,12:11:1,qaAlu,قَالُ,qaAla,V,P,3MP,primary
Qaala,12:13:1,qaAla,قَالَ,qaAla,V,S,3MS,primary
Qaala,12:14:1,qaAlu,قَالُ,qaAla,V,P,3MP,primary
Qaala,12:17:1,qaAlu,قَالُ,qaAla,V,P,3MP,primary
Qaala,12:18:6,qaAla,قَالَ,qaAla,V,S,3MS,primary
Qaala,12:19:7,qaAla,قَالَ,qaAla,V,S,3MS,primary
Qaala,12:21:1,qaAla,قَالَ,qaAla,V,S,3MS,primary
Qaala,12:23:10,qaAlato,قَالَتْ,qaAla,V,S,3FS,primary
Qaala,12:23:13,qaAla,قَالَ,qaAla,V,S,3MS,primary
Qaala,12:25:11,qaAlato,قَالَتْ,qaAla,V,S,3FS,primary
Qaala,12:26:1,qaAla,قَالَ,qaAla,V,S,3MS,primary
Qaala,12:28:7,qaAla,قَالَ,qaAla,V,S,3MS,primary
Qaala,12:30:1,qaAla,قَالَ,qaAla,V,S,3MS,primary
Qaala,12:31:14,qaAlati,قَالَتِ,qaAla,V,S,3FS,primary
Qaala,12:31:22,qulo,قُلْ,qaAla,V,P,3FP,primary
Qaala,12:32:1,qaAlato,قَالَتْ,qaAla,V,S,3FS,primary
Qaala,12:33:1,qaAla,قَالَ,qaAla,V,S,3MS,primary
Qaala,12:36:5,qaAla,قَالَ,qaAla,V,S,3MS,primary
Qaala,12:36:11,qaAla,قَالَ,qaAla,V,S,3MS,primary
Qaala,12:37:1,qaAla,قَالَ,qaAla,V,S,3MS,primary
Qaala,12:42:1,qaAla,قَالَ,qaAla,V,S,3MS,primary
Qaala,12:43:1,qaAla,قَالَ,qaAla,V,S,3MS,primary
Qaala,12:44:1,qaAlu,قَالُ,qaAla,V,P,3MP,primary
Qaala,12:45:1,qaAla,قَالَ,qaAla,V,S,3MS,primary
Qaala,12:47:1,qaAla,قَالَ,qaAla,V,S,3MS,primary
Qaala,12:50:1,qaAla,قَالَ,qaAla,V,S,3MS,primary
Qaala,12:50:8,qaAla,قَالَ,qaAla,V,S,3MS,primary
Qaala,12:51:1,qaAla,قَالَ,qaAla,V,S,3MS,primary
Qaala,12:51:9,qulo,قُلْ,qaAla,V,P,3FP,primary
Qaala,12:51:17,qaAlati,قَالَتِ,qaAla,V,S,3FS,primary
Qaala,12:54:1,qaAla,قَالَ,qaAla,V,S,3MS,primary
Qaala,12:54:9,qaAla,قَالَ,qaAla,V,S,3MS,primary
Qaala,12:55:1,qaAla,قَالَ,qaAla,V,S,3MS,primary
Qaala,12:59:4,qaAla,قَالَ,qaAla,V,S,3MS,primary
Qaala,12:61:1,qaAlu,قَالُ,qaAla,V,P,3MP,primary
Qaala,12:62:1,qaAla,قَالَ,qaAla,V,S,3MS,primary
Qaala,12:63:5,qaAlu,قَالُ,qaAla,V,P,3MP,primary
Qaala,12:64:1,qaAla,قَالَ,qaAla,V,S,3MS,primary
Qaala,12:65:8,qaAlu,قَالُ,qaAla,V,P,3MP,primary
Qaala,12:66:1,qaAla,قَالَ,qaAla,V,S,3MS,primary
Qaala,12:66:19,qaAla,قَالَ,qaAla,V,S,3MS,primary
Qaala,12:66:23,naquwlu,نَقُولُ,qaAla,V,P,1P,primary
Qaala,12:67:1,qaAla,قَالَ,qaAla,V,S,3MS,primary
Qaala,12:69:8,qaAla,قَالَ,qaAla,V,S,3MS,primary
Qaala,12:71:1,qaAlu,قَالُ,qaAla,V,P,3MP,primary
Qaala,12:72:1,qaAlu,قَالُ,qaAla,V,P,3MP,primary
Qaala,12:73:1,qaAlu,قَالُ,qaAla,V,P,3MP,primary
Qaala,12:74:1,qaAlu,قَالُ,qaAla,V,P,3MP,primary
Qaala,12:75:1,qaAlu,قَالُ,qaAla,V,P,3MP,primary
Qaala,12:77:1,qaAlu,قَالُ,qaAla,V,P,3MP,primary
Qaala,12:77:17,qaAla,قَالَ,qaAla,V,S,3MS,primary
Qaala,12:78:1,qaAlu,قَالُ,qaAla,V,P,3MP,primary
Qaala,12:79:1,qaAla,قَالَ,qaAla,V,S,3MS,primary
Qaala,12:80:6,qaAla,قَالَ,qaAla,V,S,3MS,primary
Qaala,12:81:4,quwlu,قُولُ,qaAla,V,P,2MP,primary
Qaala,12:83:1,qaAla,قَالَ,qaAla,V,S,3MS,primary
Qaala,12:84:3,qaAla,قَالَ,qaAla,V,S,3MS,primary
Qaala,12:85:1,qaAlu,قَالُ,qaAla,V,P,3MP,primary
Qaala,12:86:1,qaAla,قَالَ,qaAla,V,S,3MS,primary
Qaala,12:88:4,qaAlu,قَالُ,qaAla,V,P,3MP,primary
Qaala,12:89:1,qaAla,قَالَ,qaAla,V,S,3MS,primary
Qaala,12:90:1,qaAlu,قَالُ,qaAla,V,P,3MP,primary
Qaala,12:90:5,qaAla,قَالَ,qaAla,V,S,3MS,primary
Qaala,12:91:1,qaAlu,قَالُ,qaAla,V,P,3MP,primary
Qaala,12:92:1,qaAla,قَالَ,qaAla,V,S,3MS,primary
Qaala,12:94:4,qaAla,قَالَ,qaAla,V,S,3MS,primary
Qaala,12:95:1,qaAlu,قَالُ,qaAla,V,P,3MP,primary
Qaala,12:96:10,qaAla,قَالَ,qaAla,V,S,3MS,primary
Qaala,12:96:12,>aqul,أَقُل,qaAla,V,S,1S,primary
Qaala,12:97:1,qaAlu,قَالُ,qaAla,V,P,3MP,primary
Qaala,12:98:1,qaAla,قَالَ,qaAla,V,S,3MS,primary
Qaala,12:99:8,qaAla,قَالَ,qaAla,V,S,3MS,primary
Qaala,12:100:8,qaAla,قَالَ,qaAla,V,S,3MS,primary
Qaala,12:108:1,qulo,قُلْ,qaAla,V,S,2MS,primary
Qaala,13:7:1,yaquwlu,يَقُولُ,qaAla,V,S,3MS,primary
Qaala,13:16:1,qulo,قُلْ,qaAla,V,S,2MS,primary
Qaala,13:16:6,quli,قُلِ,qaAla,V,S,2MS,primary
Qaala,13:16:8,qulo,قُلْ,qaAla,V,S,2MS,primary
Qaala,13:16:19,qulo,قُلْ,qaAla,V,S,2MS,primary
Qaala,13:16:38,quli,قُلِ,qaAla,V,S,2MS,primary
Qaala,13:27:1,yaquwlu,يَقُولُ,qaAla,V,S,3MS,primary
Qaala,13:27:10,qulo,قُلْ,qaAla,V,S,2MS,primary
Qaala,13:30:18,qulo,قُلْ,qaAla,V,S,2MS,primary
Qaala,13:33:12,qulo,قُلْ,qaAla,V,S,2MS,primary
Qaala,13:36:13,qulo,قُلْ,qaAla,V,S,2MS,primary
Qaala,13:43:1,yaquwlu,يَقُولُ,qaAla,V,S,3MS,primary
Qaala,13:43:6,qulo,قُلْ,qaAla,V,S,2MS,primary
Qaala,14:6:2,qaAla,قَالَ,qaAla,V,S,3MS,primary
Qaala,14:8:1,qaAla,قَالَ,qaAla,V,S,3MS,primary
Qaala,14:9:25,qaAlu,قَالُ,qaAla,V,P,3MP,primary
Qaala,14:10:1,qaAlato,قَالَتْ,qaAla,V,S,3FS,primary
Qaala,14:10:18,qaAlu,قَالُ,qaAla,V,P,3MP,primary
Qaala,14:11:1,qaAlato,قَالَتْ,qaAla,V,S,3FS,primary
Qaala,14:13:1,qaAla,قَالَ,qaAla,V,S,3MS,primary
Qaala,14:21:4,qaAla,قَالَ,qaAla,V,S,3MS,primary
Qaala,14:21:21,qaAlu,قَالُ,qaAla,V,P,3MP,primary
Qaala,14:22:1,qaAla,قَالَ,qaAla,V,S,3MS,primary
Qaala,14:30:7,qulo,قُلْ,qaAla,V,S,2MS,primary
Qaala,14:31:1,qul,قُل,qaAla,V,S,2MS,primary
Qaala,14:35:2,qaAla,قَالَ,qaAla,V,S,3MS,primary
Qaala,14:44:6,yaquwlu,يَقُولُ,qaAla,V,S,3MS,primary
Qaala,15:6:1,qaAlu,قَالُ,qaAla,V,P,3MP,primary
Qaala,15:15:1,qaAlu,قَالُ,qaAla,V,P,3MP,primary
Qaala,15:28:2,qaAla,قَالَ,qaAla,V,S,3MS,primary
Qaala,15:32:1,qaAla,قَالَ,qaAla,V,S,3MS,primary
Qaala,15:33:1,qaAla,قَالَ,qaAla,V,S,3MS,primary
Qaala,15:34:1,qaAla,قَالَ,qaAla,V,S,3MS,primary
Qaala,15:36:1,qaAla,قَالَ,qaAla,V,S,3MS,primary
Qaala,15:37:1,qaAla,قَالَ,qaAla,V,S,3MS,primary
Qaala,15:39:1,qaAla,قَالَ,qaAla,V,S,3MS,primary
Qaala,15:41:1,qaAla,قَالَ,qaAla,V,S,3MS,primary
Qaala,15:52:4,qaAlu,قَالُ,qaAla,V,P,3MP,primary
Qaala,15:52:6,qaAla,قَالَ,qaAla,V,S,3MS,primary
Qaala,15:53:1,qaAlu,قَالُ,qaAla,V,P,3MP,primary
Qaala,15:54:1,qaAla,قَالَ,qaAla,V,S,3MS,primary
Qaala,15:55:1,qaAlu,قَالُ,qaAla,V,P,3MP,primary
Qaala,15:56:1,qaAla,قَالَ,qaAla,V,S,3MS,primary
Qaala,15:57:1,qaAla,قَالَ,qaAla,V,S,3MS,primary
Qaala,15:58:1,qaAlu,قَالُ,qaAla,V,P,3MP,primary
Qaala,15:62:1,qaAla,قَالَ,qaAla,V,S,3MS,primary
Qaala,15:63:1,qaAlu,قَالُ,qaAla,V,P,3MP,primary
Qaala,15:68:1,qaAla,قَالَ,qaAla,V,S,3MS,primary
Qaala,15:70:1,qaAlu,قَالُ,qaAla,V,P,3MP,primary
Qaala,15:71:1,qaAla,قَالَ,qaAla,V,S,3MS,primary
Qaala,15:89:1,qulo,قُلْ,qaAla,V,S,2MS,primary
Qaala,15:97:7,yaquwlu,يَقُولُ,qaAla,V,P,3MP,primary
Qaala,16:24:2,qiyla,قِيلَ,qaAla,V,S,3MS,primary
Qaala,16:24:7,qaAlu,قَالُ,qaAla,V,P,3MP,primary
Qaala,16:27:5,yaquwlu,يَقُولُ,qaAla,V,S,3MS,primary
Qaala,16:27:12,qaAla,قَالَ,qaAla,V,S,3MS,primary
Qaala,16:30:1,qiyla,قِيلَ,qaAla,V,S,3MS,primary
Qaala,16:30:7,qaAlu,قَالُ,qaAla,V,P,3MP,primary
Qaala,16:32:5,yaquwlu,يَقُولُ,qaAla,V,P,3MP,primary
Qaala,16:35:1,qaAla,قَالَ,qaAla,V,S,3MS,primary
Qaala,16:40:7,n~aquwla,نَّقُولَ,qaAla,V,P,1P,primary
Qaala,16:51:1,qaAla,قَالَ,qaAla,V,S,3MS,primary
Qaala,16:86:6,qaAlu,قَالُ,qaAla,V,P,3MP,primary
Qaala,16:101:10,qaAlu,قَالُ,qaAla,V,P,3MP,primary
Qaala,16:102:1,qulo,قُلْ,qaAla,V,S,2MS,primary
Qaala,16:103:4,yaquwlu,يَقُولُ,qaAla,V,P,3MP,primary
Qaala,16:116:2,taquwlu,تَقُولُ,qaAla,V,P,2MP,primary
Qaala,17:23:17,taqul,تَقُل,qaAla,V,S,2MS,primary
Qaala,17:23:22,qul,قُل,qaAla,V,S,2MS,primary
Qaala,17:24:7,qul,قُل,qaAla,V,S,2MS,primary
Qaala,17:28:9,qul,قُل,qaAla,V,S,2MS,primary
Qaala,17:40:9,taquwlu,تَقُولُ,qaAla,V,P,2MP,primary
Qaala,17:42:1,qul,قُل,qaAla,V,S,2MS,primary
Qaala,17:42:7,yaquwlu,يَقُولُ,qaAla,V,P,3MP,primary
Qaala,17:43:4,yaquwlu,يَقُولُ,qaAla,V,P,3MP,primary
Qaala,17:47:13,yaquwlu,يَقُولُ,qaAla,V,S,3MS,primary
Qaala,17:49:1,qaAlu,قَالُ,qaAla,V,P,3MP,primary
Qaala,17:50:1,qulo,قُلْ,qaAla,V,S,2MS,primary
Qaala,17:51:7,yaquwlu,يَقُولُ,qaAla,V,P,3MP,primary
Qaala,17:51:10,quli,قُلِ,qaAla,V,S,2MS,primary
Qaala,17:51:18,yaquwlu,يَقُولُ,qaAla,V,P,3MP,primary
Qaala,17:51:21,qulo,قُلْ,qaAla,V,S,2MS,primary
Qaala,17:53:1,qul,قُل,qaAla,V,S,2MS,primary
Qaala,17:53:3,yaquwlu,يَقُولُ,qaAla,V,P,3MP,primary
Qaala,17:56:1,quli,قُلِ,qaAla,V,S,2MS,primary
Qaala,17:60:2,qulo,قُلْ,qaAla,V,P,1P,primary
Qaala,17:61:2,qulo,قُلْ,qaAla,V,P,1P,primary
Qaala,17:61:9,qaAla,قَالَ,qaAla,V,S,3MS,primary
Qaala,17:62:1,qaAla,قَالَ,qaAla,V,S,3MS,primary
Qaala,17:63:1,qaAla,قَالَ,qaAla,V,S,3MS,primary
Qaala,17:80:1,qul,قُل,qaAla,V,S,2MS,primary
Qaala,17:81:1,qulo,قُلْ,qaAla,V,S,2MS,primary
Qaala,17:84:1,qulo,قُلْ,qaAla,V,S,2MS,primary
Qaala,17:85:4,quli,قُلِ,qaAla,V,S,2MS,primary
Qaala,17:88:1,qul,قُل,qaAla,V,S,2MS,primary
Qaala,17:90:1,qaAlu,قَالُ,qaAla,V,P,3MP,primary
Qaala,17:93:19,qulo,قُلْ,qaAla,V,S,2MS,primary
Qaala,17:94:11,qaAlu,قَالُ,qaAla,V,P,3MP,primary
Qaala,17:95:1,qul,قُل,qaAla,V,S,2MS,primary
Qaala,17:96:1,qulo,قُلْ,qaAla,V,S,2MS,primary
Qaala,17:98:6,qaAlu,قَالُ,qaAla,V,P,3MP,primary
Qaala,17:100:1,qul,قُل,qaAla,V,S,2MS,primary
Qaala,17:101:12,qaAla,قَالَ,qaAla,V,S,3MS,primary
Qaala,17:102:1,qaAla,قَالَ,qaAla,V,S,3MS,primary
Qaala,17:104:1,qulo,قُلْ,qaAla,V,P,1P,primary
Qaala,17:107:1,qulo,قُلْ,qaAla,V,S,2MS,primary
Qaala,17:108:1,yaquwlu,يَقُولُ,qaAla,V,P,3MP,primary
Qaala,17:110:1,quli,قُلِ,qaAla,V,S,2MS,primary
Qaala,17:111:1,quli,قُلِ,qaAla,V,S,2MS,primary
Qaala,18:4:3,qaAlu,قَالُ,qaAla,V,P,3MP,primary
Qaala,18:5:14,yaquwlu,يَقُولُ,qaAla,V,P,3MP,primary
Qaala,18:10:6,qaAlu,قَالُ,qaAla,V,P,3MP,primary
Qaala,18:14:6,qaAlu,قَالُ,qaAla,V,P,3MP,primary
Qaala,18:14:17,qulo,قُلْ,qaAla,V,P,1P,primary
Qaala,18:19:5,qaAla,قَالَ,qaAla,V,S,3MS,primary
Qaala,18:19:10,qaAlu,قَالُ,qaAla,V,P,3MP,primary
Qaala,18:19:16,qaAlu,قَالُ,qaAla,V,P,3MP,primary
Qaala,18:21:18,qaAlu,قَالُ,qaAla,V,P,3MP,primary
Qaala,18:21:25,qaAla,قَالَ,qaAla,V,S,3MS,primary
Qaala,18:22:1,yaquwlu,يَقُولُ,qaAla,V,P,3MP,primary
Qaala,18:22:5,yaquwlu,يَقُولُ,qaAla,V,P,3MP,primary
Qaala,18:22:11,yaquwlu,يَقُولُ,qaAla,V,P,3MP,primary
Qaala,18:22:15,qul,قُل,qaAla,V,S,2MS,primary
Qaala,18:23:2,taquwla,تَقُولَ,qaAla,V,S,2MS,primary
Qaala,18:24:9,qulo,قُلْ,qaAla,V,S,2MS,primary
Qaala,18:26:1,quli,قُلِ,qaAla,V,S,2MS,primary
Qaala,18:29:1,quli,قُلِ,qaAla,V,S,2MS,primary
Qaala,18:34:4,qaAla,قَالَ,qaAla,V,S,3MS,primary
Qaala,18:35:6,qaAla,قَالَ,qaAla,V,S,3MS,primary
Qaala,18:37:1,qaAla,قَالَ,qaAla,V,S,3MS,primary
Qaala,18:39:5,qulo,قُلْ,qaAla,V,S,2MS,primary
Qaala,18:42:14,yaquwlu,يَقُولُ,qaAla,V,S,3MS,primary
Qaala,18:49:8,yaquwlu,يَقُولُ,qaAla,V,P,3MP,primary
Qaala,18:50:2,qulo,قُلْ,qaAla,V,P,1P,primary
Qaala,18:52:2,yaquwlu,يَقُولُ,qaAla,V,S,3MS,primary
Qaala,18:60:2,qaAla,قَالَ,qaAla,V,S,3MS,primary
Qaala,18:62:3,qaAla,قَالَ,qaAla,V,S,3MS,primary
Qaala,18:63:1,qaAla,قَالَ,qaAla,V,S,3MS,primary
Qaala,18:64:1,qaAla,قَالَ,qaAla,V,S,3MS,primary
Qaala,18:66:1,qaAla,قَالَ,qaAla,V,S,3MS,primary
Qaala,18:67:1,qaAla,قَالَ,qaAla,V,S,3MS,primary
Qaala,18:69:1,qaAla,قَالَ,qaAla,V,S,3MS,primary
Qaala,18:70:1,qaAla,قَالَ,qaAla,V,S,3MS,primary
Qaala,18:71:8,qaAla,قَالَ,qaAla,V,S,3MS,primary
Qaala,18:72:1,qaAla,قَالَ,qaAla,V,S,3MS,primary
Qaala,18:72:3,>aqulo,أَقُلْ,qaAla,V,S,1S,primary
Qaala,18:73:1,qaAla,قَالَ,qaAla,V,S,3MS,primary
Qaala,18:74:7,qaAla,قَالَ,qaAla,V,S,3MS,primary
Qaala,18:75:1,qaAla,قَالَ,qaAla,V,S,3MS,primary
Qaala,18:75:3,>aqul,أَقُل,qaAla,V,S,1S,primary
Qaala,18:76:1,qaAla,قَالَ,qaAla,V,S,3MS,primary
Qaala,18:77:19,qaAla,قَالَ,qaAla,V,S,3MS,primary
Qaala,18:78:1,qaAla,قَالَ,qaAla,V,S,3MS,primary
Qaala,18:83:5,qulo,قُلْ,qaAla,V,S,2MS,primary
Qaala,18:86:14,qulo,قُلْ,qaAla,V,P,1P,primary
Qaala,18:87:1,qaAla,قَالَ,qaAla,V,S,3MS,primary
Qaala,18:88:9,naquwlu,نَقُولُ,qaAla,V,P,1P,primary
Qaala,18:94:1,qaAlu,قَالُ,qaAla,V,P,3MP,primary
Qaala,18:95:1,qaAla,قَالَ,qaAla,V,S,3MS,primary
Qaala,18:96:9,qaAla,قَالَ,qaAla,V,S,3MS,primary
Qaala,18:96:15,qaAla,قَالَ,qaAla,V,S,3MS,primary
Qaala,18:98:1,qaAla,قَالَ,qaAla,V,S,3MS,primary
Qaala,18:103:1,qulo,قُلْ,qaAla,V,S,2MS,primary
Qaala,18:109:1,qul,قُل,qaAla,V,S,2MS,primary
Qaala,18:110:1,qulo,قُلْ,qaAla,V,S,2MS,primary
Qaala,19:4:1,qaAla,قَالَ,qaAla,V,S,3MS,primary
Qaala,19:8:1,qaAla,قَالَ,qaAla,V,S,3MS,primary
Qaala,19:9:1,qaAla,قَالَ,qaAla,V,S,3MS,primary
Qaala,19:9:3,qaAla,قَالَ,qaAla,V,S,3MS,primary
Qaala,19:10:1,qaAla,قَالَ,qaAla,V,S,3MS,primary
Qaala,19:10:6,qaAla,قَالَ,qaAla,V,S,3MS,primary
Qaala,19:18:1,qaAlato,قَالَتْ,qaAla,V,S,3FS,primary
Qaala,19:19:1,qaAla,قَالَ,qaAla,V,S,3MS,primary
Qaala,19:20:1,qaAlato,قَالَتْ,qaAla,V,S,3FS,primary
Qaala,19:21:1,qaAla,قَالَ,qaAla,V,S,3MS,primary
Qaala,19:21:3,qaAla,قَالَ,qaAla,V,S,3MS,primary
Qaala,19:23:6,qaAlato,قَالَتْ,qaAla,V,S,3FS,primary
Qaala,19:26:10,quwli,قُولِ,qaAla,V,S,2FS,primary
Qaala,19:27:5,qaAlu,قَالُ,qaAla,V,P,3MP,primary
Qaala,19:29:3,qaAlu,قَالُ,qaAla,V,P,3MP,primary
Qaala,19:30:1,qaAla,قَالَ,qaAla,V,S,3MS,primary
Qaala,19:35:13,yaquwlu,يَقُولُ,qaAla,V,S,3MS,primary
Qaala,19:42:2,qaAla,قَالَ,qaAla,V,S,3MS,primary
Qaala,19:46:1,qaAla,قَالَ,qaAla,V,S,3MS,primary
Qaala,19:47:1,qaAla,قَالَ,qaAla,V,S,3MS,primary
Qaala,19:66:1,yaquwlu,يَقُولُ,qaAla,V,S,3MS,primary
Qaala,19:73:6,qaAla,قَالَ,qaAla,V,S,3MS,primary
Qaala,19:75:1,qulo,قُلْ,qaAla,V,S,2MS,primary
Qaala,19:77:5,qaAla,قَالَ,qaAla,V,S,3MS,primary
Qaala,19:79:4,yaquwlu,يَقُولُ,qaAla,V,S,3MS,primary
Qaala,19:80:3,yaquwlu,يَقُولُ,qaAla,V,S,3MS,primary
Qaala,19:88:1,qaAlu,قَالُ,qaAla,V,P,3MP,primary
Qaala,20:10:4,qaAla,قَالَ,qaAla,V,S,3MS,primary
Qaala,20:18:1,qaAla,قَالَ,qaAla,V,S,3MS,primary
Qaala,20:19:1,qaAla,قَالَ,qaAla,V,S,3MS,primary
Qaala,20:21:1,qaAla,قَالَ,qaAla,V,S,3MS,primary
Qaala,20:25:1,qaAla,قَالَ,qaAla,V,S,3MS,primary
Qaala,20:36:1,qaAla,قَالَ,qaAla,V,S,3MS,primary
Qaala,20:40:4,taquwlu,تَقُولُ,qaAla,V,S,3FS,primary
Qaala,20:44:1,quwla,قُولَ,qaAla,V,D,2D,primary
Qaala,20:45:1,qaAla,قَالَ,qaAla,V,D,3MD,primary
Qaala,20:46:1,qaAla,قَالَ,qaAla,V,S,3MS,primary
Qaala,20:47:2,quwla,قُولَ,qaAla,V,D,2D,primary
Qaala,20:49:1,qaAla,قَالَ,qaAla,V,S,3MS,primary
Qaala,20:50:1,qaAla,قَالَ,qaAla,V,S,3MS,primary
Qaala,20:51:1,qaAla,قَالَ,qaAla,V,S,3MS,primary
Qaala,20:52:1,qaAla,قَالَ,qaAla,V,S,3MS,primary
Qaala,20:57:1,qaAla,قَالَ,qaAla,V,S,3MS,primary
Qaala,20:59:1,qaAla,قَالَ,qaAla,V,S,3MS,primary
Qaala,20:61:1,qaAla,قَالَ,qaAla,V,S,3MS,primary
Qaala,20:63:1,qaAlu,قَالُ,qaAla,V,P,3MP,primary
Qaala,20:65:1,qaAlu,قَالُ,qaAla,V,P,3MP,primary
Qaala,20:66:1,qaAla,قَالَ,qaAla,V,S,3MS,primary
Qaala,20:68:1,qulo,قُلْ,qaAla,V,P,1P,primary
Qaala,20:70:4,qaAlu,قَالُ,qaAla,V,P,3MP,primary
Qaala,20:71:1,qaAla,قَالَ,qaAla,V,S,3MS,primary
Qaala,20:72:1,qaAlu,قَالُ,qaAla,V,P,3MP,primary
Qaala,20:84:1,qaAla,قَالَ,qaAla,V,S,3MS,primary
Qaala,20:85:1,qaAla,قَالَ,qaAla,V,S,3MS,primary
Qaala,20:86:7,qaAla,قَالَ,qaAla,V,S,3MS,primary
Qaala,20:87:1,qaAlu,قَالُ,qaAla,V,P,3MP,primary
Qaala,20:88:7,qaAlu,قَالُ,qaAla,V,P,3MP,primary
Qaala,20:90:2,qaAla,قَالَ,qaAla,V,S,3MS,primary
Qaala,20:91:1,qaAlu,قَالُ,qaAla,V,P,3MP,primary
Qaala,20:92:1,qaAla,قَالَ,qaAla,V,S,3MS,primary
Qaala,20:94:1,qaAla,قَالَ,qaAla,V,S,3MS,primary
Qaala,20:94:11,taquwla,تَقُولَ,qaAla,V,S,2MS,primary
Qaala,20:95:1,qaAla,قَالَ,qaAla,V,S,3MS,primary
Qaala,20:96:1,qaAla,قَالَ,qaAla,V,S,3MS,primary
Qaala,20:97:1,qaAla,قَالَ,qaAla,V,S,3MS,primary
Qaala,20:97:8,taquwla,تَقُولَ,qaAla,V,S,2MS,primary
Qaala,20:104:4,yaquwlu,يَقُولُ,qaAla,V,P,3MP,primary
Qaala,20:104:6,yaquwlu,يَقُولُ,qaAla,V,S,3MS,primary
Qaala,20:105:4,qulo,قُلْ,qaAla,V,S,2MS,primary
Qaala,20:114:14,qul,قُل,qaAla,V,S,2MS,primary
Qaala,20:116:2,qulo,قُلْ,qaAla,V,P,1P,primary
Qaala,20:117:1,qulo,قُلْ,qaAla,V,P,1P,primary
Qaala,20:120:4,qaAla,قَالَ,qaAla,V,S,3MS,primary
Qaala,20:123:1,qaAla,قَالَ,qaAla,V,S,3MS,primary
Qaala,20:125:1,qaAla,قَالَ,qaAla,V,S,3MS,primary
Qaala,20:126:1,qaAla,قَالَ,qaAla,V,S,3MS,primary
Qaala,20:130:4,yaquwlu,يَقُولُ,qaAla,V,P,3MP,primary
Qaala,20:133:1,qaAlu,قَالُ,qaAla,V,P,3MP,primary
Qaala,20:134:7,qaAlu,قَالُ,qaAla,V,P,3MP,primary
Qaala,20:135:1,qulo,قُلْ,qaAla,V,S,2MS,primary
Qaala,21:4:1,qaAla,قَالَ,qaAla,V,S,3MS,primary
Qaala,21:5:2,qaAlu,قَالُ,qaAla,V,P,3MP,primary
Qaala,21:14:1,qaAlu,قَالُ,qaAla,V,P,3MP,primary
Qaala,21:24:6,qulo,قُلْ,qaAla,V,S,2MS,primary
Qaala,21:26:1,qaAlu,قَالُ,qaAla,V,P,3MP,primary
Qaala,21:29:2,yaqulo,يَقُلْ,qaAla,V,S,3MS,primary
Qaala,21:38:1,yaquwlu,يَقُولُ,qaAla,V,P,3MP,primary
Qaala,21:42:1,qulo,قُلْ,qaAla,V,S,2MS,primary
Qaala,21:45:1,qulo,قُلْ,qaAla,V,S,2MS,primary
Qaala,21:46:7,yaquwlu,يَقُولُ,qaAla,V,P,3MP,primary
Qaala,21:52:2,qaAla,قَالَ,qaAla,V,S,3MS,primary
Qaala,21:53:1,qaAlu,قَالُ,qaAla,V,P,3MP,primary
Qaala,21:54:1,qaAla,قَالَ,qaAla,V,S,3MS,primary
Qaala,21:55:1,qaAlu,قَالُ,qaAla,V,P,3MP,primary
Qaala,21:56:1,qaAla,قَالَ,qaAla,V,S,3MS,primary
Qaala,21:59:1,qaAlu,قَالُ,qaAla,V,P,3MP,primary
Qaala,21:60:1,qaAlu,قَالُ,qaAla,V,P,3MP,primary
Qaala,21:60:5,yuqaAlu,يُقَالُ,qaAla,V,S,3MS,primary
Qaala,21:61:1,qaAlu,قَالُ,qaAla,V,P,3MP,primary
Qaala,21:62:1,qaAlu,قَالُ,qaAla,V,P,3MP,primary
Qaala,21:63:1,qaAla,قَالَ,qaAla,V,S,3MS,primary
Qaala,21:64:4,qaAlu,قَالُ,qaAla,V,P,3MP,primary
Qaala,21:66:1,qaAla,قَالَ,qaAla,V,S,3MS,primary
Qaala,21:68:1,qaAlu,قَالُ,qaAla,V,P,3MP,primary
Qaala,21:69:1,qulo,قُلْ,qaAla,V,P,1P,primary
Qaala,21:108:1,qulo,قُلْ,qaAla,V,S,2MS,primary
Qaala,21:109:3,qulo,قُلْ,qaAla,V,S,2MS,primary
Qaala,21:112:1,qa`la,قَٰلَ,qaAla,V,S,3MS,primary
Qaala,22:40:9,yaquwlu,يَقُولُ,qaAla,V,P,3MP,primary
Qaala,22:49:1,qulo,قُلْ,qaAla,V,S,2MS,primary
Qaala,22:68:3,quli,قُلِ,qaAla,V,S,2MS,primary
Qaala,22:72:18,qulo,قُلْ,qaAla,V,S,2MS,primary
Qaala,23:23:6,qaAla,قَالَ,qaAla,V,S,3MS,primary
Qaala,23:24:1,qaAla,قَالَ,qaAla,V,S,3MS,primary
Qaala,23:26:1,qaAla,قَالَ,qaAla,V,S,3MS,primary
Qaala,23:28:8,quli,قُلِ,qaAla,V,S,2MS,primary
Qaala,23:29:1,qul,قُل,qaAla,V,S,2MS,primary
Qaala,23:33:1,qaAla,قَالَ,qaAla,V,S,3MS,primary
Qaala,23:39:1,qaAla,قَالَ,qaAla,V,S,3MS,primary
Qaala,23:40:1,qaAla,قَالَ,qaAla,V,S,3MS,primary
Qaala,23:47:1,qaAlu,قَالُ,qaAla,V,P,3MP,primary
Qaala,23:70:2,yaquwlu,يَقُولُ,qaAla,V,P,3MP,primary
Qaala,23:81:2,qaAlu,قَالُ,qaAla,V,P,3MP,primary
Qaala,23:81:5,qaAla,قَالَ,qaAla,V,S,3MS,primary
Qaala,23:82:1,qaAlu,قَالُ,qaAla,V,P,3MP,primary
Qaala,23:84:1,qul,قُل,qaAla,V,S,2MS,primary
Qaala,23:85:1,yaquwlu,يَقُولُ,qaAla,V,P,3MP,primary
Qaala,23:85:3,qulo,قُلْ,qaAla,V,S,2MS,primary
Qaala,23:86:1,qulo,قُلْ,qaAla,V,S,2MS,primary
Qaala,23:87:1,yaquwlu,يَقُولُ,qaAla,V,P,3MP,primary
Qaala,23:87:3,qulo,قُلْ,qaAla,V,S,2MS,primary
Qaala,23:88:1,qulo,قُلْ,qaAla,V,S,2MS,primary
Qaala,23:89:1,yaquwlu,يَقُولُ,qaAla,V,P,3MP,primary
Qaala,23:89:3,qulo,قُلْ,qaAla,V,S,2MS,primary
Qaala,23:93:1,qul,قُل,qaAla,V,S,2MS,primary
Qaala,23:97:1,qul,قُل,qaAla,V,S,2MS,primary
Qaala,23:99:6,qaAla,قَالَ,qaAla,V,S,3MS,primary
Qaala,23:106:1,qaAlu,قَالُ,qaAla,V,P,3MP,primary
Qaala,23:108:1,qaAla,قَالَ,qaAla,V,S,3MS,primary
Qaala,23:109:6,yaquwlu,يَقُولُ,qaAla,V,P,3MP,primary
Qaala,23:112:1,qa`la,قَٰلَ,qaAla,V,S,3MS,primary
Qaala,23:113:1,qaAlu,قَالُ,qaAla,V,P,3MP,primary
Qaala,23:114:1,qa`la,قَٰلَ,qaAla,V,S,3MS,primary
Qaala,23:118:1,qul,قُل,qaAla,V,S,2MS,primary
Qaala,24:12:9,qaAlu,قَالُ,qaAla,V,P,3MP,primary
Qaala,24:15:4,taquwlu,تَقُولُ,qaAla,V,P,2MP,primary
Qaala,24:16:4,qulo,قُلْ,qaAla,V,P,2MP,primary
Qaala,24:26:12,yaquwlu,يَقُولُ,qaAla,V,P,3MP,primary
Qaala,24:28:12,qiyla,قِيلَ,qaAla,V,S,3MS,primary
Qaala,24:30:1,qul,قُل,qaAla,V,S,2MS,primary
Qaala,24:31:1,qul,قُل,qaAla,V,S,2MS,primary
Qaala,24:47:1,yaquwlu,يَقُولُ,qaAla,V,P,3MP,primary
Qaala,24:51:13,yaquwlu,يَقُولُ,qaAla,V,P,3MP,primary
Qaala,24:53:8,qul,قُل,qaAla,V,S,2MS,primary
Qaala,24:54:1,qulo,قُلْ,qaAla,V,S,2MS,primary
Qaala,25:4:1,qaAla,قَالَ,qaAla,V,S,3MS,primary
Qaala,25:5:1,qaAlu,قَالُ,qaAla,V,P,3MP,primary
Qaala,25:6:1,qulo,قُلْ,qaAla,V,S,2MS,primary
Qaala,25:7:1,qaAlu,قَالُ,qaAla,V,P,3MP,primary
Qaala,25:8:11,qaAla,قَالَ,qaAla,V,S,3MS,primary
Qaala,25:15:1,qulo,قُلْ,qaAla,V,S,2MS,primary
Qaala,25:17:8,yaquwlu,يَقُولُ,qaAla,V,S,3MS,primary
Qaala,25:18:1,qaAlu,قَالُ,qaAla,V,P,3MP,primary
Qaala,25:19:4,taquwlu,تَقُولُ,qaAla,V,P,2MP,primary
Qaala,25:21:1,qaAla,قَالَ,qaAla,V,S,3MS,primary
Qaala,25:22:8,yaquwlu,يَقُولُ,qaAla,V,P,3MP,primary
Qaala,25:27:6,yaquwlu,يَقُولُ,qaAla,V,S,3MS,primary
Qaala,25:30:1,qaAla,قَالَ,qaAla,V,S,3MS,primary
Qaala,25:32:1,qaAla,قَالَ,qaAla,V,S,3MS,primary
Qaala,25:36:1,qulo,قُلْ,qaAla,V,P,1P,primary
Qaala,25:57:1,qulo,قُلْ,qaAla,V,S,2MS,primary
Qaala,25:60:2,qiyla,قِيلَ,qaAla,V,S,3MS,primary
Qaala,25:60:6,qaAlu,قَالُ,qaAla,V,P,3MP,primary
Qaala,25:63:11,qaAlu,قَالُ,qaAla,V,P,3MP,primary
Qaala,25:65:2,yaquwlu,يَقُولُ,qaAla,V,P,3MP,primary
Qaala,25:74:2,yaquwlu,يَقُولُ,qaAla,V,P,3MP,primary
Qaala,25:77:1,qulo,قُلْ,qaAla,V,S,2MS,primary
Qaala,26:12:1,qaAla,قَالَ,qaAla,V,S,3MS,primary
Qaala,26:15:1,qaAla,قَالَ,qaAla,V,S,3MS,primary
Qaala,26:16:3,quwla,قُولَ,qaAla,V,D,2D,primary
Qaala,26:18:1,qaAla,قَالَ,qaAla,V,S,3MS,primary
Qaala,26:20:1,qaAla,قَالَ,qaAla,V,S,3MS,primary
Qaala,26:23:1,qaAla,قَالَ,qaAla,V,S,3MS,primary
Qaala,26:24:1,qaAla,قَالَ,qaAla,V,S,3MS,primary
Qaala,26:25:1,qaAla,قَالَ,qaAla,V,S,3MS,primary
Qaala,26:26:1,qaAla,قَالَ,qaAla,V,S,3MS,primary
Qaala,26:27:1,qaAla,قَالَ,qaAla,V,S,3MS,primary
Qaala,26:28:1,qaAla,قَالَ,qaAla,V,S,3MS,primary
Qaala,26:29:1,qaAla,قَالَ,qaAla,V,S,3MS,primary
Qaala,26:30:1,qaAla,قَالَ,qaAla,V,S,3MS,primary
Qaala,26:31:1,qaAla,قَالَ,qaAla,V,S,3MS,primary
Qaala,26:34:1,qaAla,قَالَ,qaAla,V,S,3MS,primary
Qaala,26:36:1,qaAlu,قَالُ,qaAla,V,P,3MP,primary
Qaala,26:39:1,qiyla,قِيلَ,qaAla,V,S,3MS,primary
Qaala,26:41:4,qaAlu,قَالُ,qaAla,V,P,3MP,primary
Qaala,26:42:1,qaAla,قَالَ,qaAla,V,S,3MS,primary
Qaala,26:43:1,qaAla,قَالَ,qaAla,V,S,3MS,primary
Qaala,26:44:4,qaAlu,قَالُ,qaAla,V,P,3MP,primary
Qaala,26:47:1,qaAlu,قَالُ,qaAla,V,P,3MP,primary
Qaala,26:49:1,qaAla,قَالَ,qaAla,V,S,3MS,primary
Qaala,26:50:1,qaAlu,قَالُ,qaAla,V,P,3MP,primary
Qaala,26:61:4,qaAla,قَالَ,qaAla,V,S,3MS,primary
Qaala,26:62:1,qaAla,قَالَ,qaAla,V,S,3MS,primary
Qaala,26:70:2,qaAla,قَالَ,qaAla,V,S,3MS,primary
Qaala,26:71:1,qaAlu,قَالُ,qaAla,V,P,3MP,primary
Qaala,26:72:1,qaAla,قَالَ,qaAla,V,S,3MS,primary
Qaala,26:74:1,qaAlu,قَالُ,qaAla,V,P,3MP,primary
Qaala,26:75:1,qaAla,قَالَ,qaAla,V,S,3MS,primary
Qaala,26:92:1,qiyla,قِيلَ,qaAla,V,S,3MS,primary
Qaala,26:96:1,qaAlu,قَالُ,qaAla,V,P,3MP,primary
Qaala,26:106:2,qaAla,قَالَ,qaAla,V,S,3MS,primary
Qaala,26:111:1,qaAlu,قَالُ,qaAla,V,P,3MP,primary
Qaala,26:112:1,qaAla,قَالَ,qaAla,V,S,3MS,primary
Qaala,26:116:1,qaAlu,قَالُ,qaAla,V,P,3MP,primary
Qaala,26:117:1,qaAla,قَالَ,qaAla,V,S,3MS,primary
Qaala,26:124:2,qaAla,قَالَ,qaAla,V,S,3MS,primary
Qaala,26:136:1,qaAlu,قَالُ,qaAla,V,P,3MP,primary
Qaala,26:142:2,qaAla,قَالَ,qaAla,V,S,3MS,primary
Qaala,26:153:1,qaAlu,قَالُ,qaAla,V,P,3MP,primary
Qaala,26:155:1,qaAla,قَالَ,qaAla,V,S,3MS,primary
Qaala,26:161:2,qaAla,قَالَ,qaAla,V,S,3MS,primary
Qaala,26:167:1,qaAlu,قَالُ,qaAla,V,P,3MP,primary
Qaala,26:168:1,qaAla,قَالَ,qaAla,V,S,3MS,primary
Qaala,26:177:2,qaAla,قَالَ,qaAla,V,S,3MS,primary
Qaala,26:185:1,qaAlu,قَالُ,qaAla,V,P,3MP,primary
Qaala,26:188:1,qaAla,قَالَ,qaAla,V,S,3MS,primary
Qaala,26:203:1,yaquwlu,يَقُولُ,qaAla,V,P,3MP,primary
Qaala,26:216:3,qulo,قُلْ,qaAla,V,S,2MS,primary
Qaala,26:226:2,yaquwlu,يَقُولُ,qaAla,V,P,3MP,primary
Qaala,27:7:2,qaAla,قَالَ,qaAla,V,S,3MS,primary
Qaala,27:13:5,qaAlu,قَالُ,qaAla,V,P,3MP,primary
Qaala,27:15:6,qaAla,قَالَ,qaAla,V,D,3MD,primary
Qaala,27:16:4,qaAla,قَالَ,qaAla,V,S,3MS,primary
Qaala,27:18:7,qaAlato,قَالَتْ,qaAla,V,S,3FS,primary
Qaala,27:19:5,qaAla,قَالَ,qaAla,V,S,3MS,primary
Qaala,27:20:3,qaAla,قَالَ,qaAla,V,S,3MS,primary
Qaala,27:22:4,qaAla,قَالَ,qaAla,V,S,3MS,primary
Qaala,27:27:1,qaAla,قَالَ,qaAla,V,S,3MS,primary
Qaala,27:29:1,qaAlato,قَالَتْ,qaAla,V,S,3FS,primary
Qaala,27:32:1,qaAlato,قَالَتْ,qaAla,V,S,3FS,primary
Qaala,27:33:1,qaAlu,قَالُ,qaAla,V,P,3MP,primary
Qaala,27:34:1,qaAlato,قَالَتْ,qaAla,V,S,3FS,primary
Qaala,27:36:4,qaAla,قَالَ,qaAla,V,S,3MS,primary
Qaala,27:38:1,qaAla,قَالَ,qaAla,V,S,3MS,primary
Qaala,27:39:1,qaAla,قَالَ,qaAla,V,S,3MS,primary
Qaala,27:40:1,qaAla,قَالَ,qaAla,V,S,3MS,primary
Qaala,27:40:19,qaAla,قَالَ,qaAla,V,S,3MS,primary
Qaala,27:41:1,qaAla,قَالَ,qaAla,V,S,3MS,primary
Qaala,27:42:3,qiyla,قِيلَ,qaAla,V,S,3MS,primary
Qaala,27:42:6,qaAlato,قَالَتْ,qaAla,V,S,3FS,primary
Qaala,27:44:1,qiyla,قِيلَ,qaAla,V,S,3MS,primary
Qaala,27:44:12,qaAla,قَالَ,qaAla,V,S,3MS,primary
Qaala,27:44:18,qaAlato,قَالَتْ,qaAla,V,S,3FS,primary
Qaala,27:46:1,qaAla,قَالَ,qaAla,V,S,3MS,primary
Qaala,27:47:1,qaAlu,قَالُ,qaAla,V,P,3MP,primary
Qaala,27:47:6,qaAla,قَالَ,qaAla,V,S,3MS,primary
Qaala,27:49:1,qaAlu,قَالُ,qaAla,V,P,3MP,primary
Qaala,27:49:7,naquwla,نَقُولَ,qaAla,V,P,1P,primary
Qaala,27:54:3,qaAla,قَالَ,qaAla,V,S,3MS,primary
Qaala,27:56:7,qaAlu,قَالُ,qaAla,V,P,3MP,primary
Qaala,27:59:1,quli,قُلِ,qaAla,V,S,2MS,primary
Qaala,27:64:14,qulo,قُلْ,qaAla,V,S,2MS,primary
Qaala,27:65:1,qul,قُل,qaAla,V,S,2MS,primary
Qaala,27:67:1,qaAla,قَالَ,qaAla,V,S,3MS,primary
Qaala,27:69:1,qulo,قُلْ,qaAla,V,S,2MS,primary
Qaala,27:71:1,yaquwlu,يَقُولُ,qaAla,V,P,3MP,primary
Qaala,27:72:1,qulo,قُلْ,qaAla,V,S,2MS,primary
Qaala,27:84:4,qaAla,قَالَ,qaAla,V,S,3MS,primary
Qaala,27:92:11,qulo,قُلْ,qaAla,V,S,2MS,primary
Qaala,27:93:1,quli,قُلِ,qaAla,V,S,2MS,primary
Qaala,28:9:1,qaAlati,قَالَتِ,qaAla,V,S,3FS,primary
Qaala,28:11:1,qaAlato,قَالَتْ,qaAla,V,S,3FS,primary
Qaala,28:12:6,qaAlato,قَالَتْ,qaAla,V,S,3FS,primary
Qaala,28:15:30,qaAla,قَالَ,qaAla,V,S,3MS,primary
Qaala,28:16:1,qaAla,قَالَ,qaAla,V,S,3MS,primary
Qaala,28:17:1,qaAla,قَالَ,qaAla,V,S,3MS,primary
Qaala,28:18:11,qaAla,قَالَ,qaAla,V,S,3MS,primary
Qaala,28:19:10,qaAla,قَالَ,qaAla,V,S,3MS,primary
Qaala,28:20:7,qaAla,قَالَ,qaAla,V,S,3MS,primary
Qaala,28:21:5,qaAla,قَالَ,qaAla,V,S,3MS,primary
Qaala,28:22:5,qaAla,قَالَ,qaAla,V,S,3MS,primary
Qaala,28:23:16,qaAla,قَالَ,qaAla,V,S,3MS,primary
Qaala,28:23:19,qaAla,قَالَ,qaAla,V,D,3FD,primary
Qaala,28:24:7,qaAla,قَالَ,qaAla,V,S,3MS,primary
Qaala,28:25:6,qaAlato,قَالَتْ,qaAla,V,S,3FS,primary
Qaala,28:25:20,qaAla,قَالَ,qaAla,V,S,3MS,primary
Qaala,28:26:1,qaAlato,قَالَتْ,qaAla,V,S,3FS,primary
Qaala,28:27:1,qaAla,قَالَ,qaAla,V,S,3MS,primary
Qaala,28:28:1,qaAla,قَالَ,qaAla,V,S,3MS,primary
Qaala,28:28:14,naquwlu,نَقُولُ,qaAla,V,P,1P,primary
Qaala,28:29:12,qaAla,قَالَ,qaAla,V,S,3MS,primary
Qaala,28:33:1,qaAla,قَالَ,qaAla,V,S,3MS,primary
Qaala,28:35:1,qaAla,قَالَ,qaAla,V,S,3MS,primary
Qaala,28:36:6,qaAlu,قَالُ,qaAla,V,P,3MP,primary
Qaala,28:37:1,qaAla,قَالَ,qaAla,V,S,3MS,primary
Qaala,28:38:1,qaAla,قَالَ,qaAla,V,S,3MS,primary
Qaala,28:47:8,yaquwlu,يَقُولُ,qaAla,V,P,3MP,primary
Qaala,28:48:6,qaAlu,قَالُ,qaAla,V,P,3MP,primary
Qaala,28:48:20,qaAlu,قَالُ,qaAla,V,P,3MP,primary
Qaala,28:48:23,qaAlu,قَالُ,qaAla,V,P,3MP,primary
Qaala,28:49:1,qulo,قُلْ,qaAla,V,S,2MS,primary
Qaala,28:53:4,qaAlu,قَالُ,qaAla,V,P,3MP,primary
Qaala,28:55:6,qaAlu,قَالُ,qaAla,V,P,3MP,primary
Qaala,28:57:1,qaAlu,قَالُ,qaAla,V,P,3MP,primary
Qaala,28:62:3,yaquwlu,يَقُولُ,qaAla,V,S,3MS,primary
Qaala,28:63:1,qaAla,قَالَ,qaAla,V,S,3MS,primary
Qaala,28:64:1,qiyla,قِيلَ,qaAla,V,S,3MS,primary
Qaala,28:65:3,yaquwlu,يَقُولُ,qaAla,V,S,3MS,primary
Qaala,28:71:1,qulo,قُلْ,qaAla,V,S,2MS,primary
Qaala,28:72:1,qulo,قُلْ,qaAla,V,S,2MS,primary
Qaala,28:74:3,yaquwlu,يَقُولُ,qaAla,V,S,3MS,primary
Qaala,28:75:6,qulo,قُلْ,qaAla,V,P,1P,primary
Qaala,28:76:20,qaAla,قَالَ,qaAla,V,S,3MS,primary
Qaala,28:78:1,qaAla,قَالَ,qaAla,V,S,3MS,primary
Qaala,28:79:6,qaAla,قَالَ,qaAla,V,S,3MS,primary
Qaala,28:80:1,qaAla,قَالَ,qaAla,V,S,3MS,primary
Qaala,28:82:6,yaquwlu,يَقُولُ,qaAla,V,P,3MP,primary
Qaala,28:85:9,qul,قُل,qaAla,V,S,2MS,primary
Qaala,29:2:6,yaquwlu,يَقُولُ,qaAla,V,P,3MP,primary
Qaala,29:10:4,yaquwlu,يَقُولُ,qaAla,V,S,3MS,primary
Qaala,29:10:21,yaquwlu,يَقُولُ,qaAla,V,P,3MP,primary
Qaala,29:12:1,qaAla,قَالَ,qaAla,V,S,3MS,primary
Qaala,29:16:3,qaAla,قَالَ,qaAla,V,S,3MS,primary
Qaala,29:20:1,qulo,قُلْ,qaAla,V,S,2MS,primary
Qaala,29:24:7,qaAlu,قَالُ,qaAla,V,P,3MP,primary
Qaala,29:25:1,qaAla,قَالَ,qaAla,V,S,3MS,primary
Qaala,29:26:4,qaAla,قَالَ,qaAla,V,S,3MS,primary
Qaala,29:28:3,qaAla,قَالَ,qaAla,V,S,3MS,primary
Qaala,29:29:16,qaAlu,قَالُ,qaAla,V,P,3MP,primary
Qaala,29:30:1,qaAla,قَالَ,qaAla,V,S,3MS,primary
Qaala,29:31:6,qaAlu,قَالُ,qaAla,V,P,3MP,primary
Qaala,29:32:1,qaAla,قَالَ,qaAla,V,S,3MS,primary
Qaala,29:32:5,qaAlu,قَالُ,qaAla,V,P,3MP,primary
Qaala,29:33:11,qaAlu,قَالُ,qaAla,V,P,3MP,primary
Qaala,29:36:5,qaAla,قَالَ,qaAla,V,S,3MS,primary
Qaala,29:46:13,quwlu,قُولُ,qaAla,V,P,2MP,primary
Qaala,29:50:1,qaAlu,قَالُ,qaAla,V,P,3MP,primary
Qaala,29:50:8,qulo,قُلْ,qaAla,V,S,2MS,primary
Qaala,29:52:1,qulo,قُلْ,qaAla,V,S,2MS,primary
Qaala,29:55:9,yaquwlu,يَقُولُ,qaAla,V,S,3MS,primary
Qaala,29:61:10,yaquwlu,يَقُولُ,qaAla,V,P,3MP,primary
Qaala,29:63:14,yaquwlu,يَقُولُ,qaAla,V,P,3MP,primary
Qaala,29:63:16,quli,قُلِ,qaAla,V,S,2MS,primary
Qaala,30:42:1,qulo,قُلْ,qaAla,V,S,2MS,primary
Qaala,30:56:1,qaAla,قَالَ,qaAla,V,S,3MS,primary
Qaala,30:58:13,yaquwla,يَقُولَ,qaAla,V,S,3MS,primary
Qaala,31:13:2,qaAla,قَالَ,qaAla,V,S,3MS,primary
Qaala,31:21:2,qiyla,قِيلَ,qaAla,V,S,3MS,primary
Qaala,31:21:8,qaAlu,قَالُ,qaAla,V,P,3MP,primary
Qaala,31:25:7,yaquwlu,يَقُولُ,qaAla,V,P,3MP,primary
Qaala,31:25:9,quli,قُلِ,qaAla,V,S,2MS,primary
Qaala,32:3:2,yaquwlu,يَقُولُ,qaAla,V,P,3MP,primary
Qaala,32:10:1,qaAlu,قَالُ,qaAla,V,P,3MP,primary
Qaala,32:11:1,qulo,قُلْ,qaAla,V,S,2MS,primary
Qaala,32:20:13,qiyla,قِيلَ,qaAla,V,S,3MS,primary
Qaala,32:28:1,yaquwlu,يَقُولُ,qaAla,V,P,3MP,primary
Qaala,32:29:1,qulo,قُلْ,qaAla,V,S,2MS,primary
Qaala,33:4:24,yaquwlu,يَقُولُ,qaAla,V,S,3MS,primary
Qaala,33:12:2,yaquwlu,يَقُولُ,qaAla,V,S,3MS,primary
Qaala,33:13:2,qaAlat,قَالَت,qaAla,V,S,3FS,primary
Qaala,33:13:15,yaquwlu,يَقُولُ,qaAla,V,P,3MP,primary
Qaala,33:16:1,qul,قُل,qaAla,V,S,2MS,primary
Qaala,33:17:1,qulo,قُلْ,qaAla,V,S,2MS,primary
Qaala,33:22:5,qaAlu,قَالُ,qaAla,V,P,3MP,primary
Qaala,33:28:3,qul,قُل,qaAla,V,S,2MS,primary
Qaala,33:32:17,qulo,قُلْ,qaAla,V,P,2FP,primary
Qaala,33:37:2,taquwlu,تَقُولُ,qaAla,V,S,2MS,primary
Qaala,33:59:3,qul,قُل,qaAla,V,S,2MS,primary
Qaala,33:63:5,qulo,قُلْ,qaAla,V,S,2MS,primary
Qaala,33:66:6,yaquwlu,يَقُولُ,qaAla,V,P,3MP,primary
Qaala,33:67:1,qaAlu,قَالُ,qaAla,V,P,3MP,primary
Qaala,33:69:12,qaAlu,قَالُ,qaAla,V,P,3MP,primary
Qaala,33:70:6,quwlu,قُولُ,qaAla,V,P,2MP,primary
Qaala,34:3:1,qaAla,قَالَ,qaAla,V,S,3MS,primary
Qaala,34:3:7,qulo,قُلْ,qaAla,V,S,2MS,primary
Qaala,34:7:1,qaAla,قَالَ,qaAla,V,S,3MS,primary
Qaala,34:19:1,qaAlu,قَالُ,qaAla,V,P,3MP,primary
Qaala,34:22:1,quli,قُلِ,qaAla,V,S,2MS,primary
Qaala,34:23:14,qaAlu,قَالُ,qaAla,V,P,3MP,primary
Qaala,34:23:16,qaAla,قَالَ,qaAla,V,S,3MS,primary
Qaala,34:23:18,qaAlu,قَالُ,qaAla,V,P,3MP,primary
Qaala,34:24:1,qulo,قُلْ,qaAla,V,S,2MS,primary
Qaala,34:24:7,quli,قُلِ,qaAla,V,S,2MS,primary
Qaala,34:25:1,qul,قُل,qaAla,V,S,2MS,primary
Qaala,34:26:1,qulo,قُلْ,qaAla,V,S,2MS,primary
Qaala,34:27:1,qulo,قُلْ,qaAla,V,S,2MS,primary
Qaala,34:29:1,yaquwlu,يَقُولُ,qaAla,V,P,3MP,primary
Qaala,34:30:1,qul,قُل,qaAla,V,S,2MS,primary
Qaala,34:31:1,qaAla,قَالَ,qaAla,V,S,3MS,primary
Qaala,34:31:24,yaquwlu,يَقُولُ,qaAla,V,S,3MS,primary
Qaala,34:32:1,qaAla,قَالَ,qaAla,V,S,3MS,primary
Qaala,34:33:1,qaAla,قَالَ,qaAla,V,S,3MS,primary
Qaala,34:34:8,qaAla,قَالَ,qaAla,V,S,3MS,primary
Qaala,34:35:1,qaAlu,قَالُ,qaAla,V,P,3MP,primary
Qaala,34:36:1,qulo,قُلْ,qaAla,V,S,2MS,primary
Qaala,34:39:1,qulo,قُلْ,qaAla,V,S,2MS,primary
Qaala,34:40:5,yaquwlu,يَقُولُ,qaAla,V,S,3MS,primary
Qaala,34:41:1,qaAlu,قَالُ,qaAla,V,P,3MP,primary
Qaala,34:42:9,naquwlu,نَقُولُ,qaAla,V,P,1P,primary
Qaala,34:43:6,qaAlu,قَالُ,qaAla,V,P,3MP,primary
Qaala,34:43:18,qaAlu,قَالُ,qaAla,V,P,3MP,primary
Qaala,34:43:24,qaAla,قَالَ,qaAla,V,S,3MS,primary
Qaala,34:46:1,qulo,قُلْ,qaAla,V,S,2MS,primary
Qaala,34:47:1,qulo,قُلْ,qaAla,V,S,2MS,primary
Qaala,34:48:1,qulo,قُلْ,qaAla,V,S,2MS,primary
Qaala,34:49:1,qulo,قُلْ,qaAla,V,S,2MS,primary
Qaala,34:50:1,qulo,قُلْ,qaAla,V,S,2MS,primary
Qaala,34:52:1,qaAlu,قَالُ,qaAla,V,P,3MP,primary
Qaala,35:34:1,qaAlu,قَالُ,qaAla,V,P,3MP,primary
Qaala,35:40:1,qulo,قُلْ,qaAla,V,S,2MS,primary
Qaala,36:14:8,qaAlu,قَالُ,qaAla,V,P,3MP,primary
Qaala,36:15:1,qaAlu,قَالُ,qaAla,V,P,3MP,primary
Qaala,36:16:1,qaAlu,قَالُ,qaAla,V,P,3MP,primary
Qaala,36:18:1,qaAlu,قَالُ,qaAla,V,P,3MP,primary
Qaala,36:19:1,qaAlu,قَالُ,qaAla,V,P,3MP,primary
Qaala,36:20:7,qaAla,قَالَ,qaAla,V,S,3MS,primary
Qaala,36:26:1,qiyla,قِيلَ,qaAla,V,S,3MS,primary
Qaala,36:26:4,qaAla,قَالَ,qaAla,V,S,3MS,primary
Qaala,36:45:2,qiyla,قِيلَ,qaAla,V,S,3MS,primary
Qaala,36:47:2,qiyla,قِيلَ,qaAla,V,S,3MS,primary
Qaala,36:47:8,qaAla,قَالَ,qaAla,V,S,3MS,primary
Qaala,36:48:1,yaquwlu,يَقُولُ,qaAla,V,P,3MP,primary
Qaala,36:52:1,qaAlu,قَالُ,qaAla,V,P,3MP,primary
Qaala,36:78:6,qaAla,قَالَ,qaAla,V,S,3MS,primary
Qaala,36:79:1,qulo,قُلْ,qaAla,V,S,2MS,primary
Qaala,36:82:7,yaquwla,يَقُولَ,qaAla,V,S,3MS,primary
Qaala,37:15:1,qaAlu,قَالُ,qaAla,V,P,3MP,primary
Qaala,37:18:1,qulo,قُلْ,qaAla,V,S,2MS,primary
Qaala,37:20:1,qaAlu,قَالُ,qaAla,V,P,3MP,primary
Qaala,37:28:1,qaAlu,قَالُ,qaAla,V,P,3MP,primary
Qaala,37:29:1,qaAlu,قَالُ,qaAla,V,P,3MP,primary
Qaala,37:35:4,qiyla,قِيلَ,qaAla,V,S,3MS,primary
Qaala,37:36:1,yaquwlu,يَقُولُ,qaAla,V,P,3MP,primary
Qaala,37:51:1,qaAla,قَالَ,qaAla,V,S,3MS,primary
Qaala,37:52:1,yaquwlu,يَقُولُ,qaAla,V,S,3MS,primary
Qaala,37:54:1,qaAla,قَالَ,qaAla,V,S,3MS,primary
Qaala,37:56:1,qaAla,قَالَ,qaAla,V,S,3MS,primary
Qaala,37:85:2,qaAla,قَالَ,qaAla,V,S,3MS,primary
Qaala,37:89:1,qaAla,قَالَ,qaAla,V,S,3MS,primary
Qaala,37:91:4,qaAla,قَالَ,qaAla,V,S,3MS,primary
Qaala,37:95:1,qaAla,قَالَ,qaAla,V,S,3MS,primary
Qaala,37:97:1,qaAlu,قَالُ,qaAla,V,P,3MP,primary
Qaala,37:99:1,qaAla,قَالَ,qaAla,V,S,3MS,primary
Qaala,37:102:5,qaAla,قَالَ,qaAla,V,S,3MS,primary
Qaala,37:102:16,qaAla,قَالَ,qaAla,V,S,3MS,primary
Qaala,37:124:2,qaAla,قَالَ,qaAla,V,S,3MS,primary
Qaala,37:151:5,yaquwlu,يَقُولُ,qaAla,V,P,3MP,primary
Qaala,37:167:3,yaquwlu,يَقُولُ,qaAla,V,P,3MP,primary
Qaala,38:4:6,qaAla,قَالَ,qaAla,V,S,3MS,primary
Qaala,38:16:1,qaAlu,قَالُ,qaAla,V,P,3MP,primary
Qaala,38:17:4,yaquwlu,يَقُولُ,qaAla,V,P,3MP,primary
Qaala,38:22:7,qaAlu,قَالُ,qaAla,V,P,3MP,primary
Qaala,38:23:11,qaAla,قَالَ,qaAla,V,S,3MS,primary
Qaala,38:24:1,qaAla,قَالَ,qaAla,V,S,3MS,primary
Qaala,38:32:1,qaAla,قَالَ,qaAla,V,S,3MS,primary
Qaala,38:35:1,qaAla,قَالَ,qaAla,V,S,3MS,primary
Qaala,38:60:1,qaAlu,قَالُ,qaAla,V,P,3MP,primary
Qaala,38:61:1,qaAlu,قَالُ,qaAla,V,P,3MP,primary
Qaala,38:62:1,qaAlu,قَالُ,qaAla,V,P,3MP,primary
Qaala,38:65:1,qulo,قُلْ,qaAla,V,S,2MS,primary
Qaala,38:67:1,qulo,قُلْ,qaAla,V,S,2MS,primary
Qaala,38:71:2,qaAla,قَالَ,qaAla,V,S,3MS,primary
Qaala,38:75:1,qaAla,قَالَ,qaAla,V,S,3MS,primary
Qaala,38:76:1,qaAla,قَالَ,qaAla,V,S,3MS,primary
Qaala,38:77:1,qaAla,قَالَ,qaAla,V,S,3MS,primary
Qaala,38:79:1,qaAla,قَالَ,qaAla,V,S,3MS,primary
Qaala,38:80:1,qaAla,قَالَ,qaAla,V,S,3MS,primary
Qaala,38:82:1,qaAla,قَالَ,qaAla,V,S,3MS,primary
Qaala,38:84:1,qaAla,قَالَ,qaAla,V,S,3MS,primary
Qaala,38:84:4,>aquwlu,أَقُولُ,qaAla,V,S,1S,primary
Qaala,38:86:1,qulo,قُلْ,qaAla,V,S,2MS,primary
Qaala,39:8:27,qulo,قُلْ,qaAla,V,S,2MS,primary
Qaala,39:9:13,qulo,قُلْ,qaAla,V,S,2MS,primary
Qaala,39:10:1,qulo,قُلْ,qaAla,V,S,2MS,primary
Qaala,39:11:1,qulo,قُلْ,qaAla,V,S,2MS,primary
Qaala,39:13:1,qulo,قُلْ,qaAla,V,S,2MS,primary
Qaala,39:14:1,quli,قُلِ,qaAla,V,S,2MS,primary
Qaala,39:15:6,qulo,قُلْ,qaAla,V,S,2MS,primary
Qaala,39:24:8,qiyla,قِيلَ,qaAla,V,S,3MS,primary
Qaala,39:38:7,yaquwlu,يَقُولُ,qaAla,V,P,3MP,primary
Qaala,39:38:9,qulo,قُلْ,qaAla,V,S,2MS,primary
Qaala,39:38:31,qulo,قُلْ,qaAla,V,S,2MS,primary
Qaala,39:39:1,qulo,قُلْ,qaAla,V,S,2MS,primary
Qaala,39:43:7,qulo,قُلْ,qaAla,V,S,2MS,primary
Qaala,39:44:1,qul,قُل,qaAla,V,S,2MS,primary
Qaala,39:46:1,quli,قُلِ,qaAla,V,S,2MS,primary
Qaala,39:49:11,qaAla,قَالَ,qaAla,V,S,3MS,primary
Qaala,39:50:2,qaAla,قَالَ,qaAla,V,S,3MS,primary
Qaala,39:53:1,qulo,قُلْ,qaAla,V,S,2MS,primary
Qaala,39:56:2,taquwla,تَقُولَ,qaAla,V,S,3FS,primary
Qaala,39:57:2,taquwla,تَقُولَ,qaAla,V,S,3FS,primary
Qaala,39:58:2,taquwla,تَقُولَ,qaAla,V,S,3FS,primary
Qaala,39:64:1,qulo,قُلْ,qaAla,V,S,2MS,primary
Qaala,39:71:12,qaAla,قَالَ,qaAla,V,S,3MS,primary
Qaala,39:71:27,qaAlu,قَالُ,qaAla,V,P,3MP,primary
Qaala,39:72:1,qiyla,قِيلَ,qaAla,V,S,3MS,primary
Qaala,39:73:13,qaAla,قَالَ,qaAla,V,S,3MS,primary
Qaala,39:74:1,qaAlu,قَالُ,qaAla,V,P,3MP,primary
Qaala,39:75:13,qiyla,قِيلَ,qaAla,V,S,3MS,primary
Qaala,40:11:1,qaAlu,قَالُ,qaAla,V,P,3MP,primary
Qaala,40:24:5,qaAlu,قَالُ,qaAla,V,P,3MP,primary
Qaala,40:25:6,qaAlu,قَالُ,qaAla,V,P,3MP,primary
Qaala,40:26:1,qaAla,قَالَ,qaAla,V,S,3MS,primary
Qaala,40:27:1,qaAla,قَالَ,qaAla,V,S,3MS,primary
Qaala,40:28:1,qaAla,قَالَ,qaAla,V,S,3MS,primary
Qaala,40:28:12,yaquwla,يَقُولَ,qaAla,V,S,3MS,primary
Qaala,40:29:15,qaAla,قَالَ,qaAla,V,S,3MS,primary
Qaala,40:30:1,qaAla,قَالَ,qaAla,V,S,3MS,primary
Qaala,40:34:17,qulo,قُلْ,qaAla,V,P,2MP,primary
Qaala,40:36:1,qaAla,قَالَ,qaAla,V,S,3MS,primary
Qaala,40:38:1,qaAla,قَالَ,qaAla,V,S,3MS,primary
Qaala,40:44:3,>aquwlu,أَقُولُ,qaAla,V,S,1S,primary
Qaala,40:47:5,yaquwlu,يَقُولُ,qaAla,V,S,3MS,primary
Qaala,40:48:1,qaAla,قَالَ,qaAla,V,S,3MS,primary
Qaala,40:49:1,qaAla,قَالَ,qaAla,V,S,3MS,primary
Qaala,40:50:1,qaAlu,قَالُ,qaAla,V,P,3MP,primary
Qaala,40:50:7,qaAlu,قَالُ,qaAla,V,P,3MP,primary
Qaala,40:50:9,qaAlu,قَالُ,qaAla,V,P,3MP,primary
Qaala,40:60:1,qaAla,قَالَ,qaAla,V,S,3MS,primary
Qaala,40:66:1,qulo,قُلْ,qaAla,V,S,2MS,primary
Qaala,40:68:9,yaquwlu,يَقُولُ,qaAla,V,S,3MS,primary
Qaala,40:73:2,qiyla,قِيلَ,qaAla,V,S,3MS,primary
Qaala,40:74:4,qaAlu,قَالُ,qaAla,V,P,3MP,primary
Qaala,40:84:4,qaAlu,قَالُ,qaAla,V,P,3MP,primary
Qaala,41:5:1,qaAlu,قَالُ,qaAla,V,P,3MP,primary
Qaala,41:6:1,qulo,قُلْ,qaAla,V,S,2MS,primary
Qaala,41:9:1,qulo,قُلْ,qaAla,V,S,2MS,primary
Qaala,41:11:7,qaAla,قَالَ,qaAla,V,S,3MS,primary
Qaala,41:11:14,qaAla,قَالَ,qaAla,V,D,3FD,primary
Qaala,41:13:3,qulo,قُلْ,qaAla,V,S,2MS,primary
Qaala,41:14:13,qaAlu,قَالُ,qaAla,V,P,3MP,primary
Qaala,41:15:8,qaAlu,قَالُ,qaAla,V,P,3MP,primary
Qaala,41:21:1,qaAlu,قَالُ,qaAla,V,P,3MP,primary
Qaala,41:21:6,qaAlu,قَالُ,qaAla,V,P,3MP,primary
Qaala,41:26:1,qaAla,قَالَ,qaAla,V,S,3MS,primary
Qaala,41:29:1,qaAla,قَالَ,qaAla,V,S,3MS,primary
Qaala,41:30:3,qaAlu,قَالُ,qaAla,V,P,3MP,primary
Qaala,41:33:10,qaAla,قَالَ,qaAla,V,S,3MS,primary
Qaala,41:43:2,yuqaAlu,يُقَالُ,qaAla,V,S,3MS,primary
Qaala,41:43:7,qiyla,قِيلَ,qaAla,V,S,3MS,primary
Qaala,41:44:5,qaAlu,قَالُ,qaAla,V,P,3MP,primary
Qaala,41:44:11,qulo,قُلْ,qaAla,V,S,2MS,primary
Qaala,41:47:23,qaAlu,قَالُ,qaAla,V,P,3MP,primary
Qaala,41:50:9,yaquwla,يَقُولَ,qaAla,V,S,3MS,primary
Qaala,41:52:1,qulo,قُلْ,qaAla,V,S,2MS,primary
Qaala,42:15:9,qulo,قُلْ,qaAla,V,S,2MS,primary
Qaala,42:23:10,qul,قُل,qaAla,V,S,2MS,primary
Qaala,42:24:2,yaquwlu,يَقُولُ,qaAla,V,P,3MP,primary
Qaala,42:44:15,yaquwlu,يَقُولُ,qaAla,V,P,3MP,primary
Qaala,42:45:11,qaAla,قَالَ,qaAla,V,S,3MS,primary
Qaala,43:9:7,yaquwlu,يَقُولُ,qaAla,V,P,3MP,primary
Qaala,43:13:11,taquwlu,تَقُولُ,qaAla,V,P,2MP,primary
Qaala,43:20:1,qaAlu,قَالُ,qaAla,V,P,3MP,primary
Qaala,43:22:2,qaAlu,قَالُ,qaAla,V,P,3MP,primary
Qaala,43:23:11,qaAla,قَالَ,qaAla,V,S,3MS,primary
Qaala,43:24:1,qa`la,قَٰلَ,qaAla,V,S,3MS,primary
Qaala,43:24:9,qaAlu,قَالُ,qaAla,V,P,3MP,primary
Qaala,43:26:2,qaAla,قَالَ,qaAla,V,S,3MS,primary
Qaala,43:30:4,qaAlu,قَالُ,qaAla,V,P,3MP,primary
Qaala,43:31:1,qaAlu,قَالُ,qaAla,V,P,3MP,primary
Qaala,43:38:4,qaAla,قَالَ,qaAla,V,S,3MS,primary
Qaala,43:46:8,qaAla,قَالَ,qaAla,V,S,3MS,primary
Qaala,43:49:1,qaAlu,قَالُ,qaAla,V,P,3MP,primary
Qaala,43:51:5,qaAla,قَالَ,qaAla,V,S,3MS,primary
Qaala,43:58:1,qaAlu,قَالُ,qaAla,V,P,3MP,primary
Qaala,43:63:5,qaAla,قَالَ,qaAla,V,S,3MS,primary
Qaala,43:77:6,qaAla,قَالَ,qaAla,V,S,3MS,primary
Qaala,43:81:1,qulo,قُلْ,qaAla,V,S,2MS,primary
Qaala,43:87:5,yaquwlu,يَقُولُ,qaAla,V,P,3MP,primary
Qaala,43:89:3,qulo,قُلْ,qaAla,V,S,2MS,primary
Qaala,44:14:4,qaAlu,قَالُ,qaAla,V,P,3MP,primary
Qaala,44:34:3,yaquwlu,يَقُولُ,qaAla,V,P,3MP,primary
Qaala,45:14:1,qul,قُل,qaAla,V,S,2MS,primary
Qaala,45:24:1,qaAlu,قَالُ,qaAla,V,P,3MP,primary
Qaala,45:25:11,qaAlu,قَالُ,qaAla,V,P,3MP,primary
Qaala,45:26:1,quli,قُلِ,qaAla,V,S,2MS,primary
Qaala,45:32:2,qiyla,قِيلَ,qaAla,V,S,3MS,primary
Qaala,45:32:11,qulo,قُلْ,qaAla,V,P,2MP,primary
Qaala,45:34:1,qiyla,قِيلَ,qaAla,V,S,3MS,primary
Qaala,46:4:1,qulo,قُلْ,qaAla,V,S,2MS,primary
Qaala,46:7:6,qaAla,قَالَ,qaAla,V,S,3MS,primary
Qaala,46:8:2,yaquwlu,يَقُولُ,qaAla,V,P,3MP,primary
Qaala,46:8:4,qulo,قُلْ,qaAla,V,S,2MS,primary
Qaala,46:9:1,qulo,قُلْ,qaAla,V,S,2MS,primary
Qaala,46:10:1,qulo,قُلْ,qaAla,V,S,2MS,primary
Qaala,46:11:1,qaAla,قَالَ,qaAla,V,S,3MS,primary
Qaala,46:11:16,yaquwlu,يَقُولُ,qaAla,V,P,3MP,primary
Qaala,46:13:3,qaAlu,قَالُ,qaAla,V,P,3MP,primary
Qaala,46:15:21,qaAla,قَالَ,qaAla,V,S,3MS,primary
Qaala,46:17:2,qaAla,قَالَ,qaAla,V,S,3MS,primary
Qaala,46:17:23,yaquwlu,يَقُولُ,qaAla,V,S,3MS,primary
Qaala,46:22:1,qaAlu,قَالُ,qaAla,V,P,3MP,primary
Qaala,46:23:1,qaAla,قَالَ,qaAla,V,S,3MS,primary
Qaala,46:24:6,qaAlu,قَالُ,qaAla,V,P,3MP,primary
Qaala,46:29:11,qaAlu,قَالُ,qaAla,V,P,3MP,primary
Qaala,46:30:1,qaAlu,قَالُ,qaAla,V,P,3MP,primary
Qaala,46:34:10,qaAlu,قَالُ,qaAla,V,P,3MP,primary
Qaala,46:34:13,qaAla,قَالَ,qaAla,V,S,3MS,primary
Qaala,47:16:10,qaAlu,قَالُ,qaAla,V,P,3MP,primary
Qaala,47:16:15,qaAla,قَالَ,qaAla,V,S,3MS,primary
Qaala,47:20:1,yaquwlu,يَقُولُ,qaAla,V,S,3MS,primary
Qaala,47:26:3,qaAlu,قَالُ,qaAla,V,P,3MP,primary
Qaala,48:11:1,yaquwlu,يَقُولُ,qaAla,V,S,3MS,primary
Qaala,48:11:11,yaquwlu,يَقُولُ,qaAla,V,P,3MP,primary
Qaala,48:11:17,qulo,قُلْ,qaAla,V,S,2MS,primary
Qaala,48:15:1,yaquwlu,يَقُولُ,qaAla,V,S,3MS,primary
Qaala,48:15:15,qul,قُل,qaAla,V,S,2MS,primary
Qaala,48:15:19,qaAla,قَالَ,qaAla,V,S,3MS,primary
Qaala,48:15:23,yaquwlu,يَقُولُ,qaAla,V,P,3MP,primary
Qaala,48:16:1,qul,قُل,qaAla,V,S,2MS,primary
Qaala,49:14:1,qaAlati,قَالَتِ,qaAla,V,S,3FS,primary
Qaala,49:14:4,qul,قُل,qaAla,V,S,2MS,primary
Qaala,49:14:8,quwlu,قُولُ,qaAla,V,P,2MP,primary
Qaala,49:16:1,qulo,قُلْ,qaAla,V,S,2MS,primary
Qaala,49:17:5,qul,قُل,qaAla,V,S,2MS,primary
Qaala,50:2:7,qaAla,قَالَ,qaAla,V,S,3MS,primary
Qaala,50:23:1,qaAla,قَالَ,qaAla,V,S,3MS,primary
Qaala,50:27:1,qaAla,قَالَ,qaAla,V,S,3MS,primary
Qaala,50:28:1,qaAla,قَالَ,qaAla,V,S,3MS,primary
Qaala,50:30:2,naquwlu,نَقُولُ,qaAla,V,P,1P,primary
Qaala,50:30:6,taquwlu,تَقُولُ,qaAla,V,S,3FS,primary
Qaala,50:39:4,yaquwlu,يَقُولُ,qaAla,V,P,3MP,primary
Qaala,50:45:4,yaquwlu,يَقُولُ,qaAla,V,P,3MP,primary
Qaala,51:25:4,qaAlu,قَالُ,qaAla,V,P,3MP,primary
Qaala,51:25:6,qaAla,قَالَ,qaAla,V,S,3MS,primary
Qaala,51:27:3,qaAla,قَالَ,qaAla,V,S,3MS,primary
Qaala,51:28:4,qaAlu,قَالُ,qaAla,V,P,3MP,primary
Qaala,51:29:7,qaAlato,قَالَتْ,qaAla,V,S,3FS,primary
Qaala,51:30:1,qaAlu,قَالُ,qaAla,V,P,3MP,primary
Qaala,51:30:3,qaAla,قَالَ,qaAla,V,S,3MS,primary
Qaala,51:31:1,qaAla,قَالَ,qaAla,V,S,3MS,primary
Qaala,51:32:1,qaAlu,قَالُ,qaAla,V,P,3MP,primary
Qaala,51:39:3,qaAla,قَالَ,qaAla,V,S,3MS,primary
Qaala,51:43:4,qiyla,قِيلَ,qaAla,V,S,3MS,primary
Qaala,51:52:10,qaAlu,قَالُ,qaAla,V,P,3MP,primary
Qaala,52:26:1,qaAlu,قَالُ,qaAla,V,P,3MP,primary
Qaala,52:30:2,yaquwlu,يَقُولُ,qaAla,V,P,3MP,primary
Qaala,52:31:1,qulo,قُلْ,qaAla,V,S,2MS,primary
Qaala,52:33:2,yaquwlu,يَقُولُ,qaAla,V,P,3MP,primary
Qaala,52:44:7,yaquwlu,يَقُولُ,qaAla,V,P,3MP,primary
Qaala,54:2:5,yaquwlu,يَقُولُ,qaAla,V,P,3MP,primary
Qaala,54:8:4,yaquwlu,يَقُولُ,qaAla,V,S,3MS,primary
Qaala,54:9:7,qaAlu,قَالُ,qaAla,V,P,3MP,primary
Qaala,54:24:1,qaAlu,قَالُ,qaAla,V,P,3MP,primary
Qaala,54:44:2,yaquwlu,يَقُولُ,qaAla,V,P,3MP,primary
Qaala,56:47:2,yaquwlu,يَقُولُ,qaAla,V,P,3MP,primary
Qaala,56:49:1,qulo,قُلْ,qaAla,V,S,2MS,primary
Qaala,57:13:2,yaquwlu,يَقُولُ,qaAla,V,S,3MS,primary
Qaala,57:13:11,qiyla,قِيلَ,qaAla,V,S,3MS,primary
Qaala,57:14:5,qaAlu,قَالُ,qaAla,V,P,3MP,primary
Qaala,58:2:15,yaquwlu,يَقُولُ,qaAla,V,P,3MP,primary
Qaala,58:3:8,qaAlu,قَالُ,qaAla,V,P,3MP,primary
Qaala,58:8:26,yaquwlu,يَقُولُ,qaAla,V,P,3MP,primary
Qaala,58:8:33,naquwlu,نَقُولُ,qaAla,V,P,1P,primary
Qaala,58:11:5,qiyla,قِيلَ,qaAla,V,S,3MS,primary
Qaala,58:11:15,qiyla,قِيلَ,qaAla,V,S,3MS,primary
Qaala,59:10:5,yaquwlu,يَقُولُ,qaAla,V,P,3MP,primary
Qaala,59:11:6,yaquwlu,يَقُولُ,qaAla,V,P,3MP,primary
Qaala,59:16:4,qaAla,قَالَ,qaAla,V,S,3MS,primary
Qaala,59:16:9,qaAla,قَالَ,qaAla,V,S,3MS,primary
Qaala,60:4:11,qaAlu,قَالُ,qaAla,V,P,3MP,primary
Qaala,61:2:5,taquwlu,تَقُولُ,qaAla,V,P,2MP,primary
Qaala,61:3:6,taquwlu,تَقُولُ,qaAla,V,P,2MP,primary
Qaala,61:5:2,qaAla,قَالَ,qaAla,V,S,3MS,primary
Qaala,61:6:2,qaAla,قَالَ,qaAla,V,S,3MS,primary
Qaala,61:6:28,qaAlu,قَالُ,qaAla,V,P,3MP,primary
Qaala,61:14:8,qaAla,قَالَ,qaAla,V,S,3MS,primary
Qaala,61:14:17,qaAla,قَالَ,qaAla,V,S,3MS,primary
Qaala,62:6:1,qulo,قُلْ,qaAla,V,S,2MS,primary
Qaala,62:8:1,qulo,قُلْ,qaAla,V,S,2MS,primary
Qaala,62:11:10,qulo,قُلْ,qaAla,V,S,2MS,primary
Qaala,63:1:4,qaAlu,قَالُ,qaAla,V,P,3MP,primary
Qaala,63:4:6,yaquwlu,يَقُولُ,qaAla,V,P,3MP,primary
Qaala,63:5:2,qiyla,قِيلَ,qaAla,V,S,3MS,primary
Qaala,63:7:3,yaquwlu,يَقُولُ,qaAla,V,P,3MP,primary
Qaala,63:8:1,yaquwlu,يَقُولُ,qaAla,V,P,3MP,primary
Qaala,63:10:11,yaquwla,يَقُولَ,qaAla,V,S,3MS,primary
Qaala,64:6:7,qaAlu,قَالُ,qaAla,V,P,3MP,primary
Qaala,64:7:7,qulo,قُلْ,qaAla,V,S,2MS,primary
Qaala,66:3:22,qaAlato,قَالَتْ,qaAla,V,S,3FS,primary
Qaala,66:3:26,qaAla,قَالَ,qaAla,V,S,3MS,primary
Qaala,66:8:34,yaquwlu,يَقُولُ,qaAla,V,P,3MP,primary
Qaala,66:10:23,qiyla,قِيلَ,qaAla,V,S,3MS,primary
Qaala,66:11:9,qaAlato,قَالَتْ,qaAla,V,S,3FS,primary
Qaala,67:9:1,qaAlu,قَالُ,qaAla,V,P,3MP,primary
Qaala,67:9:7,qulo,قُلْ,qaAla,V,P,1P,primary
Qaala,67:10:1,qaAlu,قَالُ,qaAla,V,P,3MP,primary
Qaala,67:23:1,qulo,قُلْ,qaAla,V,S,2MS,primary
Qaala,67:24:1,qulo,قُلْ,qaAla,V,S,2MS,primary
Qaala,67:25:1,yaquwlu,يَقُولُ,qaAla,V,P,3MP,primary
Qaala,67:26:1,qulo,قُلْ,qaAla,V,S,2MS,primary
Qaala,67:27:8,qiyla,قِيلَ,qaAla,V,S,3MS,primary
Qaala,67:28:1,qulo,قُلْ,qaAla,V,S,2MS,primary
Qaala,67:29:1,qulo,قُلْ,qaAla,V,S,2MS,primary
Qaala,67:30:1,qulo,قُلْ,qaAla,V,S,2MS,primary
Qaala,68:15:5,qaAla,قَالَ,qaAla,V,S,3MS,primary
Qaala,68:26:3,qaAlu,قَالُ,qaAla,V,P,3MP,primary
Qaala,68:28:1,qaAla,قَالَ,qaAla,V,S,3MS,primary
Qaala,68:28:4,>aqul,أَقُل,qaAla,V,S,1S,primary
Qaala,68:29:1,qaAlu,قَالُ,qaAla,V,P,3MP,primary
Qaala,68:31:1,qaAlu,قَالُ,qaAla,V,P,3MP,primary
Qaala,68:51:10,yaquwlu,يَقُولُ,qaAla,V,P,3MP,primary
Qaala,69:19:6,yaquwlu,يَقُولُ,qaAla,V,S,3MS,primary
Qaala,69:25:6,yaquwlu,يَقُولُ,qaAla,V,S,3MS,primary
Qaala,71:2:1,qaAla,قَالَ,qaAla,V,S,3MS,primary
Qaala,71:5:1,qaAla,قَالَ,qaAla,V,S,3MS,primary
Qaala,71:10:1,qulo,قُلْ,qaAla,V,S,1S,primary
Qaala,71:21:1,qaAla,قَالَ,qaAla,V,S,3MS,primary
Qaala,71:23:1,qaAlu,قَالُ,qaAla,V,P,3MP,primary
Qaala,71:26:1,qaAla,قَالَ,qaAla,V,S,3MS,primary
Qaala,72:1:1,qulo,قُلْ,qaAla,V,S,2MS,primary
Qaala,72:1:9,qaAlu,قَالُ,qaAla,V,P,3MP,primary
Qaala,72:4:3,yaquwlu,يَقُولُ,qaAla,V,S,3MS,primary
Qaala,72:5:5,taquwla,تَقُولَ,qaAla,V,S,3FS,primary
Qaala,72:20:1,qulo,قُلْ,qaAla,V,S,2MS,primary
Qaala,72:21:1,qulo,قُلْ,qaAla,V,S,2MS,primary
Qaala,72:22:1,qulo,قُلْ,qaAla,V,S,2MS,primary
Qaala,72:25:1,qulo,قُلْ,qaAla,V,S,2MS,primary
Qaala,73:10:4,yaquwlu,يَقُولُ,qaAla,V,P,3MP,primary
Qaala,74:24:1,qaAla,قَالَ,qaAla,V,S,3MS,primary
Qaala,74:31:28,yaquwla,يَقُولَ,qaAla,V,S,3MS,primary
Qaala,74:43:1,qaAlu,قَالُ,qaAla,V,P,3MP,primary
Qaala,75:10:1,yaquwlu,يَقُولُ,qaAla,V,S,3MS,primary
Qaala,75:27:1,qiyla,قِيلَ,qaAla,V,S,3MS,primary
Qaala,77:48:2,qiyla,قِيلَ,qaAla,V,S,3MS,primary
Qaala,78:38:13,qaAla,قَالَ,qaAla,V,S,3MS,primary
Qaala,78:40:11,yaquwlu,يَقُولُ,qaAla,V,S,3MS,primary
Qaala,79:10:1,yaquwlu,يَقُولُ,qaAla,V,P,3MP,primary
Qaala,79:12:1,qaAlu,قَالُ,qaAla,V,P,3MP,primary
Qaala,79:18:1,qulo,قُلْ,qaAla,V,S,2MS,primary
Qaala,79:24:1,qaAla,قَالَ,qaAla,V,S,3MS,primary
Qaala,83:13:5,qaAla,قَالَ,qaAla,V,S,3MS,primary
Qaala,83:17:2,yuqaAlu,يُقَالُ,qaAla,V,S,3MS,primary
Qaala,83:32:3,qaAlu,قَالُ,qaAla,V,P,3MP,primary
Qaala,89:15:9,yaquwlu,يَقُولُ,qaAla,V,S,3MS,primary
Qaala,89:16:8,yaquwlu,يَقُولُ,qaAla,V,S,3MS,primary
Qaala,89:24:1,yaquwlu,يَقُولُ,qaAla,V,S,3MS,primary
Qaala,90:6:1,yaquwlu,يَقُولُ,qaAla,V,S,3MS,primary
Qaala,91:13:1,qaAla,قَالَ,qaAla,V,S,3MS,primary
Qaala,99:3:1,qaAla,قَالَ,qaAla,V,S,3MS,primary
Qaala,109:1:1,qulo,قُلْ,qaAla,V,S,2MS,primary
Qaala,112:1:1,qulo,قُلْ,qaAla,V,S,2MS,primary
Qaala,113:1:1,qulo,قُلْ,qaAla,V,S,2MS,primary
Qaala,114:1:1,qulo,قُلْ,qaAla,V,S,2MS,primary
Adhab,2:7:11,Ea*aAbN,عَذَابٌ,Ea*aAb,N,,,primary
Adhab,2:10:8,Ea*aAbN,عَذَابٌ,Ea*aAb,N,,,primary
Adhab,2:49:8,Ea*aAbi,عَذَابِ,Ea*aAb,N,,,primary
Adhab,2:85:44,Ea*aAbi,عَذَابِ,Ea*aAb,N,,,primary
Adhab,2:86:10,Ea*aAbu,عَذَابُ,Ea*aAb,N,,,primary
Adhab,2:90:26,Ea*aAbN,عَذَابٌ,Ea*aAb,N,,,primary
Adhab,2:96:19,Ea*aAbi,عَذَابِ,Ea*aAb,N,,,primary
Adhab,2:104:11,Ea*aAbN,عَذَابٌ,Ea*aAb,N,,,primary
Adhab,2:114:29,Ea*aAbN,عَذَابٌ,Ea*aAb,N,,,primary
Adhab,2:126:27,Ea*aAbi,عَذَابِ,Ea*aAb,N,,,primary
Adhab,2:162:6,Ea*aAbu,عَذَابُ,Ea*aAb,N,,,primary
Adhab,2:165:23,Ea*aAba,عَذَابَ,Ea*aAb,N,,,primary
Adhab,2:165:31,Ea*aAbi,عَذَابِ,Ea*aAb,N,,,primary
Adhab,2:166:9,Ea*aAba,عَذَابَ,Ea*aAb,N,,,primary
Adhab,2:174:28,Ea*aAbN,عَذَابٌ,Ea*aAb,N,,,primary
Adhab,2:175:6,Ea*aAba,عَذَابَ,Ea*aAb,N,,,primary
Adhab,2:178:36,Ea*aAbN,عَذَابٌ,Ea*aAb,N,,,primary
Adhab,2:201:13,Ea*aAba,عَذَابَ,Ea*aAb,N,,,primary
Adhab,3:4:13,Ea*aAbN,عَذَابٌ,Ea*aAb,N,,,primary
Adhab,3:16:10,Ea*aAba,عَذَابَ,Ea*aAb,N,,,primary
Adhab,3:21:17,Ea*aAbK,عَذَابٍ,Ea*aAb,N,,,primary
Adhab,3:56:5,Ea*aAbFA,عَذَابًا,Ea*aAb,N,,,primary
Adhab,3:77:26,Ea*aAbN,عَذَابٌ,Ea*aAb,N,,,primary
Adhab,3:88:6,Ea*aAbu,عَذَابُ,Ea*aAb,N,,,primary
Adhab,3:91:19,Ea*aAbN,عَذَابٌ,Ea*aAb,N,,,primary
Adhab,3:105:13,Ea*aAbN,عَذَابٌ,Ea*aAb,N,,,primary
Adhab,3:106:14,Ea*aAba,عَذَابَ,Ea*aAb,N,,,primary
Adhab,3:176:21,Ea*aAbN,عَذَابٌ,Ea*aAb,N,,,primary
Adhab,3:177:11,Ea*aAbN,عَذَابٌ,Ea*aAb,N,,,primary
Adhab,3:178:16,Ea*aAbN,عَذَابٌ,Ea*aAb,N,,,primary
Adhab,3:181:21,Ea*aAba,عَذَابَ,Ea*aAb,N,,,primary
Adhab,3:188:17,Ea*aAbi,عَذَابِ,Ea*aAb,N,,,primary
Adhab,3:188:19,Ea*aAbN,عَذَابٌ,Ea*aAb,N,,,primary
Adhab,3:191:20,Ea*aAba,عَذَابَ,Ea*aAb,N,,,primary
Adhab,4:14:12,Ea*aAbN,عَذَابٌ,Ea*aAb,N,,,primary
Adhab,4:18:23,Ea*aAbFA,عَذَابًا,Ea*aAb,N,,,primary
Adhab,4:25:46,Ea*aAbi,عَذَابِ,Ea*aAb,N,,,primary
Adhab,4:37:14,Ea*aAbFA,عَذَابًا,Ea*aAb,N,,,primary
Adhab,4:56:15,Ea*aAba,عَذَابَ,Ea*aAb,N,,,primary
Adhab,4:93:15,Ea*aAbFA,عَذَابًا,Ea*aAb,N,,,primary
Adhab,4:102:61,Ea*aAbFA,عَذَابًا,Ea*aAb,N,,,primary
Adhab,4:138:5,Ea*aAbFA,عَذَابًا,Ea*aAb,N,,,primary
Adhab,4:147:4,Ea*aAbi,عَذَابِ,Ea*aAb,N,,,primary
Adhab,4:151:7,Ea*aAbFA,عَذَابًا,Ea*aAb,N,,,primary
Adhab,4:161:13,Ea*aAbFA,عَذَابًا,Ea*aAb,N,,,primary
Adhab,4:173:16,Ea*aAbFA,عَذَابًا,Ea*aAb,N,,,primary
Adhab,5:33:33,Ea*aAbN,عَذَابٌ,Ea*aAb,N,,,primary
Adhab,5:36:16,Ea*aAbi,عَذَابِ,Ea*aAb,N,,,primary
Adhab,5:36:23,Ea*aAbN,عَذَابٌ,Ea*aAb,N,,,primary
Adhab,5:37:11,Ea*aAbN,عَذَابٌ,Ea*aAb,N,,,primary
Adhab,5:41:66,Ea*aAbN,عَذَابٌ,Ea*aAb,N,,,primary
Adhab,5:73:24,Ea*aAbN,عَذَابٌ,Ea*aAb,N,,,primary
Adhab,5:80:17,Ea*aAbi,عَذَابِ,Ea*aAb,N,,,primary
Adhab,5:94:22,Ea*aAbN,عَذَابٌ,Ea*aAb,N,,,primary
Adhab,5:115:12,Ea*aAbFA,عَذَابًا,Ea*aAb,N,,,primary
Adhab,6:15:7,Ea*aAba,عَذَابَ,Ea*aAb,N,,,primary
Adhab,6:30:16,Ea*aAba,عَذَابَ,Ea*aAb,N,,,primary
Adhab,6:40:5,Ea*aAbu,عَذَابُ,Ea*aAb,N,,,primary
Adhab,6:47:5,Ea*aAbu,عَذَابُ,Ea*aAb,N,,,primary
Adhab,6:49:5,Ea*aAbu,عَذَابُ,Ea*aAb,N,,,primary
Adhab,6:65:8,Ea*aAbFA,عَذَابًا,Ea*aAb,N,,,primary
Adhab,6:70:41,Ea*aAbN,عَذَابٌ,Ea*aAb,N,,,primary
Adhab,6:93:37,Ea*aAba,عَذَابَ,Ea*aAb,N,,,primary
Adhab,6:124:25,Ea*aAbN,عَذَابٌ,Ea*aAb,N,,,primary
Adhab,6:157:32,Ea*aAbi,عَذَابِ,Ea*aAb,N,,,primary
Adhab,7:38:31,Ea*aAbFA,عَذَابًا,Ea*aAb,N,,,primary
Adhab,7:39:11,Ea*aAba,عَذَابَ,Ea*aAb,N,,,primary
Adhab,7:59:18,Ea*aAba,عَذَابَ,Ea*aAb,N,,,primary
Adhab,7:73:33,Ea*aAbN,عَذَابٌ,Ea*aAb,N,,,primary
Adhab,7:141:8,Ea*aAbi,عَذَابِ,Ea*aAb,N,,,primary
Adhab,7:156:13,Ea*aAbi,عَذَابِ,Ea*aAb,N,,,primary
Adhab,7:164:12,Ea*aAbFA,عَذَابًا,Ea*aAb,N,,,primary
Adhab,7:165:14,Ea*aAbK],عَذَابٍۭ,Ea*aAb,N,,,primary
Adhab,7:167:12,Ea*aAbi,عَذَابِ,Ea*aAb,N,,,primary
Adhab,8:14:5,Ea*aAba,عَذَابَ,Ea*aAb,N,,,primary
Adhab,8:32:18,Ea*aAbK,عَذَابٍ,Ea*aAb,N,,,primary
Adhab,8:35:10,Ea*aAba,عَذَابَ,Ea*aAb,N,,,primary
Adhab,8:50:12,Ea*aAba,عَذَابَ,Ea*aAb,N,,,primary
Adhab,8:68:9,Ea*aAbN,عَذَابٌ,Ea*aAb,N,,,primary
Adhab,9:3:31,Ea*aAbK,عَذَابٍ,Ea*aAb,N,,,primary
Adhab,9:34:27,Ea*aAbK,عَذَابٍ,Ea*aAb,N,,,primary
Adhab,9:39:4,Ea*aAbFA,عَذَابًا,Ea*aAb,N,,,primary
Adhab,9:52:14,Ea*aAbK,عَذَابٍ,Ea*aAb,N,,,primary
Adhab,9:61:25,Ea*aAbN,عَذَابٌ,Ea*aAb,N,,,primary
Adhab,9:68:15,Ea*aAbN,عَذَابٌ,Ea*aAb,N,,,primary
Adhab,9:74:34,Ea*aAbFA,عَذَابًا,Ea*aAb,N,,,primary
Adhab,9:79:19,Ea*aAbN,عَذَابٌ,Ea*aAb,N,,,primary
Adhab,9:90:16,Ea*aAbN,عَذَابٌ,Ea*aAb,N,,,primary
Adhab,9:101:21,Ea*aAbK,عَذَابٍ,Ea*aAb,N,,,primary
Adhab,10:4:24,Ea*aAbN,عَذَابٌ,Ea*aAb,N,,,primary
Adhab,10:15:37,Ea*aAba,عَذَابَ,Ea*aAb,N,,,primary
Adhab,10:50:5,Ea*aAbu,عَذَابُ,Ea*aAb,N,,,primary
Adhab,10:52:6,Ea*aAba,عَذَابَ,Ea*aAb,N,,,primary
Adhab,10:54:15,Ea*aAba,عَذَابَ,Ea*aAb,N,,,primary
Adhab,10:70:9,Ea*aAba,عَذَابَ,Ea*aAb,N,,,primary
Adhab,10:88:28,Ea*aAba,عَذَابَ,Ea*aAb,N,,,primary
Adhab,10:97:7,Ea*aAba,عَذَابَ,Ea*aAb,N,,,primary
Adhab,10:98:14,Ea*aAba,عَذَابَ,Ea*aAb,N,,,primary
Adhab,11:3:23,Ea*aAba,عَذَابَ,Ea*aAb,N,,,primary
Adhab,11:8:4,Ea*aAba,عَذَابَ,Ea*aAb,N,,,primary
Adhab,11:20:17,Ea*aAbu,عَذَابُ,Ea*aAb,N,,,primary
Adhab,11:26:9,Ea*aAba,عَذَابَ,Ea*aAb,N,,,primary
Adhab,11:39:5,Ea*aAbN,عَذَابٌ,Ea*aAb,N,,,primary
Adhab,11:39:9,Ea*aAbN,عَذَابٌ,Ea*aAb,N,,,primary
Adhab,11:48:17,Ea*aAbN,عَذَابٌ,Ea*aAb,N,,,primary
Adhab,11:58:13,Ea*aAbK,عَذَابٍ,Ea*aAb,N,,,primary
Adhab,11:64:16,Ea*aAbN,عَذَابٌ,Ea*aAb,N,,,primary
Adhab,11:76:12,Ea*aAbN,عَذَابٌ,Ea*aAb,N,,,primary
Adhab,11:84:24,Ea*aAba,عَذَابَ,Ea*aAb,N,,,primary
Adhab,11:93:11,Ea*aAbN,عَذَابٌ,Ea*aAb,N,,,primary
Adhab,11:103:7,Ea*aAba,عَذَابَ,Ea*aAb,N,,,primary
Adhab,12:25:22,Ea*aAbN,عَذَابٌ,Ea*aAb,N,,,primary
Adhab,12:107:6,Ea*aAbi,عَذَابِ,Ea*aAb,N,,,primary
Adhab,13:34:2,Ea*aAbN,عَذَابٌ,Ea*aAb,N,,,primary
Adhab,13:34:6,Ea*aAbu,عَذَابُ,Ea*aAb,N,,,primary
Adhab,14:2:13,Ea*aAbK,عَذَابٍ,Ea*aAb,N,,,primary
Adhab,14:6:16,Ea*aAbi,عَذَابِ,Ea*aAb,N,,,primary
Adhab,14:7:10,Ea*aAbi,عَذَابِ,Ea*aAb,N,,,primary
Adhab,14:17:15,Ea*aAbN,عَذَابٌ,Ea*aAb,N,,,primary
Adhab,14:21:17,Ea*aAbi,عَذَابِ,Ea*aAb,N,,,primary
Adhab,14:22:43,Ea*aAbN,عَذَابٌ,Ea*aAb,N,,,primary
Adhab,14:44:5,Ea*aAbu,عَذَابُ,Ea*aAb,N,,,primary
Adhab,15:50:2,Ea*aAbi,عَذَابِ,Ea*aAb,N,,,primary
Adhab,15:50:4,Ea*aAbu,عَذَابُ,Ea*aAb,N,,,primary
Adhab,16:26:17,Ea*aAbu,عَذَابُ,Ea*aAb,N,,,primary
Adhab,16:45:12,Ea*aAbu,عَذَابُ,Ea*aAb,N,,,primary
Adhab,16:63:16,Ea*aAbN,عَذَابٌ,Ea*aAb,N,,,primary
Adhab,16:85:5,Ea*aAba,عَذَابَ,Ea*aAb,N,,,primary
Adhab,16:88:8,Ea*aAbFA,عَذَابًا,Ea*aAb,N,,,primary
Adhab,16:88:10,Ea*aAbi,عَذَابِ,Ea*aAb,N,,,primary
Adhab,16:94:18,Ea*aAbN,عَذَابٌ,Ea*aAb,N,,,primary
Adhab,16:104:11,Ea*aAbN,عَذَابٌ,Ea*aAb,N,,,primary
Adhab,16:106:23,Ea*aAbN,عَذَابٌ,Ea*aAb,N,,,primary
Adhab,16:113:7,Ea*aAbu,عَذَابُ,Ea*aAb,N,,,primary
Adhab,16:117:4,Ea*aAbN,عَذَابٌ,Ea*aAb,N,,,primary
Adhab,17:10:8,Ea*aAbFA,عَذَابًا,Ea*aAb,N,,,primary
Adhab,17:57:13,Ea*aAba,عَذَابَ,Ea*aAb,N,,,primary
Adhab,17:57:15,Ea*aAba,عَذَابَ,Ea*aAb,N,,,primary
Adhab,17:58:12,Ea*aAbFA,عَذَابًا,Ea*aAb,N,,,primary
Adhab,18:55:18,Ea*aAbu,عَذَابُ,Ea*aAb,N,,,primary
Adhab,18:58:11,Ea*aAba,عَذَابَ,Ea*aAb,N,,,primary
Adhab,18:87:12,Ea*aAbFA,عَذَابًا,Ea*aAb,N,,,primary
Adhab,19:45:6,Ea*aAbN,عَذَابٌ,Ea*aAb,N,,,primary
Adhab,19:75:16,Ea*aAba,عَذَابَ,Ea*aAb,N,,,primary
Adhab,19:79:8,Ea*aAbi,عَذَابِ,Ea*aAb,N,,,primary
Adhab,20:48:6,Ea*aAba,عَذَابَ,Ea*aAb,N,,,primary
Adhab,20:61:11,Ea*aAbK,عَذَابٍ,Ea*aAb,N,,,primary
Adhab,20:71:25,Ea*aAbFA,عَذَابًا,Ea*aAb,N,,,primary
Adhab,20:127:9,Ea*aAbu,عَذَابُ,Ea*aAb,N,,,primary
Adhab,20:134:4,Ea*aAbK,عَذَابٍ,Ea*aAb,N,,,primary
Adhab,21:46:5,Ea*aAbi,عَذَابِ,Ea*aAb,N,,,primary
Adhab,22:2:20,Ea*aAba,عَذَابَ,Ea*aAb,N,,,primary
Adhab,22:4:10,Ea*aAbi,عَذَابِ,Ea*aAb,N,,,primary
Adhab,22:9:14,Ea*aAba,عَذَابَ,Ea*aAb,N,,,primary
Adhab,22:18:25,Ea*aAbu,عَذَابُ,Ea*aAb,N,,,primary
Adhab,22:22:11,Ea*aAba,عَذَابَ,Ea*aAb,N,,,primary
Adhab,22:25:24,Ea*aAbK,عَذَابٍ,Ea*aAb,N,,,primary
Adhab,22:47:2,Ea*aAbi,عَذَابِ,Ea*aAb,N,,,primary
Adhab,22:55:14,Ea*aAbu,عَذَابُ,Ea*aAb,N,,,primary
Adhab,22:57:7,Ea*aAbN,عَذَابٌ,Ea*aAb,N,,,primary
Adhab,23:64:5,Ea*aAbi,عَذَابِ,Ea*aAb,N,,,primary
Adhab,23:76:3,Ea*aAbi,عَذَابِ,Ea*aAb,N,,,primary
Adhab,23:77:7,Ea*aAbK,عَذَابٍ,Ea*aAb,N,,,primary
Adhab,24:2:23,Ea*aAba,عَذَابَ,Ea*aAb,N,,,primary
Adhab,24:8:3,Ea*aAba,عَذَابَ,Ea*aAb,N,,,primary
Adhab,24:11:27,Ea*aAbN,عَذَابٌ,Ea*aAb,N,,,primary
Adhab,24:14:14,Ea*aAbN,عَذَابٌ,Ea*aAb,N,,,primary
Adhab,24:19:11,Ea*aAbN,عَذَابٌ,Ea*aAb,N,,,primary
Adhab,24:23:12,Ea*aAbN,عَذَابٌ,Ea*aAb,N,,,primary
Adhab,24:63:26,Ea*aAbN,عَذَابٌ,Ea*aAb,N,,,primary
Adhab,25:19:14,Ea*aAbFA,عَذَابًا,Ea*aAb,N,,,primary
Adhab,25:37:12,Ea*aAbFA,عَذَابًا,Ea*aAb,N,,,primary
Adhab,25:42:14,Ea*aAba,عَذَابَ,Ea*aAb,N,,,primary
Adhab,25:65:6,Ea*aAba,عَذَابَ,Ea*aAb,N,,,primary
Adhab,25:65:9,Ea*aAba,عَذَابَ,Ea*aAb,N,,,primary
Adhab,25:69:3,Ea*aAbu,عَذَابُ,Ea*aAb,N,,,primary
Adhab,26:135:4,Ea*aAba,عَذَابَ,Ea*aAb,N,,,primary
Adhab,26:156:5,Ea*aAbu,عَذَابُ,Ea*aAb,N,,,primary
Adhab,26:158:2,Ea*aAbu,عَذَابُ,Ea*aAb,N,,,primary
Adhab,26:189:3,Ea*aAbu,عَذَابُ,Ea*aAb,N,,,primary
Adhab,26:189:8,Ea*aAba,عَذَابَ,Ea*aAb,N,,,primary
Adhab,26:201:6,Ea*aAba,عَذَابَ,Ea*aAb,N,,,primary
Adhab,26:204:1,Ea*aAbi,عَذَابِ,Ea*aAb,N,,,primary
Adhab,27:5:5,Ea*aAbi,عَذَابِ,Ea*aAb,N,,,primary
Adhab,27:21:2,Ea*aAbFA,عَذَابًا,Ea*aAb,N,,,primary
Adhab,28:64:9,Ea*aAba,عَذَابَ,Ea*aAb,N,,,primary
Adhab,29:10:14,Ea*aAbi,عَذَابِ,Ea*aAb,N,,,primary
Adhab,29:23:12,Ea*aAbN,عَذَابٌ,Ea*aAb,N,,,primary
Adhab,29:29:18,Ea*aAbi,عَذَابِ,Ea*aAb,N,,,primary
Adhab,29:53:2,Ea*aAbi,عَذَابِ,Ea*aAb,N,,,primary
Adhab,29:53:7,Ea*aAbu,عَذَابُ,Ea*aAb,N,,,primary
Adhab,29:54:2,Ea*aAbi,عَذَابِ,Ea*aAb,N,,,primary
Adhab,29:55:3,Ea*aAbu,عَذَابُ,Ea*aAb,N,,,primary
Adhab,30:16:10,Ea*aAbi,عَذَابِ,Ea*aAb,N,,,primary
Adhab,31:6:17,Ea*aAbN,عَذَابٌ,Ea*aAb,N,,,primary
Adhab,31:7:15,Ea*aAbK,عَذَابٍ,Ea*aAb,N,,,primary
Adhab,31:21:20,Ea*aAbi,عَذَابِ,Ea*aAb,N,,,primary
Adhab,31:24:6,Ea*aAbK,عَذَابٍ,Ea*aAb,N,,,primary
Adhab,32:14:10,Ea*aAba,عَذَابَ,Ea*aAb,N,,,primary
Adhab,32:20:16,Ea*aAba,عَذَابَ,Ea*aAb,N,,,primary
Adhab,32:21:3,Ea*aAbi,عَذَابِ,Ea*aAb,N,,,primary
Adhab,32:21:6,Ea*aAbi,عَذَابِ,Ea*aAb,N,,,primary
Adhab,33:8:7,Ea*aAbFA,عَذَابًا,Ea*aAb,N,,,primary
Adhab,33:30:10,Ea*aAbu,عَذَابُ,Ea*aAb,N,,,primary
Adhab,33:57:13,Ea*aAbFA,عَذَابًا,Ea*aAb,N,,,primary
Adhab,33:68:5,Ea*aAbi,عَذَابِ,Ea*aAb,N,,,primary
Adhab,34:5:8,Ea*aAbN,عَذَابٌ,Ea*aAb,N,,,primary
Adhab,34:8:14,Ea*aAbi,عَذَابِ,Ea*aAb,N,,,primary
Adhab,34:12:26,Ea*aAbi,عَذَابِ,Ea*aAb,N,,,primary
Adhab,34:14:26,Ea*aAbi,عَذَابِ,Ea*aAb,N,,,primary
Adhab,34:33:22,Ea*aAba,عَذَابَ,Ea*aAb,N,,,primary
Adhab,34:38:8,Ea*aAbi,عَذَابِ,Ea*aAb,N,,,primary
Adhab,34:42:13,Ea*aAba,عَذَابَ,Ea*aAb,N,,,primary
Adhab,34:46:23,Ea*aAbK,عَذَابٍ,Ea*aAb,N,,,primary
Adhab,35:7:4,Ea*aAbN,عَذَابٌ,Ea*aAb,N,,,primary
Adhab,35:10:19,Ea*aAbN,عَذَابٌ,Ea*aAb,N,,,primary
Adhab,35:36:14,Ea*aAbi,عَذَابِ,Ea*aAb,N,,,primary
Adhab,36:18:11,Ea*aAbN,عَذَابٌ,Ea*aAb,N,,,primary
Adhab,37:9:3,Ea*aAbN,عَذَابٌ,Ea*aAb,N,,,primary
Adhab,37:33:4,Ea*aAbi,عَذَابِ,Ea*aAb,N,,,primary
Adhab,37:38:3,Ea*aAbi,عَذَابِ,Ea*aAb,N,,,primary
Adhab,37:176:1,Ea*aAbi,عَذَابِ,Ea*aAb,N,,,primary
Adhab,38:8:15,Ea*aAbi,عَذَابِ,Ea*aAb,N,,,primary
Adhab,38:26:25,Ea*aAbN,عَذَابٌ,Ea*aAb,N,,,primary
Adhab,38:41:11,Ea*aAbK,عَذَابٍ,Ea*aAb,N,,,primary
Adhab,38:61:8,Ea*aAbFA,عَذَابًا,Ea*aAb,N,,,primary
Adhab,39:13:7,Ea*aAba,عَذَابَ,Ea*aAb,N,,,primary
Adhab,39:19:5,Ea*aAbi,عَذَابِ,Ea*aAb,N,,,primary
Adhab,39:24:5,Ea*aAbi,عَذَابِ,Ea*aAb,N,,,primary
Adhab,39:25:6,Ea*aAbu,عَذَابُ,Ea*aAb,N,,,primary
Adhab,39:26:7,Ea*aAbu,عَذَابُ,Ea*aAb,N,,,primary
Adhab,39:40:3,Ea*aAbN,عَذَابٌ,Ea*aAb,N,,,primary
Adhab,39:40:7,Ea*aAbN,عَذَابٌ,Ea*aAb,N,,,primary
Adhab,39:47:15,Ea*aAbi,عَذَابِ,Ea*aAb,N,,,primary
Adhab,39:54:10,Ea*aAbu,عَذَابُ,Ea*aAb,N,,,primary
Adhab,39:55:12,Ea*aAbu,عَذَابُ,Ea*aAb,N,,,primary
Adhab,39:58:5,Ea*aAba,عَذَابَ,Ea*aAb,N,,,primary
Adhab,39:71:32,Ea*aAbi,عَذَابِ,Ea*aAb,N,,,primary
Adhab,40:7:26,Ea*aAba,عَذَابَ,Ea*aAb,N,,,primary
Adhab,40:45:10,Ea*aAbi,عَذَابِ,Ea*aAb,N,,,primary
Adhab,40:46:13,Ea*aAbi,عَذَابِ,Ea*aAb,N,,,primary
Adhab,40:49:13,Ea*aAbi,عَذَابِ,Ea*aAb,N,,,primary
Adhab,41:16:9,Ea*aAba,عَذَابَ,Ea*aAb,N,,,primary
Adhab,41:16:14,Ea*aAbu,عَذَابُ,Ea*aAb,N,,,primary
Adhab,41:17:10,Ea*aAbi,عَذَابِ,Ea*aAb,N,,,primary
Adhab,41:27:4,Ea*aAbFA,عَذَابًا,Ea*aAb,N,,,primary
Adhab,41:50:31,Ea*aAbK,عَذَابٍ,Ea*aAb,N,,,primary
Adhab,42:16:17,Ea*aAbN,عَذَابٌ,Ea*aAb,N,,,primary
Adhab,42:21:21,Ea*aAbN,عَذَابٌ,Ea*aAb,N,,,primary
Adhab,42:26:11,Ea*aAbN,عَذَابٌ,Ea*aAb,N,,,primary
Adhab,42:42:14,Ea*aAbN,عَذَابٌ,Ea*aAb,N,,,primary
Adhab,42:44:14,Ea*aAba,عَذَابَ,Ea*aAb,N,,,primary
Adhab,42:45:26,Ea*aAbK,عَذَابٍ,Ea*aAb,N,,,primary
Adhab,43:39:8,Ea*aAbi,عَذَابِ,Ea*aAb,N,,,primary
Adhab,43:48:11,Ea*aAbi,عَذَابِ,Ea*aAb,N,,,primary
Adhab,43:50:4,Ea*aAba,عَذَابَ,Ea*aAb,N,,,primary
Adhab,43:65:9,Ea*aAbi,عَذَابِ,Ea*aAb,N,,,primary
Adhab,43:74:4,Ea*aAbi,عَذَابِ,Ea*aAb,N,,,primary
Adhab,44:11:4,Ea*aAbN,عَذَابٌ,Ea*aAb,N,,,primary
Adhab,44:12:4,Ea*aAba,عَذَابَ,Ea*aAb,N,,,primary
Adhab,44:15:3,Ea*aAbi,عَذَابِ,Ea*aAb,N,,,primary
Adhab,44:30:6,Ea*aAbi,عَذَابِ,Ea*aAb,N,,,primary
Adhab,44:48:6,Ea*aAbi,عَذَابِ,Ea*aAb,N,,,primary
Adhab,44:56:9,Ea*aAba,عَذَابَ,Ea*aAb,N,,,primary
Adhab,45:8:13,Ea*aAbK,عَذَابٍ,Ea*aAb,N,,,primary
Adhab,45:9:10,Ea*aAbN,عَذَابٌ,Ea*aAb,N,,,primary
Adhab,45:10:18,Ea*aAbN,عَذَابٌ,Ea*aAb,N,,,primary
Adhab,45:11:8,Ea*aAbN,عَذَابٌ,Ea*aAb,N,,,primary
Adhab,46:20:16,Ea*aAba,عَذَابَ,Ea*aAb,N,,,primary
Adhab,46:21:23,Ea*aAba,عَذَابَ,Ea*aAb,N,,,primary
Adhab,46:24:17,Ea*aAbN,عَذَابٌ,Ea*aAb,N,,,primary
Adhab,46:31:13,Ea*aAbK,عَذَابٍ,Ea*aAb,N,,,primary
Adhab,46:34:15,Ea*aAba,عَذَابَ,Ea*aAb,N,,,primary
Adhab,48:16:27,Ea*aAbFA,عَذَابًا,Ea*aAb,N,,,primary
Adhab,48:17:26,Ea*aAbFA,عَذَابًا,Ea*aAb,N,,,primary
Adhab,48:25:39,Ea*aAbFA,عَذَابًا,Ea*aAb,N,,,primary
Adhab,50:26:9,Ea*aAbi,عَذَابِ,Ea*aAb,N,,,primary
Adhab,51:37:6,Ea*aAba,عَذَابَ,Ea*aAb,N,,,primary
Adhab,52:7:2,Ea*aAba,عَذَابَ,Ea*aAb,N,,,primary
Adhab,52:18:7,Ea*aAba,عَذَابَ,Ea*aAb,N,,,primary
Adhab,52:27:5,Ea*aAba,عَذَابَ,Ea*aAb,N,,,primary
Adhab,52:47:4,Ea*aAbFA,عَذَابًا,Ea*aAb,N,,,primary
Adhab,54:16:3,Ea*aAbi,عَذَابِ,Ea*aAb,N,,,primary
Adhab,54:18:5,Ea*aAbi,عَذَابِ,Ea*aAb,N,,,primary
Adhab,54:21:3,Ea*aAbi,عَذَابِ,Ea*aAb,N,,,primary
Adhab,54:30:3,Ea*aAbi,عَذَابِ,Ea*aAb,N,,,primary
Adhab,54:37:8,Ea*aAbi,عَذَابِ,Ea*aAb,N,,,primary
Adhab,54:38:4,Ea*aAbN,عَذَابٌ,Ea*aAb,N,,,primary
Adhab,54:39:2,Ea*aAbi,عَذَابِ,Ea*aAb,N,,,primary
Adhab,57:13:27,Ea*aAbu,عَذَابُ,Ea*aAb,N,,,primary
Adhab,57:20:28,Ea*aAbN,عَذَابٌ,Ea*aAb,N,,,primary
Adhab,58:4:25,Ea*aAbN,عَذَابٌ,Ea*aAb,N,,,primary
Adhab,58:5:17,Ea*aAbN,عَذَابٌ,Ea*aAb,N,,,primary
Adhab,58:15:4,Ea*aAbFA,عَذَابًا,Ea*aAb,N,,,primary
Adhab,58:16:9,Ea*aAbN,عَذَابٌ,Ea*aAb,N,,,primary
Adhab,59:3:13,Ea*aAbu,عَذَابُ,Ea*aAb,N,,,primary
Adhab,59:15:10,Ea*aAbN,عَذَابٌ,Ea*aAb,N,,,primary
Adhab,61:10:10,Ea*aAbK,عَذَابٍ,Ea*aAb,N,,,primary
Adhab,64:5:12,Ea*aAbN,عَذَابٌ,Ea*aAb,N,,,primary
Adhab,65:8:13,Ea*aAbFA,عَذَابًا,Ea*aAb,N,,,primary
Adhab,65:10:4,Ea*aAbFA,عَذَابًا,Ea*aAb,N,,,primary
Adhab,67:5:11,Ea*aAba,عَذَابَ,Ea*aAb,N,,,primary
Adhab,67:6:4,Ea*aAbu,عَذَابُ,Ea*aAb,N,,,primary
Adhab,67:28:14,Ea*aAbK,عَذَابٍ,Ea*aAb,N,,,primary
Adhab,68:33:2,Ea*aAbu,عَذَابُ,Ea*aAb,N,,,primary
Adhab,68:33:3,Ea*aAbu,عَذَابُ,Ea*aAb,N,,,primary
Adhab,70:1:3,Ea*aAbK,عَذَابٍ,Ea*aAb,N,,,primary
Adhab,70:11:7,Ea*aAbi,عَذَابِ,Ea*aAb,N,,,primary
Adhab,70:27:4,Ea*aAbi,عَذَابِ,Ea*aAb,N,,,primary
Adhab,70:28:2,Ea*aAba,عَذَابَ,Ea*aAb,N,,,primary
Adhab,71:1:13,Ea*aAbN,عَذَابٌ,Ea*aAb,N,,,primary
Adhab,72:17:9,Ea*aAbFA,عَذَابًا,Ea*aAb,N,,,primary
Adhab,73:13:4,Ea*aAbFA,عَذَابًا,Ea*aAb,N,,,primary
Adhab,76:31:9,Ea*aAbFA,عَذَابًا,Ea*aAb,N,,,primary
Adhab,78:30:5,Ea*aAbFA,عَذَابًا,Ea*aAb,N,,,primary
Adhab,78:40:3,Ea*aAbFA,عَذَابًا,Ea*aAb,N,,,primary
Adhab,84:24:2,Ea*aAbK,عَذَابٍ,Ea*aAb,N,,,primary
Adhab,85:10:10,Ea*aAbu,عَذَابُ,Ea*aAb,N,,,primary
Adhab,85:10:13,Ea*aAbu,عَذَابُ,Ea*aAb,N,,,primary
Adhab,88:24:3,Ea*aAba,عَذَابَ,Ea*aAb,N,,,primary
Adhab,89:13:5,Ea*aAbK,عَذَابٍ,Ea*aAb,N,,,primary
Adhab,89:25:4,Ea*aAba,عَذَابَ,Ea*aAb,N,,,primary
Rahma,2:64:10,raHomatu,رَحْمَتُ,raHomap,N,,,primary
Rahma,2:105:19,raHomati,رَحْمَتِ,raHomap,N,,,primary
Rahma,2:157:6,raHomapN,رَحْمَةٌ,raHomap,N,,,primary
Rahma,2:178:30,raHomapN,رَحْمَةٌ,raHomap,N,,,primary
Rahma,2:218:12,raHomata,رَحْمَتَ,raHomap,N,,,primary
Rahma,3:8:12,raHomapF,رَحْمَةً,raHomap,N,,,primary
Rahma,3:74:2,raHomati,رَحْمَتِ,raHomap,N,,,primary
Rahma,3:107:6,raHomapi,رَحْمَةِ,raHomap,N,,,primary
Rahma,3:157:11,raHomapN,رَحْمَةٌ,raHomap,N,,,primary
Rahma,3:159:2,raHomapK,رَحْمَةٍ,raHomap,N,,,primary
Rahma,4:83:26,raHomatu,رَحْمَتُ,raHomap,N,,,primary
Rahma,4:96:4,raHomapF,رَحْمَةً,raHomap,N,,,primary
Rahma,4:113:5,raHomatu,رَحْمَتُ,raHomap,N,,,primary
Rahma,4:175:9,raHomapK,رَحْمَةٍ,raHomap,N,,,primary
Rahma,6:12:12,r~aHomapa,رَّحْمَةَ,raHomap,N,,,primary
Rahma,6:54:13,r~aHomapa,رَّحْمَةَ,raHomap,N,,,primary
Rahma,6:133:4,r~aHomapi,رَّحْمَةِ,raHomap,N,,,primary
Rahma,6:147:6,raHomapK,رَحْمَةٍ,raHomap,N,,,primary
Rahma,6:154:13,raHomapF,رَحْمَةً,raHomap,N,,,primary
Rahma,6:157:17,raHomapN,رَحْمَةٌ,raHomap,N,,,primary
Rahma,7:49:7,raHomapK,رَحْمَةٍ,raHomap,N,,,primary
Rahma,7:52:8,raHomapF,رَحْمَةً,raHomap,N,,,primary
Rahma,7:56:11,raHomata,رَحْمَتَ,raHomap,N,,,primary
Rahma,7:57:8,raHomati,رَحْمَتِ,raHomap,N,,,primary
Rahma,7:72:4,raHomapK,رَحْمَةٍ,raHomap,N,,,primary
Rahma,7:151:8,raHomati,رَحْمَتِ,raHomap,N,,,primary
Rahma,7:154:11,raHomapN,رَحْمَةٌ,raHomap,N,,,primary
Rahma,7:156:18,raHomati,رَحْمَتِ,raHomap,N,,,primary
Rahma,7:203:21,raHomapN,رَحْمَةٌ,raHomap,N,,,primary
Rahma,9:21:3,raHomapK,رَحْمَةٍ,raHomap,N,,,primary
Rahma,9:61:16,raHomapN,رَحْمَةٌ,raHomap,N,,,primary
Rahma,9:99:23,raHomati,رَحْمَتِ,raHomap,N,,,primary
Rahma,10:21:4,raHomapF,رَحْمَةً,raHomap,N,,,primary
Rahma,10:57:13,raHomapN,رَحْمَةٌ,raHomap,N,,,primary
Rahma,10:58:4,raHomati,رَحْمَتِ,raHomap,N,,,primary
Rahma,10:86:2,raHomati,رَحْمَتِ,raHomap,N,,,primary
Rahma,11:9:5,raHomapF,رَحْمَةً,raHomap,N,,,primary
Rahma,11:17:15,raHomapF,رَحْمَةً,raHomap,N,,,primary
Rahma,11:28:11,raHomapF,رَحْمَةً,raHomap,N,,,primary
Rahma,11:58:9,raHomapK,رَحْمَةٍ,raHomap,N,,,primary
Rahma,11:63:12,raHomapF,رَحْمَةً,raHomap,N,,,primary
Rahma,11:66:9,raHomapK,رَحْمَةٍ,raHomap,N,,,primary
Rahma,11:73:6,raHomatu,رَحْمَتُ,raHomap,N,,,primary
Rahma,11:94:9,raHomapK,رَحْمَةٍ,raHomap,N,,,primary
Rahma,12:56:11,raHomati,رَحْمَتِ,raHomap,N,,,primary
Rahma,12:111:21,raHomapF,رَحْمَةً,raHomap,N,,,primary
Rahma,15:56:5,r~aHomapi,رَّحْمَةِ,raHomap,N,,,primary
Rahma,16:64:12,raHomapF,رَحْمَةً,raHomap,N,,,primary
Rahma,16:89:22,raHomapF,رَحْمَةً,raHomap,N,,,primary
Rahma,17:24:6,r~aHomapi,رَّحْمَةِ,raHomap,N,,,primary
Rahma,17:28:5,raHomapK,رَحْمَةٍ,raHomap,N,,,primary
Rahma,17:57:11,raHomata,رَحْمَتَ,raHomap,N,,,primary
Rahma,17:82:7,raHomapN,رَحْمَةٌ,raHomap,N,,,primary
Rahma,17:87:2,raHomapF,رَحْمَةً,raHomap,N,,,primary
Rahma,17:100:6,raHomapi,رَحْمَةِ,raHomap,N,,,primary
Rahma,18:10:11,raHomapF,رَحْمَةً,raHomap,N,,,primary
Rahma,18:16:14,r~aHomati,رَّحْمَتِ,raHomap,N,,,primary
Rahma,18:58:4,r~aHomapi,رَّحْمَةِ,raHomap,N,,,primary
Rahma,18:65:6,raHomapF,رَحْمَةً,raHomap,N,,,primary
Rahma,18:82:22,raHomapF,رَحْمَةً,raHomap,N,,,primary
Rahma,18:98:3,raHomapN,رَحْمَةٌ,raHomap,N,,,primary
Rahma,19:2:2,raHomati,رَحْمَتِ,raHomap,N,,,primary
Rahma,19:21:11,raHomapF,رَحْمَةً,raHomap,N,,,primary
Rahma,19:50:4,r~aHomati,رَّحْمَتِ,raHomap,N,,,primary
Rahma,19:53:4,r~aHomati,رَّحْمَتِ,raHomap,N,,,primary
Rahma,21:75:3,raHomati,رَحْمَتِ,raHomap,N,,,primary
Rahma,21:84:12,raHomapF,رَحْمَةً,raHomap,N,,,primary
Rahma,21:86:3,raHomati,رَحْمَتِ,raHomap,N,,,primary
Rahma,21:107:4,raHomapF,رَحْمَةً,raHomap,N,,,primary
Rahma,24:10:5,raHomatu,رَحْمَتُ,raHomap,N,,,primary
Rahma,24:14:5,raHomatu,رَحْمَتُ,raHomap,N,,,primary
Rahma,24:20:5,raHomatu,رَحْمَتُ,raHomap,N,,,primary
Rahma,24:21:20,raHomatu,رَحْمَتُ,raHomap,N,,,primary
Rahma,25:48:8,raHomati,رَحْمَتِ,raHomap,N,,,primary
Rahma,27:19:21,raHomati,رَحْمَتِ,raHomap,N,,,primary
Rahma,27:63:13,raHomati,رَحْمَتِ,raHomap,N,,,primary
Rahma,27:77:3,raHomapN,رَحْمَةٌ,raHomap,N,,,primary
Rahma,28:43:14,raHomapF,رَحْمَةً,raHomap,N,,,primary
Rahma,28:46:8,r~aHomapF,رَّحْمَةً,raHomap,N,,,primary
Rahma,28:73:2,r~aHomati,رَّحْمَتِ,raHomap,N,,,primary
Rahma,28:86:9,raHomapF,رَحْمَةً,raHomap,N,,,primary
Rahma,29:23:9,r~aHomati,رَّحْمَتِ,raHomap,N,,,primary
Rahma,29:51:12,raHomapF,رَحْمَةً,raHomap,N,,,primary
Rahma,30:21:14,raHomapF,رَحْمَةً,raHomap,N,,,primary
Rahma,30:33:13,raHomapF,رَحْمَةً,raHomap,N,,,primary
Rahma,30:36:4,raHomapF,رَحْمَةً,raHomap,N,,,primary
Rahma,30:46:9,r~aHomati,رَّحْمَتِ,raHomap,N,,,primary
Rahma,30:50:4,raHomati,رَحْمَتِ,raHomap,N,,,primary
Rahma,31:3:2,raHomapF,رَحْمَةً,raHomap,N,,,primary
Rahma,33:17:15,raHomapF,رَحْمَةً,raHomap,N,,,primary
Rahma,35:2:6,r~aHomapK,رَّحْمَةٍ,raHomap,N,,,primary
Rahma,36:44:2,raHomapF,رَحْمَةً,raHomap,N,,,primary
Rahma,38:9:4,raHomapi,رَحْمَةِ,raHomap,N,,,primary
Rahma,38:43:6,raHomapF,رَحْمَةً,raHomap,N,,,primary
Rahma,39:9:11,raHomapa,رَحْمَةَ,raHomap,N,,,primary
Rahma,39:38:26,raHomapK,رَحْمَةٍ,raHomap,N,,,primary
Rahma,39:38:30,raHomati,رَحْمَتِ,raHomap,N,,,primary
Rahma,39:53:10,r~aHomapi,رَّحْمَةِ,raHomap,N,,,primary
Rahma,40:7:18,r~aHomapF,رَّحْمَةً,raHomap,N,,,primary
Rahma,41:50:3,raHomapF,رَحْمَةً,raHomap,N,,,primary
Rahma,42:8:12,raHomati,رَحْمَتِ,raHomap,N,,,primary
Rahma,42:28:10,raHomata,رَحْمَتَ,raHomap,N,,,primary
Rahma,42:48:16,raHomapF,رَحْمَةً,raHomap,N,,,primary
Rahma,43:32:3,raHomata,رَحْمَتَ,raHomap,N,,,primary
Rahma,43:32:21,raHomatu,رَحْمَتُ,raHomap,N,,,primary
Rahma,44:6:1,raHomapF,رَحْمَةً,raHomap,N,,,primary
Rahma,45:20:5,raHomapN,رَحْمَةٌ,raHomap,N,,,primary
Rahma,45:30:9,raHomati,رَحْمَتِ,raHomap,N,,,primary
Rahma,46:12:6,raHomapF,رَحْمَةً,raHomap,N,,,primary
Rahma,48:25:30,raHomati,رَحْمَتِ,raHomap,N,,,primary
Rahma,57:13:23,r~aHomapu,رَّحْمَةُ,raHomap,N,,,primary
Rahma,57:27:18,raHomapF,رَحْمَةً,raHomap,N,,,primary
Rahma,57:28:11,r~aHomati,رَّحْمَتِ,raHomap,N,,,primary
Rahma,76:31:5,raHomati,رَحْمَتِ,raHomap,N,,,primary
Maghfira,2:175:7,magofirapi,مَغْفِرَةِ,m~agofirap,N,,,primary
Maghfira,2:221:33,magofirapi,مَغْفِرَةِ,m~agofirap,N,,,primary
Maghfira,2:263:3,magofirapN,مَغْفِرَةٌ,m~agofirap,N,,,primary
Maghfira,2:268:8,m~agofirapF,مَّغْفِرَةً,m~agofirap,N,,,primary
Maghfira,3:133:3,magofirapK,مَغْفِرَةٍ,m~agofirap,N,,,primary
Maghfira,3:136:3,m~agofirapN,مَّغْفِرَةٌ,m~agofirap,N,,,primary
Maghfira,3:157:8,magofirapN,مَغْفِرَةٌ,m~agofirap,N,,,primary
Maghfira,4:96:3,magofirapF,مَغْفِرَةً,m~agofirap,N,,,primary
Maghfira,5:9:8,m~agofirapN,مَّغْفِرَةٌ,m~agofirap,N,,,primary
Maghfira,8:4:9,magofirapN,مَغْفِرَةٌ,m~agofirap,N,,,primary
Maghfira,8:74:16,m~agofirapN,مَّغْفِرَةٌ,m~agofirap,N,,,primary
Maghfira,11:11:8,m~agofirapN,مَّغْفِرَةٌ,m~agofirap,N,,,primary
Maghfira,13:6:13,magofirapK,مَغْفِرَةٍ,m~agofirap,N,,,primary
Maghfira,22:50:6,m~agofirapN,مَّغْفِرَةٌ,m~agofirap,N,,,primary
Maghfira,24:26:14,m~agofirapN,مَّغْفِرَةٌ,m~agofirap,N,,,primary
Maghfira,33:35:28,m~agofirapF,مَّغْفِرَةً,m~agofirap,N,,,primary
Maghfira,34:4:8,m~agofirapN,مَّغْفِرَةٌ,m~agofirap,N,,,primary
Maghfira,35:7:11,m~agofirapN,مَّغْفِرَةٌ,m~agofirap,N,,,primary
Maghfira,36:11:10,magofirapK,مَغْفِرَةٍ,m~agofirap,N,,,primary
Maghfira,41:43:14,magofirapK,مَغْفِرَةٍ,m~agofirap,N,,,primary
Maghfira,47:15:32,magofirapN,مَغْفِرَةٌ,m~agofirap,N,,,primary
Maghfira,48:29:52,m~agofirapF,مَّغْفِرَةً,m~agofirap,N,,,primary
Maghfira,49:3:15,m~agofirapN,مَّغْفِرَةٌ,m~agofirap,N,,,primary
Maghfira,53:32:11,magofirapi,مَغْفِرَةِ,m~agofirap,N,,,primary
Maghfira,57:20:30,magofirapN,مَغْفِرَةٌ,m~agofirap,N,,,primary
Maghfira,57:21:3,magofirapK,مَغْفِرَةٍ,m~agofirap,N,,,primary
Maghfira,67:12:7,m~agofirapN,مَّغْفِرَةٌ,m~agofirap,N,,,primary
Maghfira,74:56:11,magofirapi,مَغْفِرَةِ,m~agofirap,N,,,primary
Maghfira,2:285:24,guforaAna,غُفْرَانَ,guforaAn,N,,,variant:guforaAn
Ghani,2:263:10,ganiY~N,غَنِىٌّ,ganiY~,N,S,MS,primary
Ghani,2:267:28,ganiY~N,غَنِىٌّ,ganiY~,N,S,MS,primary
Ghani,2:273:14,>agoniyaA^'a,أَغْنِيَآءَ,ganiY~,N,P,MP,primary
Ghani,3:97:23,ganiY~N,غَنِىٌّ,ganiY~,N,S,MS,primary
Ghani,3:181:11,>agoniyaA^'u,أَغْنِيَآءُ,ganiY~,N,P,MP,primary
Ghani,4:6:22,ganiy~FA,غَنِيًّا,ganiY~,N,S,MS,primary
Ghani,4:131:31,ganiy~FA,غَنِيًّا,ganiY~,N,S,MS,primary
Ghani,4:135:17,ganiy~FA,غَنِيًّا,ganiY~,N,S,MS,primary
Ghani,6:133:2,ganiY~u,غَنِىُّ,ganiY~,N,S,MS,primary
Ghani,9:93:7,>agoniyaA^'u,أَغْنِيَآءُ,ganiY~,N,P,MP,primary
Ghani,10:68:7,ganiY~u,غَنِىُّ,ganiY~,N,S,MS,primary
Ghani,14:8:12,ganiY~N,غَنِىٌّ,ganiY~,N,S,MS,primary
Ghani,22:64:11,ganiY~u,غَنِىُّ,ganiY~,N,S,MS,primary
Ghani,27:40:37,ganiY~N,غَنِىٌّ,ganiY~,ADJ,S,MS,primary
Ghani,29:6:8,ganiY~N,غَنِىٌّ,ganiY~,N,S,MS,primary
Ghani,31:12:17,ganiY~N,غَنِىٌّ,ganiY~,ADJ,S,MS,primary
Ghani,31:26:9,ganiY~u,غَنِىُّ,ganiY~,N,S,MS,primary
Ghani,35:15:9,ganiY~u,غَنِىُّ,ganiY~,N,S,MS,primary
Ghani,39:7:5,ganiY~N,غَنِىٌّ,ganiY~,ADJ,S,MS,primary
Ghani,47:38:18,ganiY~u,غَنِىُّ,ganiY~,ADJ,S,MS,primary
Ghani,57:24:11,ganiY~u,غَنِىُّ,ganiY~,N,S,MS,primary
Ghani,59:7:22,>agoniyaA^'i,أَغْنِيَآءِ,ganiY~,N,P,MP,primary
Ghani,60:6:18,ganiY~u,غَنِىُّ,ganiY~,N,S,MS,primary
Ghani,64:6:15,ganiY~N,غَنِىٌّ,ganiY~,N,S,MS,primary
Faqir,2:271:9,fuqaraA^'a,فُقَرَآءَ,faqiyr,N,P,MP,primary
Faqir,2:273:1,fuqaraA^'i,فُقَرَآءِ,faqiyr,N,P,MP,primary
Faqir,3:181:9,faqiyrN,فَقِيرٌ,faqiyr,N,S,MS,primary
Faqir,4:6:26,faqiyrFA,فَقِيرًا,faqiyr,N,S,MS,primary
Faqir,4:135:19,faqiyrFA,فَقِيرًا,faqiyr,N,S,MS,primary
Faqir,9:60:3,fuqaraA^'i,فُقَرَآءِ,faqiyr,N,P,MP,primary
Faqir,22:28:20,faqiyra,فَقِيرَ,faqiyr,ADJ,S,MS,primary
Faqir,24:32:10,fuqaraA^'a,فُقَرَآءَ,faqiyr,N,P,MP,primary
Faqir,28:24:15,faqiyrN,فَقِيرٌ,faqiyr,ADJ,S,MS,primary
Faqir,35:15:4,fuqaraA^'u,فُقَرَآءُ,faqiyr,N,P,MP,primary
Faqir,47:38:20,fuqaraA^'u,فُقَرَآءُ,faqiyr,N,P,MP,primary
Faqir,59:8:1,fuqaraA^'i,فُقَرَآءِ,faqiyr,N,P,MP,primary
Hasana,2:201:8,HasanapF,حَسَنَةً,Hasanap,N,,,primary
Hasana,2:201:11,HasanapF,حَسَنَةً,Hasanap,N,,,primary
Hasana,3:120:3,HasanapN,حَسَنَةٌ,Hasanap,N,,,primary
Hasana,4:40:9,HasanapF,حَسَنَةً,Hasanap,N,,,primary
Hasana,4:78:12,HasanapN,حَسَنَةٌ,Hasanap,N,,,primary
Hasana,4:79:4,HasanapK,حَسَنَةٍ,Hasanap,N,,,primary
Hasana,4:85:4,HasanapF,حَسَنَةً,Hasanap,ADJ,,,primary
Hasana,6:160:3,Hasanapi,حَسَنَةِ,Hasanap,N,,,primary
Hasana,7:95:5,Hasanapa,حَسَنَةَ,Hasanap,N,,,primary
Hasana,7:131:3,Hasanapu,حَسَنَةُ,Hasanap,N,,,primary
Hasana,7:156:6,HasanapF,حَسَنَةً,Hasanap,N,,,primary
Hasana,9:50:3,HasanapN,حَسَنَةٌ,Hasanap,N,,,primary
Hasana,13:6:4,Hasanapi,حَسَنَةِ,Hasanap,N,,,primary
Hasana,13:22:14,Hasanapi,حَسَنَةِ,Hasanap,N,,,primary
Hasana,16:30:14,HasanapN,حَسَنَةٌ,Hasanap,N,,,primary
Hasana,16:41:12,HasanapF,حَسَنَةً,Hasanap,N,,,primary
Hasana,16:122:4,HasanapF,حَسَنَةً,Hasanap,N,,,primary
Hasana,16:125:7,Hasanapi,حَسَنَةِ,Hasanap,N,,,primary
Hasana,27:46:7,Hasanapi,حَسَنَةِ,Hasanap,N,,,primary
Hasana,27:89:3,Hasanapi,حَسَنَةِ,Hasanap,N,,,primary
Hasana,28:54:8,Hasanapi,حَسَنَةِ,Hasanap,N,,,primary
Hasana,28:84:3,Hasanapi,حَسَنَةِ,Hasanap,N,,,primary
Hasana,33:21:8,HasanapN,حَسَنَةٌ,Hasanap,N,,,primary
Hasana,39:10:12,HasanapN,حَسَنَةٌ,Hasanap,N,,,primary
Hasana,41:34:3,Hasanapu,حَسَنَةُ,Hasanap,N,,,primary
Hasana,42:23:21,HasanapF,حَسَنَةً,Hasanap,N,,,primary
Hasana,60:4:5,HasanapN,حَسَنَةٌ,Hasanap,ADJ,,,primary
Hasana,60:6:6,HasanapN,حَسَنَةٌ,Hasanap,ADJ,,,primary
Hasana,7:168:11,Hasana`ti,حَسَنَٰتِ,Hasana`t,N,P,FP,variant:Hasana`t
Hasana,11:114:9,Hasana`ti,حَسَنَٰتِ,Hasana`t,N,P,FP,variant:Hasana`t
Hasana,25:70:12,Hasana`tK,حَسَنَٰتٍ,Hasana`t,N,P,FP,variant:Hasana`t
Sayyi'a,2:81:4,say~i}apF,سَيِّئَةً,say~i}ap,N,,,primary
Sayyi'a,3:120:7,say~i}apN,سَيِّئَةٌ,say~i}ap,N,,,primary
Sayyi'a,4:78:20,say~i}apN,سَيِّئَةٌ,say~i}ap,N,,,primary
Sayyi'a,4:79:10,say~i}apK,سَيِّئَةٍ,say~i}ap,N,,,primary
Sayyi'a,4:85:12,say~i}apF,سَيِّئَةً,say~i}ap,ADJ,,,primary
Sayyi'a,6:160:9,s~ay~i}api,سَّيِّئَةِ,say~i}ap,N,,,primary
Sayyi'a,7:95:4,s~ay~i}api,سَّيِّئَةِ,say~i}ap,N,,,primary
Sayyi'a,7:131:9,say~i}apN,سَيِّئَةٌ,say~i}ap,N,,,primary
Sayyi'a,10:27:5,say~i}apK],سَيِّئَةٍۭ,say~i}ap,N,,,primary
Sayyi'a,13:6:2,s~ay~i}api,سَّيِّئَةِ,say~i}ap,N,,,primary
Sayyi'a,13:22:15,s~ay~i}apa,سَّيِّئَةَ,say~i}ap,N,,,primary
Sayyi'a,23:96:5,s~ay~i}apa,سَّيِّئَةَ,say~i}ap,N,,,primary
Sayyi'a,27:46:5,s~ay~i}api,سَّيِّئَةِ,say~i}ap,N,,,primary
Sayyi'a,27:90:3,s~ay~i}api,سَّيِّئَةِ,say~i}ap,N,,,primary
Sayyi'a,28:54:9,s~ay~i}apa,سَّيِّئَةَ,say~i}ap,N,,,primary
Sayyi'a,28:84:9,s~ay~i}api,سَّيِّئَةِ,say~i}ap,N,,,primary
Sayyi'a,30:36:9,say~i}apN[,سَيِّئَةٌۢ,say~i}ap,N,,,primary
Sayyi'a,40:40:3,say~i}apF,سَيِّئَةً,say~i}ap,N,,,primary
Sayyi'a,41:34:5,s~ay~i}apu,سَّيِّئَةُ,say~i}ap,N,,,primary
Sayyi'a,42:40:2,say~i}apK,سَيِّئَةٍ,say~i}ap,N,,,primary
Sayyi'a,42:40:3,say~i}apN,سَيِّئَةٌ,say~i}ap,N,,,primary
Sayyi'a,42:48:21,say~i}apN[,سَيِّئَةٌۢ,say~i}ap,N,,,primary
Sayyi'a,2:271:16,say~i_#aAti,سَيِّـَٔاتِ,say~i_#aAt,N,P,FP,variant:say~i_#aAt
Sayyi'a,3:193:17,say~i_#aAti,سَيِّـَٔاتِ,say~i_#aAt,N,P,FP,variant:say~i_#aAt
Sayyi'a,3:195:29,say~i_#aAti,سَيِّـَٔاتِ,say~i_#aAt,N,P,FP,variant:say~i_#aAt
Sayyi'a,4:18:5,s~ay~i_#aAti,سَّيِّـَٔاتِ,say~i_#aAt,N,P,FP,variant:say~i_#aAt
Sayyi'a,4:31:9,say~i_#aAti,سَيِّـَٔاتِ,say~i_#aAt,N,P,FP,variant:say~i_#aAt
Sayyi'a,5:12:30,say~i_#aAti,سَيِّـَٔاتِ,say~i_#aAt,N,P,FP,variant:say~i_#aAt
Sayyi'a,5:65:9,say~i_#aAti,سَيِّـَٔاتِ,say~i_#aAt,N,P,FP,variant:say~i_#aAt
Sayyi'a,7:153:3,s~ay~i_#aAti,سَّيِّـَٔاتِ,say~i_#aAt,N,P,FP,variant:say~i_#aAt
Sayyi'a,7:168:12,s~ay~i_#aAti,سَّيِّـَٔاتِ,say~i_#aAt,N,P,FP,variant:say~i_#aAt
Sayyi'a,8:29:12,say~i_#aAti,سَيِّـَٔاتِ,say~i_#aAt,N,P,FP,variant:say~i_#aAt
Sayyi'a,10:27:3,s~ay~i_#aAti,سَّيِّـَٔاتِ,say~i_#aAt,N,P,FP,variant:say~i_#aAt
Sayyi'a,11:10:9,s~ay~i_#aAtu,سَّيِّـَٔاتُ,say~i_#aAt,N,P,FP,variant:say~i_#aAt
Sayyi'a,11:78:9,s~ay~i_#aAti,سَّيِّـَٔاتِ,say~i_#aAt,N,P,FP,variant:say~i_#aAt
Sayyi'a,11:114:11,s~ay~i_#aAti,سَّيِّـَٔاتِ,say~i_#aAt,N,P,FP,variant:say~i_#aAt
Sayyi'a,16:34:2,say~i_#aAtu,سَيِّـَٔاتُ,say~i_#aAt,N,,,variant:say~i_#aAt
Sayyi'a,16:45:4,s~ay~i_#aAti,سَّيِّـَٔاتِ,say~i_#aAt,N,P,FP,variant:say~i_#aAt
Sayyi'a,25:70:11,say~i_#aAti,سَيِّـَٔاتِ,say~i_#aAt,N,P,FP,variant:say~i_#aAt
Sayyi'a,28:84:14,s~ay~i_#aAti,سَّيِّـَٔاتِ,say~i_#aAt,N,P,FP,variant:say~i_#aAt
Sayyi'a,29:4:5,s~ay~i_#aAti,سَّيِّـَٔاتِ,say~i_#aAt,N,P,FP,variant:say~i_#aAt
Sayyi'a,29:7:7,say~i_#aAti,سَيِّـَٔاتِ,say~i_#aAt,N,P,FP,variant:say~i_#aAt
Sayyi'a,35:10:17,s~ay~i_#aAti,سَّيِّـَٔاتِ,say~i_#aAt,N,P,FP,variant:say~i_#aAt
Sayyi'a,39:48:3,say~i_#aAtu,سَيِّـَٔاتُ,say~i_#aAt,N,P,FP,variant:say~i_#aAt
Sayyi'a,39:51:2,say~i_#aAtu,سَيِّـَٔاتُ,say~i_#aAt,N,P,FP,variant:say~i_#aAt
Sayyi'a,39:51:10,say~i_#aAtu,سَيِّـَٔاتُ,say~i_#aAt,N,P,FP,variant:say~i_#aAt
Sayyi'a,40:9:2,s~ay~i_#aAti,سَّيِّـَٔاتِ,say~i_#aAt,N,P,FP,variant:say~i_#aAt
Sayyi'a,40:9:5,s~ay~i_#aAti,سَّيِّـَٔاتِ,say~i_#aAt,N,P,FP,variant:say~i_#aAt
Sayyi'a,40:45:3,say~i_#aAti,سَيِّـَٔاتِ,say~i_#aAt,N,P,FP,variant:say~i_#aAt
Sayyi'a,42:25:9,s~ay~i_#aAti,سَّيِّـَٔاتِ,say~i_#aAt,N,P,FP,variant:say~i_#aAt
Sayyi'a,45:21:5,s~ay~i_#aAti,سَّيِّـَٔاتِ,say~i_#aAt,N,P,FP,variant:say~i_#aAt
Sayyi'a,45:33:3,say~i_#aAtu,سَيِّـَٔاتُ,say~i_#aAt,N,P,FP,variant:say~i_#aAt
Sayyi'a,46:16:10,say~i_#aAti,سَيِّـَٔاتِ,say~i_#aAt,N,P,FP,variant:say~i_#aAt
Sayyi'a,47:2:16,say~i_#aAti,سَيِّـَٔاتِ,say~i_#aAt,N,P,FP,variant:say~i_#aAt
Sayyi'a,48:5:13,say~i_#aAti,سَيِّـَٔاتِ,say~i_#aAt,N,P,FP,variant:say~i_#aAt
Sayyi'a,64:9:15,say~i_#aAti,سَيِّـَٔاتِ,say~i_#aAt,N,P,FP,variant:say~i_#aAt
Sayyi'a,65:5:11,say~i_#aAti,سَيِّـَٔاتِ,say~i_#aAt,N,P,FP,variant:say~i_#aAt
Sayyi'a,66:8:14,say~i_#aAti,سَيِّـَٔاتِ,say~i_#aAt,N,P,FP,variant:say~i_#aAt
Adam,2:31:2,'aAdama,ءَادَمَ,A^dam,PN,,,primary
Adam,2:33:2,_#aAdamu,ـَٔادَمُ,A^dam,PN,,,primary
Adam,2:34:5,'aAdama,ءَادَمَ,A^dam,PN,,,primary
Adam,2:35:2,_#aAdamu,ـَٔادَمُ,A^dam,PN,,,primary
Adam,2:37:2,'aAdamu,ءَادَمُ,A^dam,PN,,,primary
Adam,3:33:4,'aAdama,ءَادَمَ,A^dam,PN,,,primary
Adam,3:59:7,'aAdama,ءَادَمَ,A^dam,PN,,,primary
Adam,5:27:5,'aAdama,ءَادَمَ,A^dam,PN,,,primary
Adam,7:11:9,'aAdama,ءَادَمَ,A^dam,PN,,,primary
Adam,7:19:1,_#aAdamu,ـَٔادَمُ,A^dam,PN,,,primary
Adam,7:26:2,'aAdama,ءَادَمَ,A^dam,PN,,,primary
Adam,7:27:2,'aAdama,ءَادَمَ,A^dam,PN,,,primary
Adam,7:31:2,'aAdama,ءَادَمَ,A^dam,PN,,,primary
Adam,7:35:2,'aAdama,ءَادَمَ,A^dam,PN,,,primary
Adam,7:172:6,'aAdama,ءَادَمَ,A^dam,PN,,,primary
Adam,17:61:5,'aAdama,ءَادَمَ,A^dam,PN,,,primary
Adam,17:70:4,'aAdama,ءَادَمَ,A^dam,PN,,,primary
Adam,18:50:5,'aAdama,ءَادَمَ,A^dam,PN,,,primary
Adam,19:58:10,'aAdama,ءَادَمَ,A^dam,PN,,,primary
Adam,20:115:4,'aAdama,ءَادَمَ,A^dam,PN,,,primary
Adam,20:116:5,'aAdama,ءَادَمَ,A^dam,PN,,,primary
Adam,20:117:2,_#aAdamu,ـَٔادَمُ,A^dam,PN,,,primary
Adam,20:120:5,_#aAdamu,ـَٔادَمُ,A^dam,PN,,,primary
Adam,20:121:13,'aAdamu,ءَادَمُ,A^dam,PN,,,primary
Adam,36:60:5,'aAdama,ءَادَمَ,A^dam,PN,,,primary
Isa,2:87:10,EiysaY,عِيسَى,EiysaY,PN,,,primary
Isa,2:136:18,EiysaY`,عِيسَىٰ,EiysaY,PN,,,primary
Isa,2:253:15,EiysaY,عِيسَى,EiysaY,PN,,,primary
Isa,3:45:12,EiysaY,عِيسَى,EiysaY,PN,,,primary
Isa,3:52:3,EiysaY`,عِيسَىٰ,EiysaY,PN,,,primary
Isa,3:55:4,EiysaY`^,عِيسَىٰٓ,EiysaY,PN,,,primary
Isa,3:59:3,EiysaY`,عِيسَىٰ,EiysaY,PN,,,primary
Isa,3:84:18,EiysaY`,عِيسَىٰ,EiysaY,PN,,,primary
Isa,4:157:5,EiysaY,عِيسَى,EiysaY,PN,,,primary
Isa,4:163:18,EiysaY`,عِيسَىٰ,EiysaY,PN,,,primary
Isa,4:171:15,EiysaY,عِيسَى,EiysaY,PN,,,primary
Isa,5:46:4,EiysaY,عِيسَى,EiysaY,PN,,,primary
Isa,5:78:10,EiysaY,عِيسَى,EiysaY,PN,,,primary
Isa,5:110:4,EiysaY,عِيسَى,EiysaY,PN,,,primary
Isa,5:112:4,EiysaY,عِيسَى,EiysaY,PN,,,primary
Isa,5:114:2,EiysaY,عِيسَى,EiysaY,PN,,,primary
Isa,5:116:4,EiysaY,عِيسَى,EiysaY,PN,,,primary
Isa,6:85:3,EiysaY`,عِيسَىٰ,EiysaY,PN,,,primary
Isa,19:34:2,EiysaY,عِيسَى,EiysaY,PN,,,primary
Isa,33:7:11,EiysaY,عِيسَى,EiysaY,PN,,,primary
Isa,42:13:17,EiysaY`^,عِيسَىٰٓ,EiysaY,PN,,,primary
Isa,43:63:3,EiysaY`,عِيسَىٰ,EiysaY,PN,,,primary
Isa,57:27:7,EiysaY,عِيسَى,EiysaY,PN,,,primary
Isa,61:6:3,EiysaY,عِيسَى,EiysaY,PN,,,primary
Isa,61:14:9,EiysaY,عِيسَى,EiysaY,PN,,,primary
Insan,2:60:17,>unaAsK,أُنَاسٍ,<insa`n,N,P,MP,primary
Insan,4:28:7,<insa`nu,إِنسَٰنُ,<insa`n,N,,,primary
Insan,7:82:12,>unaAsN,أُنَاسٌ,<insa`n,N,P,MP,primary
Insan,7:160:24,>unaAsK,أُنَاسٍ,<insa`n,N,P,MP,primary
Insan,10:12:3,<insa`na,إِنسَٰنَ,<insa`n,N,,,primary
Insan,11:9:3,<insa`na,إِنسَٰنَ,<insa`n,N,,,primary
Insan,12:5:13,<insa`ni,إِنسَٰنِ,<insa`n,N,,,primary
Insan,14:34:13,<insa`na,إِنسَٰنَ,<insa`n,N,,,primary
Insan,15:26:3,<insa`na,إِنسَٰنَ,<insa`n,N,,,primary
Insan,16:4:2,<insa`na,إِنسَٰنَ,<insa`n,N,,,primary
Insan,17:11:2,<insa`nu,إِنسَٰنُ,<insa`n,N,,,primary
Insan,17:11:7,<insa`nu,إِنسَٰنُ,<insa`n,N,,,primary
Insan,17:13:2,<insa`nK,إِنسَٰنٍ,<insa`n,N,,,primary
Insan,17:53:14,<insa`ni,إِنسَٰنِ,<insa`n,N,,,primary
Insan,17:67:17,<insa`nu,إِنسَٰنُ,<insa`n,N,,,primary
Insan,17:71:4,>unaAsK],أُنَاسٍۭ,<insa`n,N,P,MP,primary
Insan,17:83:4,<insa`ni,إِنسَٰنِ,<insa`n,N,,,primary
Insan,17:100:13,<insa`nu,إِنسَٰنُ,<insa`n,N,,,primary
Insan,18:54:11,<insa`nu,إِنسَٰنُ,<insa`n,N,,,primary
Insan,19:66:2,<insa`nu,إِنسَٰنُ,<insa`n,N,,,primary
Insan,19:67:3,<insa`nu,إِنسَٰنُ,<insa`n,N,,,primary
Insan,21:37:2,<insa`nu,إِنسَٰنُ,<insa`n,N,,,primary
Insan,22:66:9,<insa`na,إِنسَٰنَ,<insa`n,N,,,primary
Insan,23:12:3,<insa`na,إِنسَٰنَ,<insa`n,N,,,primary
Insan,25:29:10,<insa`ni,إِنسَٰنِ,<insa`n,N,,,primary
Insan,25:49:9,>anaAsiY~a,أَنَاسِىَّ,<insa`n,N,P,MP,primary
Insan,27:56:14,>unaAsN,أُنَاسٌ,<insa`n,N,P,MP,primary
Insan,29:8:2,<insa`na,إِنسَٰنَ,<insa`n,N,,,primary
Insan,31:14:2,<insa`na,إِنسَٰنَ,<insa`n,N,,,primary
Insan,32:7:8,<insa`ni,إِنسَٰنِ,<insa`n,N,,,primary
Insan,33:72:14,<insa`nu,إِنسَٰنُ,<insa`n,N,,,primary
Insan,36:77:3,<insa`nu,إِنسَٰنُ,<insa`n,N,,,primary
Insan,39:8:3,<insa`na,إِنسَٰنَ,<insa`n,N,,,primary
Insan,39:49:3,<insa`na,إِنسَٰنَ,<insa`n,N,,,primary
Insan,41:49:3,<insa`nu,إِنسَٰنُ,<insa`n,N,,,primary
Insan,41:51:4,<insa`ni,إِنسَٰنِ,<insa`n,N,,,primary
Insan,42:48:14,<insa`na,إِنسَٰنَ,<insa`n,N,,,primary
Insan,42:48:26,<insa`na,إِنسَٰنَ,<insa`n,N,,,primary
Insan,43:15:7,<insa`na,إِنسَٰنَ,<insa`n,N,,,primary
Insan,46:15:2,<insa`na,إِنسَٰنَ,<insa`n,N,,,primary
Insan,50:16:3,<insa`na,إِنسَٰنَ,<insa`n,N,,,primary
Insan,53:24:2,<insa`ni,إِنسَٰنِ,<insa`n,N,,,primary
Insan,53:39:3,<insa`ni,إِنسَٰنِ,<insa`n,N,,,primary
Insan,55:3:2,<insa`na,إِنسَٰنَ,<insa`n,N,,,primary
Insan,55:14:2,<insa`na,إِنسَٰنَ,<insa`n,N,,,primary
Insan,59:16:5,<insa`ni,إِنسَٰنِ,<insa`n,N,,,primary
Insan,70:19:2,<insa`na,إِنسَٰنَ,<insa`n,N,,,primary
Insan,75:3:2,<insa`nu,إِنسَٰنُ,<insa`n,N,,,primary
Insan,75:5:3,<insa`nu,إِنسَٰنُ,<insa`n,N,,,primary
Insan,75:10:2,<insa`nu,إِنسَٰنُ,<insa`n,N,,,primary
Insan,75:13:2,<insa`nu,إِنسَٰنُ,<insa`n,N,,,primary
Insan,75:14:2,<insa`nu,إِنسَٰنُ,<insa`n,N,,,primary
Insan,75:36:2,<insa`nu,إِنسَٰنُ,<insa`n,N,,,primary
Insan,76:1:4,<insa`ni,إِنسَٰنِ,<insa`n,N,,,primary
Insan,76:2:3,<insa`na,إِنسَٰنَ,<insa`n,N,,,primary
Insan,79:35:3,<insa`nu,إِنسَٰنُ,<insa`n,N,,,primary
Insan,80:17:2,<insa`nu,إِنسَٰنُ,<insa`n,N,,,primary
Insan,80:24:2,<insa`nu,إِنسَٰنُ,<insa`n,N,,,primary
Insan,82:6:2,<insa`nu,إِنسَٰنُ,<insa`n,N,,,primary
Insan,84:6:2,<insa`nu,إِنسَٰنُ,<insa`n,N,,,primary
Insan,86:5:2,<insa`nu,إِنسَٰنُ,<insa`n,N,,,primary
Insan,89:15:2,<insa`nu,إِنسَٰنُ,<insa`n,N,,,primary
Insan,89:23:6,<insa`nu,إِنسَٰنُ,<insa`n,N,,,primary
Insan,90:4:3,<insa`na,إِنسَٰنَ,<insa`n,N,,,primary
Insan,95:4:3,<insa`na,إِنسَٰنَ,<insa`n,N,,,primary
Insan,96:2:2,<insa`na,إِنسَٰنَ,<insa`n,N,,,primary
Insan,96:5:2,<insa`na,إِنسَٰنَ,<insa`n,N,,,primary
Insan,96:6:3,<insa`na,إِنسَٰنَ,<insa`n,N,,,primary
Insan,99:3:2,<insa`nu,إِنسَٰنُ,<insa`n,N,,,primary
Insan,100:6:2,<insa`na,إِنسَٰنَ,<insa`n,N,,,primary
Insan,103:2:2,<insa`na,إِنسَٰنَ,<insa`n,N,,,primary
Insan,6:112:7,<insi,إِنسِ,<ins,N,,,variant:<ins
Insan,6:128:9,<insi,إِنسِ,<ins,N,,,variant:<ins
Insan,6:128:13,<insi,إِنسِ,<ins,N,,,variant:<ins
Insan,6:130:3,<insi,إِنسِ,<ins,N,,,variant:<ins
Insan,7:38:11,<insi,إِنسِ,<ins,N,,,variant:<ins
Insan,7:179:7,<insi,إِنسِ,<ins,N,,,variant:<ins
Insan,17:88:4,<insu,إِنسُ,<ins,N,,,variant:<ins
Insan,27:17:6,<insi,إِنسِ,<ins,N,,,variant:<ins
Insan,41:25:22,<insi,إِنسِ,<ins,N,,,variant:<ins
Insan,41:29:10,<insi,إِنسِ,<ins,N,,,variant:<ins
Insan,46:18:14,<insi,إِنسِ,<ins,N,,,variant:<ins
Insan,51:56:4,<insa,إِنسَ,<ins,N,,,variant:<ins
Insan,55:33:3,<insi,إِنسِ,<ins,N,,,variant:<ins
Insan,55:39:6,<insN,إِنسٌ,<ins,N,,,variant:<ins
Insan,55:56:6,<insN,إِنسٌ,<ins,N,,,variant:<ins
Insan,55:74:3,<insN,إِنسٌ,<ins,N,,,variant:<ins
Insan,72:5:6,<insu,إِنسُ,<ins,N,,,variant:<ins
Insan,72:6:5,<insi,إِنسِ,<ins,N,,,variant:<ins
Iblis,2:34:8,<iboliysa,إِبْلِيسَ,<iboliys,PN,,,primary
Iblis,7:11:12,<iboliysa,إِبْلِيسَ,<iboliys,PN,,,primary
Iblis,15:31:2,<iboliysa,إِبْلِيسَ,<iboliys,PN,,,primary
Iblis,15:32:2,<iboliysu,إِبْلِيسُ,<iboliys,PN,,,primary
Iblis,17:61:8,<iboliysa,إِبْلِيسَ,<iboliys,PN,,,primary
Iblis,18:50:8,<iboliysa,إِبْلِيسَ,<iboliys,PN,,,primary
Iblis,20:116:8,<iboliysa,إِبْلِيسَ,<iboliys,PN,,,primary
Iblis,26:95:2,<iboliysa,إِبْلِيسَ,<iboliys,PN,,,primary
Iblis,34:20:4,<iboliysu,إِبْلِيسُ,<iboliys,PN,,,primary
Iblis,38:74:2,<iboliysa,إِبْلِيسَ,<iboliys,PN,,,primary
Iblis,38:75:2,<iboliysu,إِبْلِيسُ,<iboliys,PN,,,primary
Iman,2:93:24,<iyma`nu,إِيمَٰنُ,<iyma`n,N,,,primary
Iman,2:108:14,<iyma`ni,إِيمَٰنِ,<iyma`n,N,,,primary
Iman,2:109:10,<iyma`ni,إِيمَٰنِ,<iyma`n,N,,,primary
Iman,2:143:40,<iyma`na,إِيمَٰنَ,<iyma`n,N,,,primary
Iman,3:86:7,<iyma`ni,إِيمَٰنِ,<iyma`n,N,,,primary
Iman,3:90:5,<iyma`ni,إِيمَٰنِ,<iyma`n,N,,,primary
Iman,3:100:13,<iyma`ni,إِيمَٰنِ,<iyma`n,N,,,primary
Iman,3:106:12,<iyma`ni,إِيمَٰنِ,<iyma`n,N,,,primary
Iman,3:167:23,<iyma`ni,إِيمَٰنِ,<iyma`n,N,,,primary
Iman,3:173:12,<iyma`nFA,إِيمَٰنًا,<iyma`n,N,,,primary
Iman,3:177:5,<iyma`ni,إِيمَٰنِ,<iyma`n,N,,,primary
Iman,3:193:6,<iyma`ni,إِيمَٰنِ,<iyma`n,N,,,primary
Iman,4:25:19,<iyma`ni,إِيمَٰنِ,<iyma`n,N,,,primary
Iman,5:5:35,<iyma`ni,إِيمَٰنِ,<iyma`n,N,,,primary
Iman,6:82:5,<iyma`na,إِيمَٰنَ,<iyma`n,N,,,primary
Iman,6:158:23,<iyma`nu,إِيمَٰنُ,<iyma`n,N,,,primary
Iman,6:158:32,<iyma`ni,إِيمَٰنِ,<iyma`n,N,,,primary
Iman,8:2:14,<iyma`nFA,إِيمَٰنًا,<iyma`n,N,,,primary
Iman,9:23:13,<iyma`ni,إِيمَٰنِ,<iyma`n,N,,,primary
Iman,9:66:6,<iyma`ni,إِيمَٰنِ,<iyma`n,N,,,primary
Iman,9:124:11,<iyma`nFA,إِيمَٰنًا,<iyma`n,N,,,primary
Iman,9:124:16,<iyma`nFA,إِيمَٰنًا,<iyma`n,N,,,primary
Iman,10:9:8,<iyma`ni,إِيمَٰنِ,<iyma`n,N,,,primary
Iman,10:98:6,<iyma`nu,إِيمَٰنُ,<iyma`n,N,,,primary
Iman,16:106:6,<iyma`ni,إِيمَٰنِ,<iyma`n,N,,,primary
Iman,16:106:12,<iyma`ni,إِيمَٰنِ,<iyma`n,N,,,primary
Iman,30:56:5,<iyma`na,إِيمَٰنَ,<iyma`n,N,,,primary
Iman,32:29:8,<iyma`nu,إِيمَٰنُ,<iyma`n,N,,,primary
Iman,33:22:17,<iyma`nFA,إِيمَٰنًا,<iyma`n,N,,,primary
Iman,40:10:14,<iyma`ni,إِيمَٰنِ,<iyma`n,N,,,primary
Iman,40:28:8,<iyma`na,إِيمَٰنَ,<iyma`n,N,,,primary
Iman,40:85:4,<iyma`nu,إِيمَٰنُ,<iyma`n,N,,,primary
Iman,42:52:13,<iyma`nu,إِيمَٰنُ,<iyma`n,N,,,primary
Iman,48:4:9,<iyma`nFA,إِيمَٰنًا,<iyma`n,N,,,primary
Iman,48:4:11,<iyma`ni,إِيمَٰنِ,<iyma`n,N,,,primary
Iman,49:7:17,<iyma`na,إِيمَٰنَ,<iyma`n,N,,,primary
Iman,49:11:33,<iyma`ni,إِيمَٰنِ,<iyma`n,N,,,primary
Iman,49:14:12,<iyma`nu,إِيمَٰنُ,<iyma`n,N,,,primary
Iman,49:17:16,<iyma`ni,إِيمَٰنِ,<iyma`n,N,,,primary
Iman,52:21:5,<iyma`nK,إِيمَٰنٍ,<iyma`n,N,,,primary
Iman,58:22:26,<iyma`na,إِيمَٰنَ,<iyma`n,N,,,primary
Iman,59:9:4,<iyma`na,إِيمَٰنَ,<iyma`n,N,,,primary
Iman,59:10:12,<iyma`ni,إِيمَٰنِ,<iyma`n,N,,,primary
Iman,60:10:11,<iyma`ni,إِيمَٰنِ,<iyma`n,N,,,primary
Iman,74:31:21,<iyma`nFA,إِيمَٰنًا,<iyma`n,N,,,primary
Kufr,2:88:7,kufori,كُفْرِ,kufor,N,,,primary
Kufr,2:93:19,kufori,كُفْرِ,kufor,N,,,primary
Kufr,2:108:13,kufora,كُفْرَ,kufor,N,,,primary
Kufr,2:217:15,kuforN[,كُفْرٌۢ,kufor,N,,,primary
Kufr,3:52:5,kufora,كُفْرَ,kufor,N,,,primary
Kufr,3:80:9,kufori,كُفْرِ,kufor,N,,,primary
Kufr,3:90:8,kuforFA,كُفْرًا,kufor,N,,,primary
Kufr,3:167:19,kufori,كُفْرِ,kufor,N,,,primary
Kufr,3:176:6,kufori,كُفْرِ,kufor,N,,,primary
Kufr,3:177:4,kufora,كُفْرَ,kufor,N,,,primary
Kufr,4:46:34,kufori,كُفْرِ,kufor,N,,,primary
Kufr,4:137:12,kuforFA,كُفْرًا,kufor,N,,,primary
Kufr,4:155:4,kufori,كُفْرِ,kufor,N,,,primary
Kufr,4:155:18,kufori,كُفْرِ,kufor,N,,,primary
Kufr,4:156:1,kufori,كُفْرِ,kufor,N,,,primary
Kufr,5:41:8,kufori,كُفْرِ,kufor,N,,,primary
Kufr,5:61:7,kufori,كُفْرِ,kufor,N,,,primary
Kufr,5:64:26,kuforFA,كُفْرًا,kufor,N,,,primary
Kufr,5:68:25,kuforFA,كُفْرًا,kufor,N,,,primary
Kufr,9:12:12,kufori,كُفْرِ,kufor,N,,,primary
Kufr,9:17:11,kufori,كُفْرِ,kufor,N,,,primary
Kufr,9:23:11,kufora,كُفْرَ,kufor,N,,,primary
Kufr,9:37:5,kufori,كُفْرِ,kufor,N,,,primary
Kufr,9:74:8,kufori,كُفْرِ,kufor,N,,,primary
Kufr,9:97:3,kuforFA,كُفْرًا,kufor,N,,,primary
Kufr,9:107:5,kuforFA,كُفْرًا,kufor,N,,,primary
Kufr,14:28:8,kuforFA,كُفْرًا,kufor,N,,,primary
Kufr,16:106:16,kufori,كُفْرِ,kufor,N,,,primary
Kufr,18:80:10,kuforFA,كُفْرًا,kufor,N,,,primary
Kufr,30:44:4,kuforu,كُفْرُ,kufor,N,,,primary
Kufr,31:23:5,kuforu,كُفْرُ,kufor,N,,,primary
Kufr,35:39:10,kuforu,كُفْرُ,kufor,N,,,primary
Kufr,35:39:14,kuforu,كُفْرُ,kufor,N,,,primary
Kufr,35:39:22,kuforu,كُفْرُ,kufor,N,,,primary
Kufr,39:7:10,kufora,كُفْرَ,kufor,N,,,primary
Kufr,39:8:29,kufori,كُفْرِ,kufor,N,,,primary
Kufr,49:7:23,kufora,كُفْرَ,kufor,N,,,primary
Kufr,21:94:8,kuforaAna,كُفْرَانَ,kuforaAn,N,,,variant:kuforaAn
Kufr,17:89:14,kufuwrFA,كُفُورًا,kufuwr,N,,,variant:kufuwr
Kufr,17:99:23,kufuwrFA,كُفُورًا,kufuwr,N,,,variant:kufuwr
Kufr,25:50:9,kufuwrFA,كُفُورًا,kufuwr,N,,,variant:kufuwr
Turab,2:264:23,turaAbN,تُرَابٌ,turaAb,N,,,primary
Turab,3:59:10,turaAbK,تُرَابٍ,turaAb,N,,,primary
Turab,13:5:7,tura`bFA,تُرَٰبًا,turaAb,N,,,primary
Turab,16:59:15,t~uraAbi,تُّرَابِ,turaAb,N,,,primary
Turab,18:37:10,turaAbK,تُرَابٍ,turaAb,N,,,primary
Turab,22:5:12,turaAbK,تُرَابٍ,turaAb,N,,,primary
Turab,23:35:6,turaAbFA,تُرَابًا,turaAb,N,,,primary
Turab,23:82:5,turaAbFA,تُرَابًا,turaAb,N,,,primary
Turab,27:67:6,tura`bFA,تُرَٰبًا,turaAb,N,,,primary
Turab,30:20:6,turaAbK,تُرَابٍ,turaAb,N,,,primary
Turab,35:11:4,turaAbK,تُرَابٍ,turaAb,N,,,primary
Turab,37:16:4,turaAbFA,تُرَابًا,turaAb,N,,,primary
Turab,37:53:4,turaAbFA,تُرَابًا,turaAb,N,,,primary
Turab,40:67:5,turaAbK,تُرَابٍ,turaAb,N,,,primary
Turab,50:3:4,turaAbFA,تُرَابًا,turaAb,N,,,primary
Turab,56:47:6,turaAbFA,تُرَابًا,turaAb,N,,,primary
Turab,78:40:15,tura`bF[A,تُرَٰبًۢا,turaAb,N,,,primary
Nutfa,16:4:4,n~uTofapK,نُّطْفَةٍ,n~uTofap,N,,,primary
Nutfa,18:37:13,n~uTofapK,نُّطْفَةٍ,n~uTofap,N,,,primary
Nutfa,22:5:15,n~uTofapK,نُّطْفَةٍ,n~uTofap,N,,,primary
Nutfa,23:13:3,nuTofapF,نُطْفَةً,n~uTofap,N,,,primary
Nutfa,23:14:3,n~uTofapa,نُّطْفَةَ,n~uTofap,N,,,primary
Nutfa,35:11:7,n~uTofapK,نُّطْفَةٍ,n~uTofap,N,,,primary
Nutfa,36:77:7,n~uTofapK,نُّطْفَةٍ,n~uTofap,N,,,primary
Nutfa,40:67:8,n~uTofapK,نُّطْفَةٍ,n~uTofap,N,,,primary
Nutfa,53:46:2,n~uTofapK,نُّطْفَةٍ,n~uTofap,N,,,primary
Nutfa,75:37:3,nuTofapF,نُطْفَةً,n~uTofap,N,,,primary
Nutfa,76:2:5,n~uTofapK,نُّطْفَةٍ,n~uTofap,N,S,FS,primary
Nutfa,80:19:2,n~uTofapK,نُّطْفَةٍ,n~uTofap,N,,,primary
Alaqa,22:5:18,EalaqapK,عَلَقَةٍ,Ealaqap,N,,,primary
Alaqa,23:14:4,EalaqapF,عَلَقَةً,Ealaqap,N,,,primary
Alaqa,23:14:6,Ealaqapa,عَلَقَةَ,Ealaqap,N,,,primary
Alaqa,40:67:11,EalaqapK,عَلَقَةٍ,Ealaqap,N,,,primary
Alaqa,75:38:3,EalaqapF,عَلَقَةً,Ealaqap,N,,,primary
Alaqa,96:2:4,EalaqK,عَلَقٍ,Ealaq,N,,,variant:Ealaq
Mudgha,22:5:21,m~uDogapK,مُّضْغَةٍ,muDogap,N,,,primary
Mudgha,23:14:7,muDogapF,مُضْغَةً,muDogap,N,,,primary
Mudgha,23:14:9,muDogapa,مُضْغَةَ,muDogap,N,,,primary
Izam,6:146:23,EaZomK,عَظْمٍ,EaZom,N,,,primary
Izam,19:4:5,EaZomu,عَظْمُ,EaZom,N,,,primary
Izam,2:259:51,EiZaAmi,عِظَامِ,EaZiym,N,P,MP,variant:EaZiym
Izam,17:49:4,EiZa`mFA,عِظَٰمًا,EaZiym,N,P,MP,variant:EaZiym
Izam,17:98:9,EiZa`mFA,عِظَٰمًا,EaZiym,N,P,MP,variant:EaZiym
Izam,23:14:10,EiZa`mFA,عِظَٰمًا,EaZiym,N,P,MP,variant:EaZiym
Izam,23:14:12,EiZa`ma,عِظَٰمَ,EaZiym,N,P,MP,variant:EaZiym
Izam,23:35:7,EiZa`mFA,عِظَٰمًا,EaZiym,N,P,MP,variant:EaZiym
Izam,23:82:6,EiZa`mFA,عِظَٰمًا,EaZiym,N,P,MP,variant:EaZiym
Izam,36:78:9,EiZa`ma,عِظَٰمَ,EaZiym,N,P,MP,variant:EaZiym
Izam,37:16:5,EiZa`mFA,عِظَٰمًا,EaZiym,N,P,MP,variant:EaZiym
Izam,37:53:5,EiZa`mFA,عِظَٰمًا,EaZiym,N,P,MP,variant:EaZiym
Izam,56:47:7,EiZa`mFA,عِظَٰمًا,EaZiym,N,P,MP,variant:EaZiym
Izam,75:3:5,EiZaAma,عِظَامَ,EaZiym,N,P,MP,variant:EaZiym
Izam,79:11:3,EiZa`mFA,عِظَٰمًا,EaZiym,N,P,MP,variant:EaZiym
Lahm,2:173:6,laHoma,لَحْمَ,laHom,N,,,primary
Lahm,2:259:56,laHomFA,لَحْمًا,laHom,N,,,primary
Lahm,5:3:5,laHomu,لَحْمُ,laHom,N,,,primary
Lahm,6:145:20,laHoma,لَحْمَ,laHom,N,,,primary
Lahm,16:14:7,laHomFA,لَحْمًا,laHom,N,,,primary
Lahm,16:115:6,laHoma,لَحْمَ,laHom,N,,,primary
Lahm,22:37:4,luHuwmu,لُحُومُ,laHom,N,P,MP,primary
Lahm,23:14:13,laHomFA,لَحْمًا,laHom,N,,,primary
Lahm,35:12:15,laHomFA,لَحْمًا,laHom,N,,,primary
Lahm,49:12:22,laHoma,لَحْمَ,laHom,N,,,primary
Lahm,52:22:3,laHomK,لَحْمٍ,laHom,N,,,primary
Lahm,56:21:1,laHomi,لَحْمِ,laHom,N,,,primary
